nohup: ignoring input
[Resume] Loaded weights from soul_ichigo.pth!
=== Kamen Fight RL Trainer ===
Device: cpu | Games: 7800 | Roster Pool: ['nigo', 'v3', 'riderman', 'x', 'amazon']
------------------------------------------------------------
Battles: 1/7800 | Vs: v3       | Win Rate (Last 50):   0.0% | Speed: 2,023 steps/s (36 fights/min) | Elapsed: 1.7s
Battles: 4/7800 | Vs: amazon   | Win Rate (Last 50):   0.0% | Speed: 4,682 steps/s (84 fights/min) | Elapsed: 2.8s
Battles: 7/7800 | Vs: riderman | Win Rate (Last 50):   0.0% | Speed: 5,876 steps/s (107 fights/min) | Elapsed: 3.9s
Battles: 10/7800 | Vs: nigo     | Win Rate (Last 50):  10.0% | Speed: 6,562 steps/s (120 fights/min) | Elapsed: 5.0s
Battles: 13/7800 | Vs: x        | Win Rate (Last 50):   7.7% | Speed: 6,903 steps/s (125 fights/min) | Elapsed: 6.2s
Battles: 16/7800 | Vs: v3       | Win Rate (Last 50):  12.5% | Speed: 7,174 steps/s (130 fights/min) | Elapsed: 7.3s
Battles: 19/7800 | Vs: amazon   | Win Rate (Last 50):  15.8% | Speed: 7,172 steps/s (132 fights/min) | Elapsed: 8.6s
Battles: 22/7800 | Vs: riderman | Win Rate (Last 50):  18.2% | Speed: 7,393 steps/s (136 fights/min) | Elapsed: 9.7s
Battles: 25/7800 | Vs: nigo     | Win Rate (Last 50):  16.0% | Speed: 7,538 steps/s (139 fights/min) | Elapsed: 10.7s
Battles: 28/7800 | Vs: x        | Win Rate (Last 50):  14.3% | Speed: 7,571 steps/s (140 fights/min) | Elapsed: 11.9s
Battles: 31/7800 | Vs: v3       | Win Rate (Last 50):  12.9% | Speed: 7,656 steps/s (142 fights/min) | Elapsed: 13.1s
Battles: 34/7800 | Vs: amazon   | Win Rate (Last 50):  11.8% | Speed: 7,771 steps/s (144 fights/min) | Elapsed: 14.2s
Battles: 37/7800 | Vs: riderman | Win Rate (Last 50):  10.8% | Speed: 7,850 steps/s (145 fights/min) | Elapsed: 15.2s
Battles: 40/7800 | Vs: nigo     | Win Rate (Last 50):  12.5% | Speed: 7,938 steps/s (146 fights/min) | Elapsed: 16.3s
Battles: 43/7800 | Vs: x        | Win Rate (Last 50):  11.6% | Speed: 7,952 steps/s (146 fights/min) | Elapsed: 17.6s
Battles: 46/7800 | Vs: v3       | Win Rate (Last 50):  10.9% | Speed: 7,899 steps/s (145 fights/min) | Elapsed: 18.9s
Battles: 49/7800 | Vs: amazon   | Win Rate (Last 50):  10.2% | Speed: 7,962 steps/s (147 fights/min) | Elapsed: 19.9s
Battles: 52/7800 | Vs: riderman | Win Rate (Last 50):  10.0% | Speed: 8,011 steps/s (148 fights/min) | Elapsed: 21.0s
Battles: 55/7800 | Vs: nigo     | Win Rate (Last 50):  10.0% | Speed: 8,055 steps/s (149 fights/min) | Elapsed: 22.1s
Battles: 58/7800 | Vs: x        | Win Rate (Last 50):  10.0% | Speed: 8,054 steps/s (149 fights/min) | Elapsed: 23.3s
Battles: 61/7800 | Vs: v3       | Win Rate (Last 50):  10.0% | Speed: 8,104 steps/s (149 fights/min) | Elapsed: 24.4s
Battles: 64/7800 | Vs: amazon   | Win Rate (Last 50):  10.0% | Speed: 8,136 steps/s (150 fights/min) | Elapsed: 25.5s
Battles: 67/7800 | Vs: riderman | Win Rate (Last 50):  10.0% | Speed: 8,172 steps/s (151 fights/min) | Elapsed: 26.5s
Battles: 70/7800 | Vs: nigo     | Win Rate (Last 50):   8.0% | Speed: 8,196 steps/s (152 fights/min) | Elapsed: 27.6s
Battles: 73/7800 | Vs: x        | Win Rate (Last 50):   8.0% | Speed: 8,150 steps/s (151 fights/min) | Elapsed: 29.0s
Battles: 76/7800 | Vs: v3       | Win Rate (Last 50):   8.0% | Speed: 8,183 steps/s (151 fights/min) | Elapsed: 30.0s
Battles: 79/7800 | Vs: amazon   | Win Rate (Last 50):   8.0% | Speed: 8,210 steps/s (152 fights/min) | Elapsed: 31.2s
Battles: 82/7800 | Vs: riderman | Win Rate (Last 50):  10.0% | Speed: 8,233 steps/s (152 fights/min) | Elapsed: 32.3s
Battles: 85/7800 | Vs: nigo     | Win Rate (Last 50):  12.0% | Speed: 8,237 steps/s (151 fights/min) | Elapsed: 33.6s
Battles: 88/7800 | Vs: x        | Win Rate (Last 50):  12.0% | Speed: 8,255 steps/s (152 fights/min) | Elapsed: 34.7s
Battles: 91/7800 | Vs: v3       | Win Rate (Last 50):  10.0% | Speed: 8,274 steps/s (152 fights/min) | Elapsed: 35.8s
Battles: 94/7800 | Vs: amazon   | Win Rate (Last 50):  12.0% | Speed: 8,291 steps/s (152 fights/min) | Elapsed: 36.9s
Battles: 97/7800 | Vs: riderman | Win Rate (Last 50):  12.0% | Speed: 8,307 steps/s (153 fights/min) | Elapsed: 38.0s
Battles: 100/7800 | Vs: nigo     | Win Rate (Last 50):  12.0% | Speed: 8,274 steps/s (152 fights/min) | Elapsed: 39.3s
Battles: 103/7800 | Vs: x        | Win Rate (Last 50):  12.0% | Speed: 8,291 steps/s (153 fights/min) | Elapsed: 40.3s
Battles: 107/7800 | Vs: riderman | Win Rate (Last 50):  12.0% | Speed: 8,310 steps/s (153 fights/min) | Elapsed: 41.7s
Battles: 110/7800 | Vs: nigo     | Win Rate (Last 50):  10.0% | Speed: 8,326 steps/s (153 fights/min) | Elapsed: 42.9s
Battles: 113/7800 | Vs: x        | Win Rate (Last 50):  10.0% | Speed: 8,333 steps/s (154 fights/min) | Elapsed: 44.0s
Battles: 116/7800 | Vs: v3       | Win Rate (Last 50):   8.0% | Speed: 8,335 steps/s (154 fights/min) | Elapsed: 45.1s
Battles: 119/7800 | Vs: amazon   | Win Rate (Last 50):  10.0% | Speed: 8,348 steps/s (154 fights/min) | Elapsed: 46.2s
Battles: 122/7800 | Vs: riderman | Win Rate (Last 50):  10.0% | Speed: 8,358 steps/s (154 fights/min) | Elapsed: 47.4s
Battles: 125/7800 | Vs: nigo     | Win Rate (Last 50):  12.0% | Speed: 8,366 steps/s (154 fights/min) | Elapsed: 48.4s
Battles: 128/7800 | Vs: x        | Win Rate (Last 50):  12.0% | Speed: 8,346 steps/s (154 fights/min) | Elapsed: 49.7s
Battles: 131/7800 | Vs: v3       | Win Rate (Last 50):  10.0% | Speed: 8,346 steps/s (154 fights/min) | Elapsed: 50.9s
Battles: 134/7800 | Vs: amazon   | Win Rate (Last 50):  10.0% | Speed: 8,352 steps/s (154 fights/min) | Elapsed: 52.0s
Battles: 137/7800 | Vs: riderman | Win Rate (Last 50):  10.0% | Speed: 8,367 steps/s (154 fights/min) | Elapsed: 53.1s
Battles: 140/7800 | Vs: nigo     | Win Rate (Last 50):  10.0% | Speed: 8,370 steps/s (155 fights/min) | Elapsed: 54.1s
Battles: 143/7800 | Vs: x        | Win Rate (Last 50):   8.0% | Speed: 8,384 steps/s (155 fights/min) | Elapsed: 55.2s
Battles: 146/7800 | Vs: v3       | Win Rate (Last 50):  12.0% | Speed: 8,379 steps/s (155 fights/min) | Elapsed: 56.3s
Battles: 149/7800 | Vs: amazon   | Win Rate (Last 50):  12.0% | Speed: 8,387 steps/s (155 fights/min) | Elapsed: 57.5s
Battles: 152/7800 | Vs: riderman | Win Rate (Last 50):  14.0% | Speed: 8,395 steps/s (155 fights/min) | Elapsed: 58.6s
Battles: 155/7800 | Vs: nigo     | Win Rate (Last 50):  14.0% | Speed: 8,375 steps/s (155 fights/min) | Elapsed: 59.9s
Battles: 158/7800 | Vs: x        | Win Rate (Last 50):  14.0% | Speed: 8,379 steps/s (155 fights/min) | Elapsed: 61.0s
Battles: 161/7800 | Vs: v3       | Win Rate (Last 50):  14.0% | Speed: 8,372 steps/s (155 fights/min) | Elapsed: 62.3s
Battles: 164/7800 | Vs: amazon   | Win Rate (Last 50):  16.0% | Speed: 8,384 steps/s (155 fights/min) | Elapsed: 63.4s
Battles: 167/7800 | Vs: riderman | Win Rate (Last 50):  16.0% | Speed: 8,386 steps/s (154 fights/min) | Elapsed: 64.7s
Battles: 170/7800 | Vs: nigo     | Win Rate (Last 50):  12.0% | Speed: 8,397 steps/s (154 fights/min) | Elapsed: 65.8s
Battles: 173/7800 | Vs: x        | Win Rate (Last 50):  12.0% | Speed: 8,394 steps/s (154 fights/min) | Elapsed: 67.0s
Battles: 176/7800 | Vs: v3       | Win Rate (Last 50):  10.0% | Speed: 8,393 steps/s (154 fights/min) | Elapsed: 68.1s
Battles: 179/7800 | Vs: amazon   | Win Rate (Last 50):  12.0% | Speed: 8,399 steps/s (154 fights/min) | Elapsed: 69.3s
Battles: 182/7800 | Vs: riderman | Win Rate (Last 50):  12.0% | Speed: 8,390 steps/s (154 fights/min) | Elapsed: 70.6s
Battles: 185/7800 | Vs: nigo     | Win Rate (Last 50):  12.0% | Speed: 8,398 steps/s (154 fights/min) | Elapsed: 71.6s
Battles: 188/7800 | Vs: x        | Win Rate (Last 50):  12.0% | Speed: 8,389 steps/s (154 fights/min) | Elapsed: 72.8s
Battles: 191/7800 | Vs: v3       | Win Rate (Last 50):  12.0% | Speed: 8,400 steps/s (155 fights/min) | Elapsed: 73.9s
Battles: 194/7800 | Vs: amazon   | Win Rate (Last 50):  10.0% | Speed: 8,401 steps/s (155 fights/min) | Elapsed: 75.1s
Battles: 197/7800 | Vs: riderman | Win Rate (Last 50):  10.0% | Speed: 8,409 steps/s (155 fights/min) | Elapsed: 76.2s
Battles: 200/7800 | Vs: nigo     | Win Rate (Last 50):  12.0% | Speed: 8,410 steps/s (155 fights/min) | Elapsed: 77.4s
Battles: 203/7800 | Vs: x        | Win Rate (Last 50):  10.0% | Speed: 8,399 steps/s (154 fights/min) | Elapsed: 78.7s
Battles: 206/7800 | Vs: v3       | Win Rate (Last 50):  12.0% | Speed: 8,401 steps/s (155 fights/min) | Elapsed: 79.7s
Battles: 209/7800 | Vs: amazon   | Win Rate (Last 50):  12.0% | Speed: 8,392 steps/s (154 fights/min) | Elapsed: 80.9s
Battles: 212/7800 | Vs: riderman | Win Rate (Last 50):  12.0% | Speed: 8,400 steps/s (155 fights/min) | Elapsed: 82.0s
Battles: 215/7800 | Vs: nigo     | Win Rate (Last 50):  10.0% | Speed: 8,402 steps/s (155 fights/min) | Elapsed: 83.0s
Battles: 218/7800 | Vs: x        | Win Rate (Last 50):  10.0% | Speed: 8,401 steps/s (155 fights/min) | Elapsed: 84.2s
Battles: 221/7800 | Vs: v3       | Win Rate (Last 50):  10.0% | Speed: 8,402 steps/s (155 fights/min) | Elapsed: 85.5s
Battles: 224/7800 | Vs: amazon   | Win Rate (Last 50):  10.0% | Speed: 8,410 steps/s (155 fights/min) | Elapsed: 86.6s
Battles: 227/7800 | Vs: riderman | Win Rate (Last 50):  10.0% | Speed: 8,412 steps/s (155 fights/min) | Elapsed: 87.8s
Battles: 230/7800 | Vs: nigo     | Win Rate (Last 50):   8.0% | Speed: 8,410 steps/s (155 fights/min) | Elapsed: 89.0s
Battles: 233/7800 | Vs: x        | Win Rate (Last 50):   6.0% | Speed: 8,397 steps/s (154 fights/min) | Elapsed: 90.4s
Battles: 236/7800 | Vs: v3       | Win Rate (Last 50):   6.0% | Speed: 8,401 steps/s (154 fights/min) | Elapsed: 91.6s
Battles: 239/7800 | Vs: amazon   | Win Rate (Last 50):   6.0% | Speed: 8,405 steps/s (154 fights/min) | Elapsed: 92.7s
Battles: 242/7800 | Vs: riderman | Win Rate (Last 50):   6.0% | Speed: 8,409 steps/s (154 fights/min) | Elapsed: 93.8s
Battles: 245/7800 | Vs: nigo     | Win Rate (Last 50):   4.0% | Speed: 8,402 steps/s (154 fights/min) | Elapsed: 95.1s
Battles: 248/7800 | Vs: x        | Win Rate (Last 50):   4.0% | Speed: 8,408 steps/s (154 fights/min) | Elapsed: 96.2s
Battles: 251/7800 | Vs: v3       | Win Rate (Last 50):   2.0% | Speed: 8,412 steps/s (154 fights/min) | Elapsed: 97.4s
Battles: 254/7800 | Vs: amazon   | Win Rate (Last 50):   0.0% | Speed: 8,414 steps/s (154 fights/min) | Elapsed: 98.4s
Battles: 257/7800 | Vs: riderman | Win Rate (Last 50):   2.0% | Speed: 8,417 steps/s (154 fights/min) | Elapsed: 99.5s
Battles: 260/7800 | Vs: nigo     | Win Rate (Last 50):   4.0% | Speed: 8,400 steps/s (154 fights/min) | Elapsed: 100.8s
Battles: 263/7800 | Vs: x        | Win Rate (Last 50):   4.0% | Speed: 8,403 steps/s (154 fights/min) | Elapsed: 101.9s
Battles: 266/7800 | Vs: v3       | Win Rate (Last 50):   4.0% | Speed: 8,406 steps/s (154 fights/min) | Elapsed: 103.0s
Battles: 269/7800 | Vs: amazon   | Win Rate (Last 50):   6.0% | Speed: 8,409 steps/s (155 fights/min) | Elapsed: 104.1s
Battles: 272/7800 | Vs: riderman | Win Rate (Last 50):   6.0% | Speed: 8,411 steps/s (155 fights/min) | Elapsed: 105.2s
Battles: 275/7800 | Vs: nigo     | Win Rate (Last 50):   6.0% | Speed: 8,408 steps/s (155 fights/min) | Elapsed: 106.4s
Battles: 278/7800 | Vs: x        | Win Rate (Last 50):   6.0% | Speed: 8,411 steps/s (155 fights/min) | Elapsed: 107.5s
Battles: 281/7800 | Vs: v3       | Win Rate (Last 50):   8.0% | Speed: 8,412 steps/s (155 fights/min) | Elapsed: 108.7s
Battles: 284/7800 | Vs: amazon   | Win Rate (Last 50):   8.0% | Speed: 8,412 steps/s (154 fights/min) | Elapsed: 109.9s
Battles: 287/7800 | Vs: riderman | Win Rate (Last 50):   8.0% | Speed: 8,403 steps/s (154 fights/min) | Elapsed: 111.1s
Battles: 290/7800 | Vs: nigo     | Win Rate (Last 50):  10.0% | Speed: 8,403 steps/s (155 fights/min) | Elapsed: 112.2s
Battles: 293/7800 | Vs: x        | Win Rate (Last 50):  10.0% | Speed: 8,398 steps/s (154 fights/min) | Elapsed: 113.5s
Battles: 296/7800 | Vs: v3       | Win Rate (Last 50):  10.0% | Speed: 8,403 steps/s (154 fights/min) | Elapsed: 114.6s
Battles: 299/7800 | Vs: amazon   | Win Rate (Last 50):  10.0% | Speed: 8,403 steps/s (154 fights/min) | Elapsed: 115.9s
Battles: 302/7800 | Vs: riderman | Win Rate (Last 50):  10.0% | Speed: 8,398 steps/s (154 fights/min) | Elapsed: 117.2s
Battles: 305/7800 | Vs: nigo     | Win Rate (Last 50):  12.0% | Speed: 8,397 steps/s (154 fights/min) | Elapsed: 118.4s
Battles: 308/7800 | Vs: x        | Win Rate (Last 50):  10.0% | Speed: 8,402 steps/s (154 fights/min) | Elapsed: 119.5s
Battles: 311/7800 | Vs: v3       | Win Rate (Last 50):  10.0% | Speed: 8,400 steps/s (154 fights/min) | Elapsed: 120.7s
Battles: 314/7800 | Vs: amazon   | Win Rate (Last 50):  12.0% | Speed: 8,392 steps/s (154 fights/min) | Elapsed: 122.0s
Battles: 317/7800 | Vs: riderman | Win Rate (Last 50):  12.0% | Speed: 8,389 steps/s (154 fights/min) | Elapsed: 123.2s
Battles: 320/7800 | Vs: nigo     | Win Rate (Last 50):  10.0% | Speed: 8,391 steps/s (154 fights/min) | Elapsed: 124.3s
Battles: 323/7800 | Vs: x        | Win Rate (Last 50):  10.0% | Speed: 8,392 steps/s (154 fights/min) | Elapsed: 125.4s
Battles: 326/7800 | Vs: v3       | Win Rate (Last 50):  10.0% | Speed: 8,394 steps/s (154 fights/min) | Elapsed: 126.5s
Battles: 329/7800 | Vs: amazon   | Win Rate (Last 50):  10.0% | Speed: 8,396 steps/s (154 fights/min) | Elapsed: 127.7s
Battles: 332/7800 | Vs: riderman | Win Rate (Last 50):   8.0% | Speed: 8,392 steps/s (154 fights/min) | Elapsed: 128.9s
Battles: 335/7800 | Vs: nigo     | Win Rate (Last 50):  10.0% | Speed: 8,395 steps/s (154 fights/min) | Elapsed: 130.1s
Battles: 338/7800 | Vs: x        | Win Rate (Last 50):  10.0% | Speed: 8,396 steps/s (154 fights/min) | Elapsed: 131.2s
Battles: 341/7800 | Vs: v3       | Win Rate (Last 50):   8.0% | Speed: 8,388 steps/s (154 fights/min) | Elapsed: 132.4s
Battles: 344/7800 | Vs: amazon   | Win Rate (Last 50):   8.0% | Speed: 8,385 steps/s (154 fights/min) | Elapsed: 133.6s
Battles: 347/7800 | Vs: riderman | Win Rate (Last 50):   8.0% | Speed: 8,387 steps/s (154 fights/min) | Elapsed: 134.8s
Battles: 350/7800 | Vs: nigo     | Win Rate (Last 50):   8.0% | Speed: 8,388 steps/s (154 fights/min) | Elapsed: 135.8s
Battles: 353/7800 | Vs: x        | Win Rate (Last 50):   8.0% | Speed: 8,390 steps/s (154 fights/min) | Elapsed: 137.0s
Battles: 356/7800 | Vs: v3       | Win Rate (Last 50):   6.0% | Speed: 8,393 steps/s (154 fights/min) | Elapsed: 138.1s
Battles: 359/7800 | Vs: amazon   | Win Rate (Last 50):   4.0% | Speed: 8,383 steps/s (154 fights/min) | Elapsed: 139.5s
Battles: 362/7800 | Vs: riderman | Win Rate (Last 50):   4.0% | Speed: 8,383 steps/s (154 fights/min) | Elapsed: 140.6s
Battles: 365/7800 | Vs: nigo     | Win Rate (Last 50):   2.0% | Speed: 8,378 steps/s (154 fights/min) | Elapsed: 141.9s
Battles: 368/7800 | Vs: x        | Win Rate (Last 50):   2.0% | Speed: 8,380 steps/s (154 fights/min) | Elapsed: 143.1s
Battles: 371/7800 | Vs: v3       | Win Rate (Last 50):   2.0% | Speed: 8,379 steps/s (154 fights/min) | Elapsed: 144.4s
Battles: 374/7800 | Vs: amazon   | Win Rate (Last 50):   4.0% | Speed: 8,377 steps/s (154 fights/min) | Elapsed: 145.5s
Battles: 377/7800 | Vs: riderman | Win Rate (Last 50):   4.0% | Speed: 8,377 steps/s (154 fights/min) | Elapsed: 146.6s
Battles: 380/7800 | Vs: nigo     | Win Rate (Last 50):   4.0% | Speed: 8,380 steps/s (154 fights/min) | Elapsed: 147.6s
Battles: 383/7800 | Vs: x        | Win Rate (Last 50):   4.0% | Speed: 8,378 steps/s (154 fights/min) | Elapsed: 148.8s
Battles: 386/7800 | Vs: v3       | Win Rate (Last 50):   2.0% | Speed: 8,379 steps/s (154 fights/min) | Elapsed: 149.9s
Battles: 389/7800 | Vs: amazon   | Win Rate (Last 50):   2.0% | Speed: 8,376 steps/s (154 fights/min) | Elapsed: 151.3s
Battles: 392/7800 | Vs: riderman | Win Rate (Last 50):   2.0% | Speed: 8,371 steps/s (154 fights/min) | Elapsed: 152.5s
Battles: 395/7800 | Vs: nigo     | Win Rate (Last 50):   2.0% | Speed: 8,371 steps/s (154 fights/min) | Elapsed: 153.7s
Battles: 398/7800 | Vs: x        | Win Rate (Last 50):   2.0% | Speed: 8,374 steps/s (154 fights/min) | Elapsed: 154.7s
Battles: 401/7800 | Vs: v3       | Win Rate (Last 50):   2.0% | Speed: 8,367 steps/s (154 fights/min) | Elapsed: 155.9s
Battles: 404/7800 | Vs: amazon   | Win Rate (Last 50):   4.0% | Speed: 8,369 steps/s (154 fights/min) | Elapsed: 156.9s
Battles: 407/7800 | Vs: riderman | Win Rate (Last 50):   4.0% | Speed: 8,372 steps/s (154 fights/min) | Elapsed: 158.0s
Battles: 410/7800 | Vs: nigo     | Win Rate (Last 50):   4.0% | Speed: 8,370 steps/s (154 fights/min) | Elapsed: 159.2s
Battles: 413/7800 | Vs: x        | Win Rate (Last 50):   4.0% | Speed: 8,373 steps/s (154 fights/min) | Elapsed: 160.3s
Battles: 416/7800 | Vs: v3       | Win Rate (Last 50):   6.0% | Speed: 8,368 steps/s (154 fights/min) | Elapsed: 161.6s
Battles: 419/7800 | Vs: amazon   | Win Rate (Last 50):   6.0% | Speed: 8,363 steps/s (154 fights/min) | Elapsed: 162.7s
Battles: 422/7800 | Vs: riderman | Win Rate (Last 50):   6.0% | Speed: 8,363 steps/s (154 fights/min) | Elapsed: 163.9s
Battles: 425/7800 | Vs: nigo     | Win Rate (Last 50):   4.0% | Speed: 8,365 steps/s (154 fights/min) | Elapsed: 164.9s
Battles: 428/7800 | Vs: x        | Win Rate (Last 50):   4.0% | Speed: 8,364 steps/s (154 fights/min) | Elapsed: 166.2s
Battles: 431/7800 | Vs: v3       | Win Rate (Last 50):   6.0% | Speed: 8,360 steps/s (154 fights/min) | Elapsed: 167.3s
Battles: 434/7800 | Vs: amazon   | Win Rate (Last 50):   8.0% | Speed: 8,361 steps/s (154 fights/min) | Elapsed: 168.5s
Battles: 437/7800 | Vs: riderman | Win Rate (Last 50):   8.0% | Speed: 8,361 steps/s (154 fights/min) | Elapsed: 169.6s
Battles: 440/7800 | Vs: nigo     | Win Rate (Last 50):   8.0% | Speed: 8,364 steps/s (154 fights/min) | Elapsed: 170.8s
Battles: 443/7800 | Vs: x        | Win Rate (Last 50):   8.0% | Speed: 8,361 steps/s (154 fights/min) | Elapsed: 171.9s
Battles: 445/7800 | Vs: nigo     | Win Rate (Last 50):   8.0% | Speed: 8,354 steps/s (154 fights/min) | Elapsed: 173.0s
Battles: 448/7800 | Vs: x        | Win Rate (Last 50):   8.0% | Speed: 8,353 steps/s (154 fights/min) | Elapsed: 174.1s
Battles: 451/7800 | Vs: v3       | Win Rate (Last 50):   8.0% | Speed: 8,355 steps/s (154 fights/min) | Elapsed: 175.3s
Battles: 454/7800 | Vs: amazon   | Win Rate (Last 50):   8.0% | Speed: 8,354 steps/s (154 fights/min) | Elapsed: 176.4s
Battles: 457/7800 | Vs: riderman | Win Rate (Last 50):   8.0% | Speed: 8,352 steps/s (154 fights/min) | Elapsed: 177.6s
Battles: 460/7800 | Vs: nigo     | Win Rate (Last 50):  10.0% | Speed: 8,351 steps/s (154 fights/min) | Elapsed: 178.8s
Battles: 463/7800 | Vs: x        | Win Rate (Last 50):  10.0% | Speed: 8,352 steps/s (154 fights/min) | Elapsed: 179.9s
Battles: 466/7800 | Vs: v3       | Win Rate (Last 50):   8.0% | Speed: 8,353 steps/s (154 fights/min) | Elapsed: 181.1s
Battles: 469/7800 | Vs: amazon   | Win Rate (Last 50):  10.0% | Speed: 8,351 steps/s (154 fights/min) | Elapsed: 182.3s
Battles: 472/7800 | Vs: riderman | Win Rate (Last 50):  10.0% | Speed: 8,343 steps/s (154 fights/min) | Elapsed: 183.7s
Battles: 475/7800 | Vs: nigo     | Win Rate (Last 50):  12.0% | Speed: 8,343 steps/s (154 fights/min) | Elapsed: 184.9s
Battles: 478/7800 | Vs: x        | Win Rate (Last 50):  14.0% | Speed: 8,343 steps/s (154 fights/min) | Elapsed: 186.0s
Battles: 481/7800 | Vs: v3       | Win Rate (Last 50):  12.0% | Speed: 8,343 steps/s (154 fights/min) | Elapsed: 187.2s
Battles: 484/7800 | Vs: amazon   | Win Rate (Last 50):  10.0% | Speed: 8,343 steps/s (154 fights/min) | Elapsed: 188.3s
Battles: 487/7800 | Vs: riderman | Win Rate (Last 50):  10.0% | Speed: 8,340 steps/s (154 fights/min) | Elapsed: 189.5s
Battles: 490/7800 | Vs: nigo     | Win Rate (Last 50):  10.0% | Speed: 8,341 steps/s (154 fights/min) | Elapsed: 190.7s
Battles: 493/7800 | Vs: x        | Win Rate (Last 50):  10.0% | Speed: 8,341 steps/s (154 fights/min) | Elapsed: 191.9s
Battles: 496/7800 | Vs: v3       | Win Rate (Last 50):  10.0% | Speed: 8,335 steps/s (154 fights/min) | Elapsed: 193.2s
Battles: 499/7800 | Vs: amazon   | Win Rate (Last 50):  10.0% | Speed: 8,332 steps/s (154 fights/min) | Elapsed: 194.4s
Battles: 502/7800 | Vs: riderman | Win Rate (Last 50):  10.0% | Speed: 8,332 steps/s (154 fights/min) | Elapsed: 195.5s
Battles: 505/7800 | Vs: nigo     | Win Rate (Last 50):  10.0% | Speed: 8,330 steps/s (154 fights/min) | Elapsed: 196.6s
Battles: 508/7800 | Vs: x        | Win Rate (Last 50):  10.0% | Speed: 8,332 steps/s (154 fights/min) | Elapsed: 197.8s
Battles: 511/7800 | Vs: v3       | Win Rate (Last 50):  10.0% | Speed: 8,329 steps/s (154 fights/min) | Elapsed: 198.9s
Battles: 514/7800 | Vs: amazon   | Win Rate (Last 50):  10.0% | Speed: 8,325 steps/s (153 fights/min) | Elapsed: 200.3s
Battles: 517/7800 | Vs: riderman | Win Rate (Last 50):  10.0% | Speed: 8,327 steps/s (154 fights/min) | Elapsed: 201.4s
Battles: 520/7800 | Vs: nigo     | Win Rate (Last 50):  10.0% | Speed: 8,326 steps/s (154 fights/min) | Elapsed: 202.5s
Battles: 523/7800 | Vs: x        | Win Rate (Last 50):  10.0% | Speed: 8,321 steps/s (153 fights/min) | Elapsed: 203.8s
Battles: 526/7800 | Vs: v3       | Win Rate (Last 50):  10.0% | Speed: 8,319 steps/s (153 fights/min) | Elapsed: 205.0s
Battles: 529/7800 | Vs: amazon   | Win Rate (Last 50):   8.0% | Speed: 8,319 steps/s (153 fights/min) | Elapsed: 206.2s
Battles: 532/7800 | Vs: riderman | Win Rate (Last 50):   8.0% | Speed: 8,317 steps/s (153 fights/min) | Elapsed: 207.3s
Battles: 535/7800 | Vs: nigo     | Win Rate (Last 50):  10.0% | Speed: 8,318 steps/s (154 fights/min) | Elapsed: 208.4s
Battles: 538/7800 | Vs: x        | Win Rate (Last 50):  10.0% | Speed: 8,318 steps/s (153 fights/min) | Elapsed: 209.6s
Battles: 541/7800 | Vs: v3       | Win Rate (Last 50):  10.0% | Speed: 8,315 steps/s (153 fights/min) | Elapsed: 210.9s
Battles: 544/7800 | Vs: amazon   | Win Rate (Last 50):  10.0% | Speed: 8,315 steps/s (153 fights/min) | Elapsed: 212.0s
Battles: 547/7800 | Vs: riderman | Win Rate (Last 50):  10.0% | Speed: 8,315 steps/s (153 fights/min) | Elapsed: 213.3s
Battles: 550/7800 | Vs: nigo     | Win Rate (Last 50):  12.0% | Speed: 8,310 steps/s (153 fights/min) | Elapsed: 214.6s
Battles: 553/7800 | Vs: x        | Win Rate (Last 50):  12.0% | Speed: 8,311 steps/s (153 fights/min) | Elapsed: 215.8s
Battles: 556/7800 | Vs: v3       | Win Rate (Last 50):  12.0% | Speed: 8,306 steps/s (153 fights/min) | Elapsed: 217.0s
Battles: 559/7800 | Vs: amazon   | Win Rate (Last 50):  10.0% | Speed: 8,308 steps/s (153 fights/min) | Elapsed: 218.3s
Battles: 562/7800 | Vs: riderman | Win Rate (Last 50):  10.0% | Speed: 8,306 steps/s (153 fights/min) | Elapsed: 219.4s
Battles: 565/7800 | Vs: nigo     | Win Rate (Last 50):  10.0% | Speed: 8,307 steps/s (153 fights/min) | Elapsed: 220.4s
Battles: 568/7800 | Vs: x        | Win Rate (Last 50):  10.0% | Speed: 8,307 steps/s (153 fights/min) | Elapsed: 221.6s
Battles: 571/7800 | Vs: v3       | Win Rate (Last 50):   8.0% | Speed: 8,303 steps/s (153 fights/min) | Elapsed: 222.8s
Battles: 574/7800 | Vs: amazon   | Win Rate (Last 50):   8.0% | Speed: 8,298 steps/s (153 fights/min) | Elapsed: 224.2s
Battles: 577/7800 | Vs: riderman | Win Rate (Last 50):   8.0% | Speed: 8,298 steps/s (153 fights/min) | Elapsed: 225.4s
Battles: 580/7800 | Vs: nigo     | Win Rate (Last 50):   8.0% | Speed: 8,299 steps/s (153 fights/min) | Elapsed: 226.6s
Battles: 583/7800 | Vs: x        | Win Rate (Last 50):   8.0% | Speed: 8,295 steps/s (153 fights/min) | Elapsed: 227.9s
Battles: 586/7800 | Vs: v3       | Win Rate (Last 50):   6.0% | Speed: 8,295 steps/s (153 fights/min) | Elapsed: 229.0s
Battles: 589/7800 | Vs: amazon   | Win Rate (Last 50):   8.0% | Speed: 8,295 steps/s (153 fights/min) | Elapsed: 230.2s
Battles: 592/7800 | Vs: riderman | Win Rate (Last 50):   8.0% | Speed: 8,294 steps/s (153 fights/min) | Elapsed: 231.3s
Battles: 595/7800 | Vs: nigo     | Win Rate (Last 50):   8.0% | Speed: 8,294 steps/s (153 fights/min) | Elapsed: 232.5s
Battles: 598/7800 | Vs: x        | Win Rate (Last 50):   8.0% | Speed: 8,291 steps/s (153 fights/min) | Elapsed: 233.8s
Battles: 601/7800 | Vs: v3       | Win Rate (Last 50):   8.0% | Speed: 8,286 steps/s (153 fights/min) | Elapsed: 235.1s
Battles: 604/7800 | Vs: amazon   | Win Rate (Last 50):   8.0% | Speed: 8,286 steps/s (153 fights/min) | Elapsed: 236.2s
Battles: 607/7800 | Vs: riderman | Win Rate (Last 50):  10.0% | Speed: 8,286 steps/s (153 fights/min) | Elapsed: 237.3s
Battles: 610/7800 | Vs: nigo     | Win Rate (Last 50):  10.0% | Speed: 8,283 steps/s (153 fights/min) | Elapsed: 238.5s
Battles: 613/7800 | Vs: x        | Win Rate (Last 50):  10.0% | Speed: 8,282 steps/s (153 fights/min) | Elapsed: 239.8s
Battles: 616/7800 | Vs: v3       | Win Rate (Last 50):  10.0% | Speed: 8,282 steps/s (153 fights/min) | Elapsed: 241.0s
Battles: 619/7800 | Vs: amazon   | Win Rate (Last 50):  10.0% | Speed: 8,282 steps/s (153 fights/min) | Elapsed: 242.1s
Battles: 622/7800 | Vs: riderman | Win Rate (Last 50):  10.0% | Speed: 8,282 steps/s (153 fights/min) | Elapsed: 243.3s
Battles: 624/7800 | Vs: amazon   | Win Rate (Last 50):   8.0% | Speed: 8,274 steps/s (153 fights/min) | Elapsed: 244.4s
Battles: 627/7800 | Vs: riderman | Win Rate (Last 50):   8.0% | Speed: 8,273 steps/s (153 fights/min) | Elapsed: 245.7s
Battles: 630/7800 | Vs: nigo     | Win Rate (Last 50):   8.0% | Speed: 8,273 steps/s (153 fights/min) | Elapsed: 246.8s
Battles: 633/7800 | Vs: x        | Win Rate (Last 50):   8.0% | Speed: 8,271 steps/s (153 fights/min) | Elapsed: 247.9s
Battles: 636/7800 | Vs: v3       | Win Rate (Last 50):   8.0% | Speed: 8,272 steps/s (153 fights/min) | Elapsed: 249.1s
Battles: 639/7800 | Vs: amazon   | Win Rate (Last 50):   8.0% | Speed: 8,268 steps/s (153 fights/min) | Elapsed: 250.3s
Battles: 642/7800 | Vs: riderman | Win Rate (Last 50):   8.0% | Speed: 8,269 steps/s (153 fights/min) | Elapsed: 251.4s
Battles: 645/7800 | Vs: nigo     | Win Rate (Last 50):  10.0% | Speed: 8,268 steps/s (153 fights/min) | Elapsed: 252.7s
Battles: 648/7800 | Vs: x        | Win Rate (Last 50):  10.0% | Speed: 8,269 steps/s (153 fights/min) | Elapsed: 253.8s
Battles: 651/7800 | Vs: v3       | Win Rate (Last 50):   8.0% | Speed: 8,262 steps/s (153 fights/min) | Elapsed: 255.2s
Battles: 654/7800 | Vs: amazon   | Win Rate (Last 50):   8.0% | Speed: 8,261 steps/s (153 fights/min) | Elapsed: 256.4s
Battles: 657/7800 | Vs: riderman | Win Rate (Last 50):   6.0% | Speed: 8,261 steps/s (152 fights/min) | Elapsed: 257.7s
Battles: 660/7800 | Vs: nigo     | Win Rate (Last 50):   6.0% | Speed: 8,258 steps/s (152 fights/min) | Elapsed: 259.0s
Battles: 663/7800 | Vs: x        | Win Rate (Last 50):   6.0% | Speed: 8,257 steps/s (152 fights/min) | Elapsed: 260.2s
Battles: 666/7800 | Vs: v3       | Win Rate (Last 50):   8.0% | Speed: 8,256 steps/s (152 fights/min) | Elapsed: 261.6s
Battles: 669/7800 | Vs: amazon   | Win Rate (Last 50):   8.0% | Speed: 8,255 steps/s (152 fights/min) | Elapsed: 262.8s
Battles: 672/7800 | Vs: riderman | Win Rate (Last 50):   8.0% | Speed: 8,255 steps/s (152 fights/min) | Elapsed: 263.9s
Battles: 675/7800 | Vs: nigo     | Win Rate (Last 50):  10.0% | Speed: 8,251 steps/s (152 fights/min) | Elapsed: 265.2s
Battles: 678/7800 | Vs: x        | Win Rate (Last 50):  10.0% | Speed: 8,248 steps/s (152 fights/min) | Elapsed: 266.5s
Battles: 681/7800 | Vs: v3       | Win Rate (Last 50):  12.0% | Speed: 8,249 steps/s (152 fights/min) | Elapsed: 267.6s
Battles: 684/7800 | Vs: amazon   | Win Rate (Last 50):  12.0% | Speed: 8,247 steps/s (152 fights/min) | Elapsed: 268.9s
Battles: 687/7800 | Vs: riderman | Win Rate (Last 50):  12.0% | Speed: 8,246 steps/s (152 fights/min) | Elapsed: 270.1s
Battles: 690/7800 | Vs: nigo     | Win Rate (Last 50):  10.0% | Speed: 8,246 steps/s (152 fights/min) | Elapsed: 271.3s
Battles: 693/7800 | Vs: x        | Win Rate (Last 50):  10.0% | Speed: 8,244 steps/s (152 fights/min) | Elapsed: 272.7s
Battles: 696/7800 | Vs: v3       | Win Rate (Last 50):   8.0% | Speed: 8,244 steps/s (152 fights/min) | Elapsed: 273.9s
Battles: 699/7800 | Vs: amazon   | Win Rate (Last 50):   8.0% | Speed: 8,243 steps/s (152 fights/min) | Elapsed: 275.1s
Battles: 702/7800 | Vs: riderman | Win Rate (Last 50):   8.0% | Speed: 8,239 steps/s (152 fights/min) | Elapsed: 276.3s
Battles: 705/7800 | Vs: nigo     | Win Rate (Last 50):   8.0% | Speed: 8,237 steps/s (152 fights/min) | Elapsed: 277.6s
Battles: 708/7800 | Vs: x        | Win Rate (Last 50):   8.0% | Speed: 8,235 steps/s (152 fights/min) | Elapsed: 278.8s
Battles: 711/7800 | Vs: v3       | Win Rate (Last 50):   8.0% | Speed: 8,236 steps/s (152 fights/min) | Elapsed: 280.0s
Battles: 714/7800 | Vs: amazon   | Win Rate (Last 50):   8.0% | Speed: 8,235 steps/s (152 fights/min) | Elapsed: 281.3s
Battles: 717/7800 | Vs: riderman | Win Rate (Last 50):   8.0% | Speed: 8,235 steps/s (152 fights/min) | Elapsed: 282.4s
Battles: 720/7800 | Vs: nigo     | Win Rate (Last 50):   8.0% | Speed: 8,232 steps/s (152 fights/min) | Elapsed: 283.7s
Battles: 723/7800 | Vs: x        | Win Rate (Last 50):   8.0% | Speed: 8,233 steps/s (152 fights/min) | Elapsed: 284.8s
Battles: 726/7800 | Vs: v3       | Win Rate (Last 50):   8.0% | Speed: 8,228 steps/s (152 fights/min) | Elapsed: 286.1s
Battles: 729/7800 | Vs: amazon   | Win Rate (Last 50):   6.0% | Speed: 8,228 steps/s (152 fights/min) | Elapsed: 287.4s
Battles: 732/7800 | Vs: riderman | Win Rate (Last 50):   8.0% | Speed: 8,224 steps/s (152 fights/min) | Elapsed: 288.8s
Battles: 735/7800 | Vs: nigo     | Win Rate (Last 50):   8.0% | Speed: 8,224 steps/s (152 fights/min) | Elapsed: 290.0s
Battles: 738/7800 | Vs: x        | Win Rate (Last 50):   8.0% | Speed: 8,223 steps/s (152 fights/min) | Elapsed: 291.3s
Battles: 741/7800 | Vs: v3       | Win Rate (Last 50):   8.0% | Speed: 8,224 steps/s (152 fights/min) | Elapsed: 292.4s
Battles: 744/7800 | Vs: amazon   | Win Rate (Last 50):   8.0% | Speed: 8,222 steps/s (151 fights/min) | Elapsed: 293.8s
Battles: 747/7800 | Vs: riderman | Win Rate (Last 50):   8.0% | Speed: 8,221 steps/s (151 fights/min) | Elapsed: 295.0s
Battles: 750/7800 | Vs: nigo     | Win Rate (Last 50):  10.0% | Speed: 8,216 steps/s (151 fights/min) | Elapsed: 296.2s
Battles: 753/7800 | Vs: x        | Win Rate (Last 50):  10.0% | Speed: 8,216 steps/s (151 fights/min) | Elapsed: 297.4s
Battles: 756/7800 | Vs: v3       | Win Rate (Last 50):  10.0% | Speed: 8,215 steps/s (151 fights/min) | Elapsed: 298.6s
Battles: 759/7800 | Vs: amazon   | Win Rate (Last 50):  10.0% | Speed: 8,212 steps/s (151 fights/min) | Elapsed: 299.9s
Battles: 762/7800 | Vs: riderman | Win Rate (Last 50):  10.0% | Speed: 8,210 steps/s (151 fights/min) | Elapsed: 301.2s
Battles: 765/7800 | Vs: nigo     | Win Rate (Last 50):   8.0% | Speed: 8,208 steps/s (151 fights/min) | Elapsed: 302.4s
Battles: 768/7800 | Vs: x        | Win Rate (Last 50):  10.0% | Speed: 8,202 steps/s (151 fights/min) | Elapsed: 303.9s
Battles: 771/7800 | Vs: v3       | Win Rate (Last 50):  10.0% | Speed: 8,199 steps/s (151 fights/min) | Elapsed: 305.2s
Battles: 773/7800 | Vs: x        | Win Rate (Last 50):  10.0% | Speed: 8,189 steps/s (151 fights/min) | Elapsed: 306.4s
Battles: 776/7800 | Vs: v3       | Win Rate (Last 50):   8.0% | Speed: 8,181 steps/s (151 fights/min) | Elapsed: 307.8s
Battles: 779/7800 | Vs: amazon   | Win Rate (Last 50):   8.0% | Speed: 8,176 steps/s (151 fights/min) | Elapsed: 309.2s
Battles: 782/7800 | Vs: riderman | Win Rate (Last 50):   6.0% | Speed: 8,169 steps/s (151 fights/min) | Elapsed: 310.6s
Battles: 784/7800 | Vs: amazon   | Win Rate (Last 50):   6.0% | Speed: 8,165 steps/s (150 fights/min) | Elapsed: 311.6s
Battles: 786/7800 | Vs: v3       | Win Rate (Last 50):   6.0% | Speed: 8,160 steps/s (150 fights/min) | Elapsed: 312.7s
Battles: 788/7800 | Vs: x        | Win Rate (Last 50):   6.0% | Speed: 8,156 steps/s (150 fights/min) | Elapsed: 313.7s
Battles: 791/7800 | Vs: v3       | Win Rate (Last 50):   8.0% | Speed: 8,151 steps/s (150 fights/min) | Elapsed: 315.1s
Battles: 793/7800 | Vs: x        | Win Rate (Last 50):  10.0% | Speed: 8,145 steps/s (150 fights/min) | Elapsed: 316.2s
Battles: 795/7800 | Vs: nigo     | Win Rate (Last 50):  10.0% | Speed: 8,137 steps/s (150 fights/min) | Elapsed: 317.2s
Battles: 797/7800 | Vs: riderman | Win Rate (Last 50):  10.0% | Speed: 8,127 steps/s (150 fights/min) | Elapsed: 318.4s
Battles: 798/7800 | Vs: x        | Win Rate (Last 50):  10.0% | Speed: 8,112 steps/s (149 fights/min) | Elapsed: 319.4s
Battles: 800/7800 | Vs: nigo     | Win Rate (Last 50):  10.0% | Speed: 8,102 steps/s (149 fights/min) | Elapsed: 320.5s
Battles: 802/7800 | Vs: riderman | Win Rate (Last 50):  10.0% | Speed: 8,096 steps/s (149 fights/min) | Elapsed: 321.6s
Battles: 804/7800 | Vs: amazon   | Win Rate (Last 50):   8.0% | Speed: 8,083 steps/s (149 fights/min) | Elapsed: 322.9s
Battles: 806/7800 | Vs: v3       | Win Rate (Last 50):   8.0% | Speed: 8,073 steps/s (149 fights/min) | Elapsed: 324.1s
Battles: 808/7800 | Vs: x        | Win Rate (Last 50):   8.0% | Speed: 8,056 steps/s (148 fights/min) | Elapsed: 325.6s
Battles: 810/7800 | Vs: nigo     | Win Rate (Last 50):  10.0% | Speed: 8,030 steps/s (148 fights/min) | Elapsed: 327.4s
Battles: 812/7800 | Vs: riderman | Win Rate (Last 50):  10.0% | Speed: 8,010 steps/s (148 fights/min) | Elapsed: 329.0s
Battles: 814/7800 | Vs: amazon   | Win Rate (Last 50):  12.0% | Speed: 7,990 steps/s (147 fights/min) | Elapsed: 330.6s
Battles: 816/7800 | Vs: v3       | Win Rate (Last 50):  10.0% | Speed: 7,971 steps/s (147 fights/min) | Elapsed: 332.2s
Battles: 818/7800 | Vs: x        | Win Rate (Last 50):  10.0% | Speed: 7,952 steps/s (147 fights/min) | Elapsed: 333.8s
Battles: 820/7800 | Vs: nigo     | Win Rate (Last 50):  10.0% | Speed: 7,934 steps/s (146 fights/min) | Elapsed: 335.3s
Battles: 822/7800 | Vs: riderman | Win Rate (Last 50):  10.0% | Speed: 7,918 steps/s (146 fights/min) | Elapsed: 336.8s
Battles: 824/7800 | Vs: amazon   | Win Rate (Last 50):  12.0% | Speed: 7,898 steps/s (146 fights/min) | Elapsed: 338.5s
Battles: 826/7800 | Vs: v3       | Win Rate (Last 50):  12.0% | Speed: 7,890 steps/s (145 fights/min) | Elapsed: 339.6s
Battles: 829/7800 | Vs: amazon   | Win Rate (Last 50):  12.0% | Speed: 7,882 steps/s (145 fights/min) | Elapsed: 341.2s
Battles: 831/7800 | Vs: v3       | Win Rate (Last 50):  12.0% | Speed: 7,872 steps/s (145 fights/min) | Elapsed: 342.4s
Battles: 833/7800 | Vs: x        | Win Rate (Last 50):  12.0% | Speed: 7,864 steps/s (145 fights/min) | Elapsed: 343.5s
Battles: 834/7800 | Vs: amazon   | Win Rate (Last 50):  14.0% | Speed: 7,851 steps/s (145 fights/min) | Elapsed: 344.6s
Battles: 836/7800 | Vs: v3       | Win Rate (Last 50):  14.0% | Speed: 7,834 steps/s (144 fights/min) | Elapsed: 346.2s
Battles: 838/7800 | Vs: x        | Win Rate (Last 50):  14.0% | Speed: 7,825 steps/s (144 fights/min) | Elapsed: 347.4s
Battles: 839/7800 | Vs: amazon   | Win Rate (Last 50):  12.0% | Speed: 7,811 steps/s (144 fights/min) | Elapsed: 348.5s
Battles: 841/7800 | Vs: v3       | Win Rate (Last 50):  12.0% | Speed: 7,790 steps/s (144 fights/min) | Elapsed: 350.3s
Battles: 843/7800 | Vs: x        | Win Rate (Last 50):  10.0% | Speed: 7,771 steps/s (143 fights/min) | Elapsed: 351.9s
Battles: 845/7800 | Vs: nigo     | Win Rate (Last 50):  10.0% | Speed: 7,756 steps/s (143 fights/min) | Elapsed: 353.5s
Battles: 847/7800 | Vs: riderman | Win Rate (Last 50):  10.0% | Speed: 7,737 steps/s (143 fights/min) | Elapsed: 355.3s
Battles: 849/7800 | Vs: amazon   | Win Rate (Last 50):  10.0% | Speed: 7,722 steps/s (142 fights/min) | Elapsed: 356.7s
Battles: 851/7800 | Vs: v3       | Win Rate (Last 50):  10.0% | Speed: 7,713 steps/s (142 fights/min) | Elapsed: 358.0s
Battles: 853/7800 | Vs: x        | Win Rate (Last 50):  10.0% | Speed: 7,703 steps/s (142 fights/min) | Elapsed: 359.2s
Battles: 856/7800 | Vs: v3       | Win Rate (Last 50):  10.0% | Speed: 7,690 steps/s (142 fights/min) | Elapsed: 361.1s
Battles: 858/7800 | Vs: x        | Win Rate (Last 50):  10.0% | Speed: 7,681 steps/s (142 fights/min) | Elapsed: 362.3s
Battles: 860/7800 | Vs: nigo     | Win Rate (Last 50):   8.0% | Speed: 7,678 steps/s (142 fights/min) | Elapsed: 363.3s
Battles: 863/7800 | Vs: x        | Win Rate (Last 50):   8.0% | Speed: 7,677 steps/s (141 fights/min) | Elapsed: 364.7s
Battles: 866/7800 | Vs: v3       | Win Rate (Last 50):   6.0% | Speed: 7,674 steps/s (141 fights/min) | Elapsed: 366.0s
Battles: 868/7800 | Vs: x        | Win Rate (Last 50):   6.0% | Speed: 7,670 steps/s (141 fights/min) | Elapsed: 367.1s
Battles: 871/7800 | Vs: v3       | Win Rate (Last 50):   8.0% | Speed: 7,667 steps/s (141 fights/min) | Elapsed: 368.6s
Battles: 873/7800 | Vs: x        | Win Rate (Last 50):   8.0% | Speed: 7,664 steps/s (141 fights/min) | Elapsed: 369.7s
Battles: 876/7800 | Vs: v3       | Win Rate (Last 50):   6.0% | Speed: 7,662 steps/s (141 fights/min) | Elapsed: 371.1s
Battles: 879/7800 | Vs: amazon   | Win Rate (Last 50):   8.0% | Speed: 7,658 steps/s (141 fights/min) | Elapsed: 372.5s
Battles: 882/7800 | Vs: riderman | Win Rate (Last 50):   8.0% | Speed: 7,658 steps/s (141 fights/min) | Elapsed: 373.8s
Battles: 885/7800 | Vs: nigo     | Win Rate (Last 50):   6.0% | Speed: 7,656 steps/s (141 fights/min) | Elapsed: 375.1s
Battles: 888/7800 | Vs: x        | Win Rate (Last 50):   8.0% | Speed: 7,655 steps/s (141 fights/min) | Elapsed: 376.2s
Battles: 891/7800 | Vs: v3       | Win Rate (Last 50):   8.0% | Speed: 7,653 steps/s (141 fights/min) | Elapsed: 377.6s
Battles: 894/7800 | Vs: amazon   | Win Rate (Last 50):   8.0% | Speed: 7,646 steps/s (141 fights/min) | Elapsed: 379.3s
Battles: 897/7800 | Vs: riderman | Win Rate (Last 50):   8.0% | Speed: 7,644 steps/s (141 fights/min) | Elapsed: 380.7s
Battles: 900/7800 | Vs: nigo     | Win Rate (Last 50):   6.0% | Speed: 7,643 steps/s (141 fights/min) | Elapsed: 382.0s
Battles: 903/7800 | Vs: x        | Win Rate (Last 50):   6.0% | Speed: 7,640 steps/s (141 fights/min) | Elapsed: 383.5s
Battles: 906/7800 | Vs: v3       | Win Rate (Last 50):   8.0% | Speed: 7,639 steps/s (141 fights/min) | Elapsed: 384.8s
Battles: 909/7800 | Vs: amazon   | Win Rate (Last 50):  10.0% | Speed: 7,637 steps/s (141 fights/min) | Elapsed: 386.0s
Battles: 912/7800 | Vs: riderman | Win Rate (Last 50):  10.0% | Speed: 7,636 steps/s (141 fights/min) | Elapsed: 387.4s
Battles: 915/7800 | Vs: nigo     | Win Rate (Last 50):  12.0% | Speed: 7,635 steps/s (141 fights/min) | Elapsed: 388.6s
Battles: 917/7800 | Vs: riderman | Win Rate (Last 50):  12.0% | Speed: 7,630 steps/s (141 fights/min) | Elapsed: 389.7s
Battles: 920/7800 | Vs: nigo     | Win Rate (Last 50):  10.0% | Speed: 7,628 steps/s (141 fights/min) | Elapsed: 391.2s
Battles: 923/7800 | Vs: x        | Win Rate (Last 50):  10.0% | Speed: 7,626 steps/s (141 fights/min) | Elapsed: 392.5s
Battles: 926/7800 | Vs: v3       | Win Rate (Last 50):  12.0% | Speed: 7,625 steps/s (141 fights/min) | Elapsed: 393.8s
Battles: 928/7800 | Vs: x        | Win Rate (Last 50):  12.0% | Speed: 7,622 steps/s (141 fights/min) | Elapsed: 394.8s
Battles: 931/7800 | Vs: v3       | Win Rate (Last 50):  10.0% | Speed: 7,620 steps/s (140 fights/min) | Elapsed: 396.2s
Battles: 934/7800 | Vs: amazon   | Win Rate (Last 50):  10.0% | Speed: 7,618 steps/s (140 fights/min) | Elapsed: 397.5s
Battles: 937/7800 | Vs: riderman | Win Rate (Last 50):   8.0% | Speed: 7,616 steps/s (140 fights/min) | Elapsed: 398.9s
Battles: 939/7800 | Vs: amazon   | Win Rate (Last 50):  10.0% | Speed: 7,612 steps/s (140 fights/min) | Elapsed: 399.9s
Battles: 942/7800 | Vs: riderman | Win Rate (Last 50):  10.0% | Speed: 7,608 steps/s (140 fights/min) | Elapsed: 401.4s
Battles: 945/7800 | Vs: nigo     | Win Rate (Last 50):  10.0% | Speed: 7,608 steps/s (140 fights/min) | Elapsed: 402.7s
Battles: 948/7800 | Vs: x        | Win Rate (Last 50):  10.0% | Speed: 7,609 steps/s (140 fights/min) | Elapsed: 404.0s
Battles: 951/7800 | Vs: v3       | Win Rate (Last 50):  12.0% | Speed: 7,609 steps/s (140 fights/min) | Elapsed: 405.1s
Battles: 954/7800 | Vs: amazon   | Win Rate (Last 50):  10.0% | Speed: 7,607 steps/s (140 fights/min) | Elapsed: 406.6s
Battles: 957/7800 | Vs: riderman | Win Rate (Last 50):  10.0% | Speed: 7,606 steps/s (140 fights/min) | Elapsed: 407.8s
Battles: 960/7800 | Vs: nigo     | Win Rate (Last 50):   8.0% | Speed: 7,605 steps/s (140 fights/min) | Elapsed: 409.0s
Battles: 963/7800 | Vs: x        | Win Rate (Last 50):   8.0% | Speed: 7,603 steps/s (140 fights/min) | Elapsed: 410.3s
Battles: 966/7800 | Vs: v3       | Win Rate (Last 50):   6.0% | Speed: 7,601 steps/s (140 fights/min) | Elapsed: 411.7s
Battles: 969/7800 | Vs: amazon   | Win Rate (Last 50):   6.0% | Speed: 7,602 steps/s (140 fights/min) | Elapsed: 412.9s
Battles: 972/7800 | Vs: riderman | Win Rate (Last 50):   6.0% | Speed: 7,602 steps/s (140 fights/min) | Elapsed: 414.1s
Battles: 975/7800 | Vs: nigo     | Win Rate (Last 50):   4.0% | Speed: 7,601 steps/s (140 fights/min) | Elapsed: 415.5s
Battles: 977/7800 | Vs: riderman | Win Rate (Last 50):   4.0% | Speed: 7,599 steps/s (140 fights/min) | Elapsed: 416.5s
Battles: 980/7800 | Vs: nigo     | Win Rate (Last 50):   6.0% | Speed: 7,596 steps/s (140 fights/min) | Elapsed: 417.9s
Battles: 983/7800 | Vs: x        | Win Rate (Last 50):   6.0% | Speed: 7,595 steps/s (140 fights/min) | Elapsed: 419.1s
Battles: 986/7800 | Vs: v3       | Win Rate (Last 50):   6.0% | Speed: 7,592 steps/s (140 fights/min) | Elapsed: 420.5s
Battles: 988/7800 | Vs: x        | Win Rate (Last 50):   6.0% | Speed: 7,590 steps/s (140 fights/min) | Elapsed: 421.6s
Battles: 991/7800 | Vs: v3       | Win Rate (Last 50):   6.0% | Speed: 7,587 steps/s (140 fights/min) | Elapsed: 422.9s
Battles: 994/7800 | Vs: amazon   | Win Rate (Last 50):   6.0% | Speed: 7,587 steps/s (140 fights/min) | Elapsed: 424.2s
Battles: 997/7800 | Vs: riderman | Win Rate (Last 50):   6.0% | Speed: 7,587 steps/s (140 fights/min) | Elapsed: 425.5s
Battles: 1000/7800 | Vs: nigo     | Win Rate (Last 50):   6.0% | Speed: 7,586 steps/s (140 fights/min) | Elapsed: 426.9s
Battles: 1003/7800 | Vs: x        | Win Rate (Last 50):   6.0% | Speed: 7,584 steps/s (140 fights/min) | Elapsed: 428.3s
Battles: 1006/7800 | Vs: v3       | Win Rate (Last 50):   8.0% | Speed: 7,584 steps/s (140 fights/min) | Elapsed: 429.6s
Battles: 1009/7800 | Vs: amazon   | Win Rate (Last 50):   8.0% | Speed: 7,582 steps/s (140 fights/min) | Elapsed: 430.9s
Battles: 1012/7800 | Vs: riderman | Win Rate (Last 50):   8.0% | Speed: 7,580 steps/s (140 fights/min) | Elapsed: 432.2s
Battles: 1015/7800 | Vs: nigo     | Win Rate (Last 50):  10.0% | Speed: 7,576 steps/s (140 fights/min) | Elapsed: 433.7s
Battles: 1018/7800 | Vs: x        | Win Rate (Last 50):  10.0% | Speed: 7,577 steps/s (140 fights/min) | Elapsed: 435.0s
Battles: 1021/7800 | Vs: v3       | Win Rate (Last 50):  10.0% | Speed: 7,575 steps/s (140 fights/min) | Elapsed: 436.4s
Battles: 1024/7800 | Vs: amazon   | Win Rate (Last 50):  12.0% | Speed: 7,574 steps/s (140 fights/min) | Elapsed: 437.8s
Battles: 1027/7800 | Vs: riderman | Win Rate (Last 50):  12.0% | Speed: 7,570 steps/s (140 fights/min) | Elapsed: 439.3s
Battles: 1030/7800 | Vs: nigo     | Win Rate (Last 50):  10.0% | Speed: 7,570 steps/s (140 fights/min) | Elapsed: 440.6s
Battles: 1032/7800 | Vs: riderman | Win Rate (Last 50):  12.0% | Speed: 7,566 steps/s (140 fights/min) | Elapsed: 441.7s
Battles: 1035/7800 | Vs: nigo     | Win Rate (Last 50):  12.0% | Speed: 7,565 steps/s (140 fights/min) | Elapsed: 443.1s
Battles: 1038/7800 | Vs: x        | Win Rate (Last 50):  12.0% | Speed: 7,564 steps/s (140 fights/min) | Elapsed: 444.4s
Battles: 1041/7800 | Vs: v3       | Win Rate (Last 50):  12.0% | Speed: 7,563 steps/s (140 fights/min) | Elapsed: 445.7s
Battles: 1044/7800 | Vs: amazon   | Win Rate (Last 50):  14.0% | Speed: 7,562 steps/s (140 fights/min) | Elapsed: 447.0s
Battles: 1047/7800 | Vs: riderman | Win Rate (Last 50):  14.0% | Speed: 7,561 steps/s (140 fights/min) | Elapsed: 448.4s
Battles: 1050/7800 | Vs: nigo     | Win Rate (Last 50):  12.0% | Speed: 7,560 steps/s (140 fights/min) | Elapsed: 449.7s
Battles: 1053/7800 | Vs: x        | Win Rate (Last 50):  12.0% | Speed: 7,559 steps/s (140 fights/min) | Elapsed: 451.0s
Battles: 1055/7800 | Vs: nigo     | Win Rate (Last 50):  10.0% | Speed: 7,555 steps/s (140 fights/min) | Elapsed: 452.0s
Battles: 1057/7800 | Vs: riderman | Win Rate (Last 50):  10.0% | Speed: 7,554 steps/s (139 fights/min) | Elapsed: 453.0s
Battles: 1060/7800 | Vs: nigo     | Win Rate (Last 50):  10.0% | Speed: 7,554 steps/s (139 fights/min) | Elapsed: 454.3s
Battles: 1063/7800 | Vs: x        | Win Rate (Last 50):  10.0% | Speed: 7,553 steps/s (139 fights/min) | Elapsed: 455.6s
Battles: 1066/7800 | Vs: v3       | Win Rate (Last 50):  10.0% | Speed: 7,552 steps/s (139 fights/min) | Elapsed: 457.0s
Battles: 1069/7800 | Vs: amazon   | Win Rate (Last 50):  10.0% | Speed: 7,551 steps/s (139 fights/min) | Elapsed: 458.3s
Battles: 1072/7800 | Vs: riderman | Win Rate (Last 50):  10.0% | Speed: 7,551 steps/s (139 fights/min) | Elapsed: 459.6s
Battles: 1075/7800 | Vs: nigo     | Win Rate (Last 50):  10.0% | Speed: 7,550 steps/s (139 fights/min) | Elapsed: 460.9s
Battles: 1077/7800 | Vs: riderman | Win Rate (Last 50):  12.0% | Speed: 7,546 steps/s (139 fights/min) | Elapsed: 462.1s
Battles: 1080/7800 | Vs: nigo     | Win Rate (Last 50):  12.0% | Speed: 7,545 steps/s (139 fights/min) | Elapsed: 463.4s
Battles: 1083/7800 | Vs: x        | Win Rate (Last 50):  10.0% | Speed: 7,545 steps/s (139 fights/min) | Elapsed: 464.8s
Battles: 1086/7800 | Vs: v3       | Win Rate (Last 50):  10.0% | Speed: 7,545 steps/s (139 fights/min) | Elapsed: 466.0s
Battles: 1089/7800 | Vs: amazon   | Win Rate (Last 50):   8.0% | Speed: 7,543 steps/s (139 fights/min) | Elapsed: 467.4s
Battles: 1092/7800 | Vs: riderman | Win Rate (Last 50):   8.0% | Speed: 7,543 steps/s (139 fights/min) | Elapsed: 468.7s
Battles: 1095/7800 | Vs: nigo     | Win Rate (Last 50):   6.0% | Speed: 7,544 steps/s (139 fights/min) | Elapsed: 470.0s
Battles: 1098/7800 | Vs: x        | Win Rate (Last 50):   6.0% | Speed: 7,545 steps/s (139 fights/min) | Elapsed: 471.3s
Battles: 1100/7800 | Vs: nigo     | Win Rate (Last 50):   6.0% | Speed: 7,540 steps/s (139 fights/min) | Elapsed: 472.4s
Battles: 1103/7800 | Vs: x        | Win Rate (Last 50):   8.0% | Speed: 7,540 steps/s (139 fights/min) | Elapsed: 473.8s
Battles: 1106/7800 | Vs: v3       | Win Rate (Last 50):   8.0% | Speed: 7,540 steps/s (139 fights/min) | Elapsed: 475.1s
Battles: 1109/7800 | Vs: amazon   | Win Rate (Last 50):  10.0% | Speed: 7,541 steps/s (139 fights/min) | Elapsed: 476.3s
Battles: 1112/7800 | Vs: riderman | Win Rate (Last 50):  10.0% | Speed: 7,540 steps/s (139 fights/min) | Elapsed: 477.7s
Battles: 1115/7800 | Vs: nigo     | Win Rate (Last 50):  10.0% | Speed: 7,538 steps/s (139 fights/min) | Elapsed: 479.0s
Battles: 1118/7800 | Vs: x        | Win Rate (Last 50):  10.0% | Speed: 7,538 steps/s (139 fights/min) | Elapsed: 480.4s
Battles: 1121/7800 | Vs: v3       | Win Rate (Last 50):  10.0% | Speed: 7,537 steps/s (139 fights/min) | Elapsed: 481.6s
Battles: 1123/7800 | Vs: x        | Win Rate (Last 50):  10.0% | Speed: 7,534 steps/s (139 fights/min) | Elapsed: 482.7s
Battles: 1125/7800 | Vs: nigo     | Win Rate (Last 50):   8.0% | Speed: 7,531 steps/s (139 fights/min) | Elapsed: 483.8s
Battles: 1128/7800 | Vs: x        | Win Rate (Last 50):   6.0% | Speed: 7,531 steps/s (139 fights/min) | Elapsed: 485.1s
Battles: 1131/7800 | Vs: v3       | Win Rate (Last 50):   6.0% | Speed: 7,532 steps/s (139 fights/min) | Elapsed: 486.6s
Battles: 1134/7800 | Vs: amazon   | Win Rate (Last 50):   6.0% | Speed: 7,531 steps/s (139 fights/min) | Elapsed: 487.9s
Battles: 1136/7800 | Vs: v3       | Win Rate (Last 50):   6.0% | Speed: 7,530 steps/s (139 fights/min) | Elapsed: 488.9s
Battles: 1139/7800 | Vs: amazon   | Win Rate (Last 50):   6.0% | Speed: 7,530 steps/s (139 fights/min) | Elapsed: 490.2s
Battles: 1142/7800 | Vs: riderman | Win Rate (Last 50):   8.0% | Speed: 7,531 steps/s (139 fights/min) | Elapsed: 491.5s
Battles: 1145/7800 | Vs: nigo     | Win Rate (Last 50):  10.0% | Speed: 7,528 steps/s (139 fights/min) | Elapsed: 492.9s
Battles: 1148/7800 | Vs: x        | Win Rate (Last 50):  10.0% | Speed: 7,526 steps/s (139 fights/min) | Elapsed: 494.4s
Battles: 1150/7800 | Vs: nigo     | Win Rate (Last 50):  10.0% | Speed: 7,520 steps/s (139 fights/min) | Elapsed: 495.6s
Battles: 1153/7800 | Vs: x        | Win Rate (Last 50):   8.0% | Speed: 7,518 steps/s (139 fights/min) | Elapsed: 497.0s
Battles: 1156/7800 | Vs: v3       | Win Rate (Last 50):  10.0% | Speed: 7,515 steps/s (139 fights/min) | Elapsed: 498.5s
Battles: 1158/7800 | Vs: x        | Win Rate (Last 50):  10.0% | Speed: 7,514 steps/s (139 fights/min) | Elapsed: 499.6s
Battles: 1160/7800 | Vs: nigo     | Win Rate (Last 50):   8.0% | Speed: 7,512 steps/s (139 fights/min) | Elapsed: 500.7s
Battles: 1163/7800 | Vs: x        | Win Rate (Last 50):   8.0% | Speed: 7,510 steps/s (138 fights/min) | Elapsed: 502.0s
Battles: 1165/7800 | Vs: nigo     | Win Rate (Last 50):   6.0% | Speed: 7,507 steps/s (138 fights/min) | Elapsed: 503.1s
Battles: 1168/7800 | Vs: x        | Win Rate (Last 50):   6.0% | Speed: 7,506 steps/s (138 fights/min) | Elapsed: 504.5s
Battles: 1171/7800 | Vs: v3       | Win Rate (Last 50):   6.0% | Speed: 7,503 steps/s (138 fights/min) | Elapsed: 506.0s
Battles: 1174/7800 | Vs: amazon   | Win Rate (Last 50):   6.0% | Speed: 7,503 steps/s (138 fights/min) | Elapsed: 507.2s
Battles: 1177/7800 | Vs: riderman | Win Rate (Last 50):   6.0% | Speed: 7,502 steps/s (138 fights/min) | Elapsed: 508.6s
Battles: 1180/7800 | Vs: nigo     | Win Rate (Last 50):   6.0% | Speed: 7,500 steps/s (138 fights/min) | Elapsed: 510.0s
Battles: 1182/7800 | Vs: riderman | Win Rate (Last 50):   8.0% | Speed: 7,499 steps/s (138 fights/min) | Elapsed: 511.1s
Battles: 1184/7800 | Vs: amazon   | Win Rate (Last 50):   8.0% | Speed: 7,498 steps/s (138 fights/min) | Elapsed: 512.2s
Battles: 1186/7800 | Vs: v3       | Win Rate (Last 50):   8.0% | Speed: 7,494 steps/s (138 fights/min) | Elapsed: 513.4s
Battles: 1189/7800 | Vs: amazon   | Win Rate (Last 50):   8.0% | Speed: 7,493 steps/s (138 fights/min) | Elapsed: 514.8s
Battles: 1192/7800 | Vs: riderman | Win Rate (Last 50):   6.0% | Speed: 7,492 steps/s (138 fights/min) | Elapsed: 516.2s
Battles: 1195/7800 | Vs: nigo     | Win Rate (Last 50):   4.0% | Speed: 7,491 steps/s (138 fights/min) | Elapsed: 517.6s
Battles: 1198/7800 | Vs: x        | Win Rate (Last 50):   4.0% | Speed: 7,490 steps/s (138 fights/min) | Elapsed: 518.9s
Battles: 1201/7800 | Vs: v3       | Win Rate (Last 50):   6.0% | Speed: 7,489 steps/s (138 fights/min) | Elapsed: 520.3s
Battles: 1204/7800 | Vs: amazon   | Win Rate (Last 50):   6.0% | Speed: 7,488 steps/s (138 fights/min) | Elapsed: 521.6s
Battles: 1206/7800 | Vs: v3       | Win Rate (Last 50):   6.0% | Speed: 7,486 steps/s (138 fights/min) | Elapsed: 522.7s
Battles: 1208/7800 | Vs: x        | Win Rate (Last 50):   6.0% | Speed: 7,482 steps/s (138 fights/min) | Elapsed: 523.9s
Battles: 1211/7800 | Vs: v3       | Win Rate (Last 50):   6.0% | Speed: 7,481 steps/s (138 fights/min) | Elapsed: 525.2s
Battles: 1214/7800 | Vs: amazon   | Win Rate (Last 50):   6.0% | Speed: 7,480 steps/s (138 fights/min) | Elapsed: 526.7s
Battles: 1217/7800 | Vs: riderman | Win Rate (Last 50):   6.0% | Speed: 7,477 steps/s (138 fights/min) | Elapsed: 528.1s
Battles: 1219/7800 | Vs: amazon   | Win Rate (Last 50):   6.0% | Speed: 7,474 steps/s (138 fights/min) | Elapsed: 529.2s
Battles: 1221/7800 | Vs: v3       | Win Rate (Last 50):   6.0% | Speed: 7,469 steps/s (138 fights/min) | Elapsed: 530.4s
Battles: 1223/7800 | Vs: x        | Win Rate (Last 50):   6.0% | Speed: 7,462 steps/s (138 fights/min) | Elapsed: 531.7s
Battles: 1225/7800 | Vs: nigo     | Win Rate (Last 50):   6.0% | Speed: 7,452 steps/s (137 fights/min) | Elapsed: 533.4s
Battles: 1227/7800 | Vs: riderman | Win Rate (Last 50):   6.0% | Speed: 7,441 steps/s (137 fights/min) | Elapsed: 535.0s
Battles: 1229/7800 | Vs: amazon   | Win Rate (Last 50):   6.0% | Speed: 7,433 steps/s (137 fights/min) | Elapsed: 536.5s
Battles: 1231/7800 | Vs: v3       | Win Rate (Last 50):   4.0% | Speed: 7,426 steps/s (137 fights/min) | Elapsed: 537.8s
Battles: 1232/7800 | Vs: riderman | Win Rate (Last 50):   4.0% | Speed: 7,419 steps/s (137 fights/min) | Elapsed: 538.8s
Battles: 1233/7800 | Vs: x        | Win Rate (Last 50):   4.0% | Speed: 7,411 steps/s (137 fights/min) | Elapsed: 539.8s
Battles: 1235/7800 | Vs: nigo     | Win Rate (Last 50):   4.0% | Speed: 7,405 steps/s (136 fights/min) | Elapsed: 541.1s
Battles: 1237/7800 | Vs: riderman | Win Rate (Last 50):   4.0% | Speed: 7,397 steps/s (136 fights/min) | Elapsed: 542.7s
Battles: 1239/7800 | Vs: amazon   | Win Rate (Last 50):   6.0% | Speed: 7,386 steps/s (136 fights/min) | Elapsed: 544.5s
Battles: 1241/7800 | Vs: v3       | Win Rate (Last 50):   6.0% | Speed: 7,379 steps/s (136 fights/min) | Elapsed: 545.9s
Battles: 1244/7800 | Vs: amazon   | Win Rate (Last 50):   8.0% | Speed: 7,378 steps/s (136 fights/min) | Elapsed: 547.2s
Battles: 1246/7800 | Vs: v3       | Win Rate (Last 50):   8.0% | Speed: 7,377 steps/s (136 fights/min) | Elapsed: 548.2s
Battles: 1249/7800 | Vs: amazon   | Win Rate (Last 50):   6.0% | Speed: 7,376 steps/s (136 fights/min) | Elapsed: 549.7s
Battles: 1252/7800 | Vs: riderman | Win Rate (Last 50):   6.0% | Speed: 7,375 steps/s (136 fights/min) | Elapsed: 551.1s
Battles: 1255/7800 | Vs: nigo     | Win Rate (Last 50):   4.0% | Speed: 7,375 steps/s (136 fights/min) | Elapsed: 552.5s
Battles: 1258/7800 | Vs: x        | Win Rate (Last 50):   4.0% | Speed: 7,375 steps/s (136 fights/min) | Elapsed: 553.8s
Battles: 1260/7800 | Vs: nigo     | Win Rate (Last 50):   4.0% | Speed: 7,372 steps/s (136 fights/min) | Elapsed: 555.0s
Battles: 1263/7800 | Vs: x        | Win Rate (Last 50):   4.0% | Speed: 7,370 steps/s (136 fights/min) | Elapsed: 556.4s
Battles: 1266/7800 | Vs: v3       | Win Rate (Last 50):   6.0% | Speed: 7,369 steps/s (136 fights/min) | Elapsed: 557.8s
Battles: 1269/7800 | Vs: amazon   | Win Rate (Last 50):   8.0% | Speed: 7,369 steps/s (136 fights/min) | Elapsed: 559.1s
Battles: 1272/7800 | Vs: riderman | Win Rate (Last 50):   8.0% | Speed: 7,367 steps/s (136 fights/min) | Elapsed: 560.5s
Battles: 1275/7800 | Vs: nigo     | Win Rate (Last 50):  10.0% | Speed: 7,366 steps/s (136 fights/min) | Elapsed: 562.0s
Battles: 1278/7800 | Vs: x        | Win Rate (Last 50):  10.0% | Speed: 7,366 steps/s (136 fights/min) | Elapsed: 563.4s
Battles: 1281/7800 | Vs: v3       | Win Rate (Last 50):  12.0% | Speed: 7,365 steps/s (136 fights/min) | Elapsed: 564.8s
Battles: 1283/7800 | Vs: x        | Win Rate (Last 50):  12.0% | Speed: 7,364 steps/s (136 fights/min) | Elapsed: 565.9s
Battles: 1286/7800 | Vs: v3       | Win Rate (Last 50):  12.0% | Speed: 7,363 steps/s (136 fights/min) | Elapsed: 567.2s
Battles: 1289/7800 | Vs: amazon   | Win Rate (Last 50):  10.0% | Speed: 7,364 steps/s (136 fights/min) | Elapsed: 568.5s
Battles: 1292/7800 | Vs: riderman | Win Rate (Last 50):  10.0% | Speed: 7,363 steps/s (136 fights/min) | Elapsed: 569.8s
Battles: 1295/7800 | Vs: nigo     | Win Rate (Last 50):   8.0% | Speed: 7,363 steps/s (136 fights/min) | Elapsed: 571.2s
Battles: 1298/7800 | Vs: x        | Win Rate (Last 50):   8.0% | Speed: 7,363 steps/s (136 fights/min) | Elapsed: 572.6s
Battles: 1301/7800 | Vs: v3       | Win Rate (Last 50):   8.0% | Speed: 7,362 steps/s (136 fights/min) | Elapsed: 573.9s
Battles: 1303/7800 | Vs: x        | Win Rate (Last 50):   8.0% | Speed: 7,360 steps/s (135 fights/min) | Elapsed: 575.0s
Battles: 1306/7800 | Vs: v3       | Win Rate (Last 50):   8.0% | Speed: 7,359 steps/s (135 fights/min) | Elapsed: 576.4s
Battles: 1309/7800 | Vs: amazon   | Win Rate (Last 50):   8.0% | Speed: 7,359 steps/s (135 fights/min) | Elapsed: 577.7s
Battles: 1312/7800 | Vs: riderman | Win Rate (Last 50):  12.0% | Speed: 7,358 steps/s (135 fights/min) | Elapsed: 579.2s
Battles: 1314/7800 | Vs: amazon   | Win Rate (Last 50):  10.0% | Speed: 7,357 steps/s (135 fights/min) | Elapsed: 580.2s
Battles: 1317/7800 | Vs: riderman | Win Rate (Last 50):  10.0% | Speed: 7,356 steps/s (135 fights/min) | Elapsed: 581.6s
Battles: 1320/7800 | Vs: nigo     | Win Rate (Last 50):   8.0% | Speed: 7,357 steps/s (135 fights/min) | Elapsed: 582.9s
Battles: 1322/7800 | Vs: riderman | Win Rate (Last 50):   8.0% | Speed: 7,355 steps/s (135 fights/min) | Elapsed: 584.0s
Battles: 1325/7800 | Vs: nigo     | Win Rate (Last 50):   6.0% | Speed: 7,354 steps/s (135 fights/min) | Elapsed: 585.3s
Battles: 1328/7800 | Vs: x        | Win Rate (Last 50):   6.0% | Speed: 7,352 steps/s (135 fights/min) | Elapsed: 586.7s
Battles: 1331/7800 | Vs: v3       | Win Rate (Last 50):   4.0% | Speed: 7,352 steps/s (135 fights/min) | Elapsed: 588.0s
Battles: 1334/7800 | Vs: amazon   | Win Rate (Last 50):   4.0% | Speed: 7,350 steps/s (135 fights/min) | Elapsed: 589.5s
Battles: 1337/7800 | Vs: riderman | Win Rate (Last 50):   4.0% | Speed: 7,349 steps/s (135 fights/min) | Elapsed: 590.9s
Battles: 1339/7800 | Vs: amazon   | Win Rate (Last 50):   6.0% | Speed: 7,349 steps/s (135 fights/min) | Elapsed: 591.9s
Battles: 1342/7800 | Vs: riderman | Win Rate (Last 50):   6.0% | Speed: 7,349 steps/s (135 fights/min) | Elapsed: 593.2s
Battles: 1345/7800 | Vs: nigo     | Win Rate (Last 50):   6.0% | Speed: 7,347 steps/s (135 fights/min) | Elapsed: 594.7s
Battles: 1347/7800 | Vs: riderman | Win Rate (Last 50):   6.0% | Speed: 7,343 steps/s (135 fights/min) | Elapsed: 595.9s
Battles: 1349/7800 | Vs: amazon   | Win Rate (Last 50):   6.0% | Speed: 7,341 steps/s (135 fights/min) | Elapsed: 596.9s
Battles: 1352/7800 | Vs: riderman | Win Rate (Last 50):   6.0% | Speed: 7,341 steps/s (135 fights/min) | Elapsed: 598.3s
Battles: 1355/7800 | Vs: nigo     | Win Rate (Last 50):   6.0% | Speed: 7,340 steps/s (135 fights/min) | Elapsed: 599.9s
Battles: 1357/7800 | Vs: riderman | Win Rate (Last 50):   6.0% | Speed: 7,338 steps/s (135 fights/min) | Elapsed: 600.9s
Battles: 1360/7800 | Vs: nigo     | Win Rate (Last 50):   4.0% | Speed: 7,338 steps/s (135 fights/min) | Elapsed: 602.3s
Battles: 1363/7800 | Vs: x        | Win Rate (Last 50):   2.0% | Speed: 7,338 steps/s (135 fights/min) | Elapsed: 603.7s
Battles: 1366/7800 | Vs: v3       | Win Rate (Last 50):   2.0% | Speed: 7,338 steps/s (135 fights/min) | Elapsed: 605.0s
Battles: 1368/7800 | Vs: x        | Win Rate (Last 50):   2.0% | Speed: 7,335 steps/s (135 fights/min) | Elapsed: 606.2s
Battles: 1370/7800 | Vs: nigo     | Win Rate (Last 50):   2.0% | Speed: 7,334 steps/s (135 fights/min) | Elapsed: 607.2s
Battles: 1373/7800 | Vs: x        | Win Rate (Last 50):   2.0% | Speed: 7,333 steps/s (135 fights/min) | Elapsed: 608.7s
Battles: 1376/7800 | Vs: v3       | Win Rate (Last 50):   2.0% | Speed: 7,333 steps/s (135 fights/min) | Elapsed: 610.2s
Battles: 1378/7800 | Vs: x        | Win Rate (Last 50):   4.0% | Speed: 7,331 steps/s (135 fights/min) | Elapsed: 611.3s
Battles: 1381/7800 | Vs: v3       | Win Rate (Last 50):   6.0% | Speed: 7,330 steps/s (135 fights/min) | Elapsed: 612.8s
Battles: 1384/7800 | Vs: amazon   | Win Rate (Last 50):   8.0% | Speed: 7,329 steps/s (135 fights/min) | Elapsed: 614.3s
Battles: 1387/7800 | Vs: riderman | Win Rate (Last 50):   8.0% | Speed: 7,328 steps/s (135 fights/min) | Elapsed: 615.6s
Battles: 1389/7800 | Vs: amazon   | Win Rate (Last 50):   8.0% | Speed: 7,325 steps/s (135 fights/min) | Elapsed: 616.7s
Battles: 1391/7800 | Vs: v3       | Win Rate (Last 50):   8.0% | Speed: 7,324 steps/s (135 fights/min) | Elapsed: 617.7s
Battles: 1393/7800 | Vs: x        | Win Rate (Last 50):   8.0% | Speed: 7,322 steps/s (135 fights/min) | Elapsed: 618.7s
Battles: 1396/7800 | Vs: v3       | Win Rate (Last 50):   8.0% | Speed: 7,322 steps/s (135 fights/min) | Elapsed: 620.2s
Battles: 1398/7800 | Vs: x        | Win Rate (Last 50):  10.0% | Speed: 7,320 steps/s (135 fights/min) | Elapsed: 621.3s
Battles: 1401/7800 | Vs: v3       | Win Rate (Last 50):  10.0% | Speed: 7,318 steps/s (134 fights/min) | Elapsed: 622.7s
Battles: 1404/7800 | Vs: amazon   | Win Rate (Last 50):  10.0% | Speed: 7,317 steps/s (134 fights/min) | Elapsed: 624.1s
Battles: 1407/7800 | Vs: riderman | Win Rate (Last 50):  10.0% | Speed: 7,317 steps/s (134 fights/min) | Elapsed: 625.5s
Battles: 1409/7800 | Vs: amazon   | Win Rate (Last 50):  10.0% | Speed: 7,315 steps/s (134 fights/min) | Elapsed: 626.6s
Battles: 1411/7800 | Vs: v3       | Win Rate (Last 50):  10.0% | Speed: 7,314 steps/s (134 fights/min) | Elapsed: 627.6s
Battles: 1413/7800 | Vs: x        | Win Rate (Last 50):  10.0% | Speed: 7,312 steps/s (134 fights/min) | Elapsed: 628.7s
Battles: 1416/7800 | Vs: v3       | Win Rate (Last 50):  10.0% | Speed: 7,312 steps/s (134 fights/min) | Elapsed: 630.0s
Battles: 1418/7800 | Vs: x        | Win Rate (Last 50):  10.0% | Speed: 7,311 steps/s (134 fights/min) | Elapsed: 631.0s
Battles: 1421/7800 | Vs: v3       | Win Rate (Last 50):  10.0% | Speed: 7,310 steps/s (134 fights/min) | Elapsed: 632.3s
Battles: 1423/7800 | Vs: x        | Win Rate (Last 50):  10.0% | Speed: 7,309 steps/s (134 fights/min) | Elapsed: 633.4s
Battles: 1426/7800 | Vs: v3       | Win Rate (Last 50):  12.0% | Speed: 7,308 steps/s (134 fights/min) | Elapsed: 634.8s
Battles: 1429/7800 | Vs: amazon   | Win Rate (Last 50):  10.0% | Speed: 7,307 steps/s (134 fights/min) | Elapsed: 636.1s
Battles: 1431/7800 | Vs: v3       | Win Rate (Last 50):  10.0% | Speed: 7,306 steps/s (134 fights/min) | Elapsed: 637.2s
Battles: 1434/7800 | Vs: amazon   | Win Rate (Last 50):  10.0% | Speed: 7,305 steps/s (134 fights/min) | Elapsed: 638.5s
Battles: 1436/7800 | Vs: v3       | Win Rate (Last 50):  10.0% | Speed: 7,304 steps/s (134 fights/min) | Elapsed: 639.7s
Battles: 1439/7800 | Vs: amazon   | Win Rate (Last 50):   8.0% | Speed: 7,302 steps/s (134 fights/min) | Elapsed: 641.1s
Battles: 1442/7800 | Vs: riderman | Win Rate (Last 50):   8.0% | Speed: 7,302 steps/s (134 fights/min) | Elapsed: 642.5s
Battles: 1445/7800 | Vs: nigo     | Win Rate (Last 50):   8.0% | Speed: 7,302 steps/s (134 fights/min) | Elapsed: 643.9s
Battles: 1448/7800 | Vs: x        | Win Rate (Last 50):   6.0% | Speed: 7,300 steps/s (134 fights/min) | Elapsed: 645.2s
Battles: 1450/7800 | Vs: nigo     | Win Rate (Last 50):   6.0% | Speed: 7,299 steps/s (134 fights/min) | Elapsed: 646.2s
Battles: 1453/7800 | Vs: x        | Win Rate (Last 50):   6.0% | Speed: 7,296 steps/s (134 fights/min) | Elapsed: 647.7s
Battles: 1456/7800 | Vs: v3       | Win Rate (Last 50):   6.0% | Speed: 7,296 steps/s (134 fights/min) | Elapsed: 649.0s
Battles: 1459/7800 | Vs: amazon   | Win Rate (Last 50):   6.0% | Speed: 7,294 steps/s (134 fights/min) | Elapsed: 650.5s
Battles: 1461/7800 | Vs: v3       | Win Rate (Last 50):   6.0% | Speed: 7,292 steps/s (134 fights/min) | Elapsed: 651.6s
Battles: 1464/7800 | Vs: amazon   | Win Rate (Last 50):   6.0% | Speed: 7,292 steps/s (134 fights/min) | Elapsed: 653.0s
Battles: 1467/7800 | Vs: riderman | Win Rate (Last 50):   6.0% | Speed: 7,292 steps/s (134 fights/min) | Elapsed: 654.2s
Battles: 1470/7800 | Vs: nigo     | Win Rate (Last 50):   8.0% | Speed: 7,291 steps/s (134 fights/min) | Elapsed: 655.4s
Battles: 1472/7800 | Vs: riderman | Win Rate (Last 50):   8.0% | Speed: 7,289 steps/s (134 fights/min) | Elapsed: 656.5s
Battles: 1474/7800 | Vs: amazon   | Win Rate (Last 50):   6.0% | Speed: 7,289 steps/s (134 fights/min) | Elapsed: 657.5s
Battles: 1476/7800 | Vs: v3       | Win Rate (Last 50):   6.0% | Speed: 7,286 steps/s (134 fights/min) | Elapsed: 658.6s
Battles: 1479/7800 | Vs: amazon   | Win Rate (Last 50):   6.0% | Speed: 7,286 steps/s (134 fights/min) | Elapsed: 659.9s
Battles: 1482/7800 | Vs: riderman | Win Rate (Last 50):   6.0% | Speed: 7,283 steps/s (134 fights/min) | Elapsed: 661.5s
Battles: 1484/7800 | Vs: amazon   | Win Rate (Last 50):   4.0% | Speed: 7,282 steps/s (134 fights/min) | Elapsed: 662.5s
Battles: 1487/7800 | Vs: riderman | Win Rate (Last 50):   4.0% | Speed: 7,281 steps/s (134 fights/min) | Elapsed: 663.8s
Battles: 1490/7800 | Vs: nigo     | Win Rate (Last 50):   4.0% | Speed: 7,281 steps/s (134 fights/min) | Elapsed: 665.1s
Battles: 1493/7800 | Vs: x        | Win Rate (Last 50):   4.0% | Speed: 7,281 steps/s (134 fights/min) | Elapsed: 666.4s
Battles: 1495/7800 | Vs: nigo     | Win Rate (Last 50):   6.0% | Speed: 7,279 steps/s (134 fights/min) | Elapsed: 667.5s
Battles: 1498/7800 | Vs: x        | Win Rate (Last 50):   6.0% | Speed: 7,277 steps/s (134 fights/min) | Elapsed: 668.9s
Battles: 1501/7800 | Vs: v3       | Win Rate (Last 50):   8.0% | Speed: 7,277 steps/s (134 fights/min) | Elapsed: 670.1s
Battles: 1504/7800 | Vs: amazon   | Win Rate (Last 50):  10.0% | Speed: 7,276 steps/s (134 fights/min) | Elapsed: 671.5s
Battles: 1507/7800 | Vs: riderman | Win Rate (Last 50):  10.0% | Speed: 7,274 steps/s (134 fights/min) | Elapsed: 673.0s
Battles: 1510/7800 | Vs: nigo     | Win Rate (Last 50):  10.0% | Speed: 7,274 steps/s (134 fights/min) | Elapsed: 674.4s
Battles: 1512/7800 | Vs: riderman | Win Rate (Last 50):  10.0% | Speed: 7,274 steps/s (134 fights/min) | Elapsed: 675.5s
Battles: 1514/7800 | Vs: amazon   | Win Rate (Last 50):  12.0% | Speed: 7,273 steps/s (134 fights/min) | Elapsed: 676.5s
Battles: 1517/7800 | Vs: riderman | Win Rate (Last 50):  12.0% | Speed: 7,272 steps/s (134 fights/min) | Elapsed: 677.8s
Battles: 1519/7800 | Vs: amazon   | Win Rate (Last 50):  10.0% | Speed: 7,269 steps/s (134 fights/min) | Elapsed: 679.0s
Battles: 1522/7800 | Vs: riderman | Win Rate (Last 50):  12.0% | Speed: 7,269 steps/s (134 fights/min) | Elapsed: 680.4s
Battles: 1525/7800 | Vs: nigo     | Win Rate (Last 50):  14.0% | Speed: 7,268 steps/s (134 fights/min) | Elapsed: 681.8s
Battles: 1528/7800 | Vs: x        | Win Rate (Last 50):  14.0% | Speed: 7,268 steps/s (134 fights/min) | Elapsed: 683.1s
Battles: 1530/7800 | Vs: nigo     | Win Rate (Last 50):  12.0% | Speed: 7,266 steps/s (134 fights/min) | Elapsed: 684.2s
Battles: 1533/7800 | Vs: x        | Win Rate (Last 50):  12.0% | Speed: 7,266 steps/s (134 fights/min) | Elapsed: 685.6s
Battles: 1536/7800 | Vs: v3       | Win Rate (Last 50):  14.0% | Speed: 7,265 steps/s (134 fights/min) | Elapsed: 687.1s
Battles: 1539/7800 | Vs: amazon   | Win Rate (Last 50):  16.0% | Speed: 7,265 steps/s (134 fights/min) | Elapsed: 688.5s
Battles: 1541/7800 | Vs: v3       | Win Rate (Last 50):  16.0% | Speed: 7,262 steps/s (134 fights/min) | Elapsed: 689.6s
Battles: 1544/7800 | Vs: amazon   | Win Rate (Last 50):  14.0% | Speed: 7,262 steps/s (134 fights/min) | Elapsed: 690.9s
Battles: 1547/7800 | Vs: riderman | Win Rate (Last 50):  14.0% | Speed: 7,261 steps/s (134 fights/min) | Elapsed: 692.5s
Battles: 1550/7800 | Vs: nigo     | Win Rate (Last 50):  14.0% | Speed: 7,261 steps/s (134 fights/min) | Elapsed: 693.7s
Battles: 1553/7800 | Vs: x        | Win Rate (Last 50):  14.0% | Speed: 7,260 steps/s (134 fights/min) | Elapsed: 695.1s
Battles: 1556/7800 | Vs: v3       | Win Rate (Last 50):  12.0% | Speed: 7,260 steps/s (134 fights/min) | Elapsed: 696.5s
Battles: 1559/7800 | Vs: amazon   | Win Rate (Last 50):  14.0% | Speed: 7,259 steps/s (134 fights/min) | Elapsed: 697.8s
Battles: 1561/7800 | Vs: v3       | Win Rate (Last 50):  14.0% | Speed: 7,259 steps/s (134 fights/min) | Elapsed: 698.9s
Battles: 1563/7800 | Vs: x        | Win Rate (Last 50):  12.0% | Speed: 7,257 steps/s (133 fights/min) | Elapsed: 700.1s
Battles: 1566/7800 | Vs: v3       | Win Rate (Last 50):  12.0% | Speed: 7,256 steps/s (133 fights/min) | Elapsed: 701.4s
Battles: 1569/7800 | Vs: amazon   | Win Rate (Last 50):  14.0% | Speed: 7,255 steps/s (133 fights/min) | Elapsed: 702.8s
Battles: 1572/7800 | Vs: riderman | Win Rate (Last 50):  12.0% | Speed: 7,255 steps/s (133 fights/min) | Elapsed: 704.2s
Battles: 1575/7800 | Vs: nigo     | Win Rate (Last 50):  12.0% | Speed: 7,254 steps/s (133 fights/min) | Elapsed: 705.6s
Battles: 1578/7800 | Vs: x        | Win Rate (Last 50):  12.0% | Speed: 7,253 steps/s (133 fights/min) | Elapsed: 707.1s
Battles: 1581/7800 | Vs: v3       | Win Rate (Last 50):  12.0% | Speed: 7,253 steps/s (133 fights/min) | Elapsed: 708.5s
Battles: 1583/7800 | Vs: x        | Win Rate (Last 50):  12.0% | Speed: 7,251 steps/s (133 fights/min) | Elapsed: 709.6s
Battles: 1585/7800 | Vs: nigo     | Win Rate (Last 50):  12.0% | Speed: 7,251 steps/s (133 fights/min) | Elapsed: 710.7s
Battles: 1587/7800 | Vs: riderman | Win Rate (Last 50):  12.0% | Speed: 7,250 steps/s (133 fights/min) | Elapsed: 711.7s
Battles: 1589/7800 | Vs: amazon   | Win Rate (Last 50):  10.0% | Speed: 7,249 steps/s (133 fights/min) | Elapsed: 712.8s
Battles: 1591/7800 | Vs: v3       | Win Rate (Last 50):  10.0% | Speed: 7,248 steps/s (133 fights/min) | Elapsed: 713.8s
Battles: 1594/7800 | Vs: amazon   | Win Rate (Last 50):  12.0% | Speed: 7,248 steps/s (133 fights/min) | Elapsed: 715.3s
Battles: 1597/7800 | Vs: riderman | Win Rate (Last 50):  12.0% | Speed: 7,247 steps/s (133 fights/min) | Elapsed: 716.7s
Battles: 1599/7800 | Vs: amazon   | Win Rate (Last 50):  10.0% | Speed: 7,245 steps/s (133 fights/min) | Elapsed: 717.8s
Battles: 1602/7800 | Vs: riderman | Win Rate (Last 50):  10.0% | Speed: 7,245 steps/s (133 fights/min) | Elapsed: 719.2s
Battles: 1604/7800 | Vs: amazon   | Win Rate (Last 50):  10.0% | Speed: 7,243 steps/s (133 fights/min) | Elapsed: 720.2s
Battles: 1607/7800 | Vs: riderman | Win Rate (Last 50):  10.0% | Speed: 7,243 steps/s (133 fights/min) | Elapsed: 721.6s
Battles: 1609/7800 | Vs: amazon   | Win Rate (Last 50):  10.0% | Speed: 7,242 steps/s (133 fights/min) | Elapsed: 722.6s
Battles: 1611/7800 | Vs: v3       | Win Rate (Last 50):  10.0% | Speed: 7,241 steps/s (133 fights/min) | Elapsed: 723.7s
Battles: 1613/7800 | Vs: x        | Win Rate (Last 50):  10.0% | Speed: 7,241 steps/s (133 fights/min) | Elapsed: 724.7s
Battles: 1616/7800 | Vs: v3       | Win Rate (Last 50):  10.0% | Speed: 7,241 steps/s (133 fights/min) | Elapsed: 726.1s
Battles: 1618/7800 | Vs: x        | Win Rate (Last 50):  10.0% | Speed: 7,241 steps/s (133 fights/min) | Elapsed: 727.1s
Battles: 1620/7800 | Vs: nigo     | Win Rate (Last 50):   8.0% | Speed: 7,239 steps/s (133 fights/min) | Elapsed: 728.2s
Battles: 1623/7800 | Vs: x        | Win Rate (Last 50):   8.0% | Speed: 7,239 steps/s (133 fights/min) | Elapsed: 729.6s
Battles: 1626/7800 | Vs: v3       | Win Rate (Last 50):   8.0% | Speed: 7,237 steps/s (133 fights/min) | Elapsed: 731.1s
Battles: 1629/7800 | Vs: amazon   | Win Rate (Last 50):   8.0% | Speed: 7,237 steps/s (133 fights/min) | Elapsed: 732.5s
Battles: 1632/7800 | Vs: riderman | Win Rate (Last 50):   8.0% | Speed: 7,236 steps/s (133 fights/min) | Elapsed: 734.0s
Battles: 1635/7800 | Vs: nigo     | Win Rate (Last 50):   8.0% | Speed: 7,235 steps/s (133 fights/min) | Elapsed: 735.4s
Battles: 1638/7800 | Vs: x        | Win Rate (Last 50):   8.0% | Speed: 7,235 steps/s (133 fights/min) | Elapsed: 736.9s
Battles: 1641/7800 | Vs: v3       | Win Rate (Last 50):   8.0% | Speed: 7,234 steps/s (133 fights/min) | Elapsed: 738.4s
Battles: 1643/7800 | Vs: x        | Win Rate (Last 50):   8.0% | Speed: 7,232 steps/s (133 fights/min) | Elapsed: 739.5s
Battles: 1645/7800 | Vs: nigo     | Win Rate (Last 50):   6.0% | Speed: 7,231 steps/s (133 fights/min) | Elapsed: 740.6s
Battles: 1648/7800 | Vs: x        | Win Rate (Last 50):   6.0% | Speed: 7,231 steps/s (133 fights/min) | Elapsed: 742.0s
Battles: 1650/7800 | Vs: nigo     | Win Rate (Last 50):   6.0% | Speed: 7,230 steps/s (133 fights/min) | Elapsed: 743.0s
Battles: 1653/7800 | Vs: x        | Win Rate (Last 50):   6.0% | Speed: 7,229 steps/s (133 fights/min) | Elapsed: 744.5s
Battles: 1656/7800 | Vs: v3       | Win Rate (Last 50):   8.0% | Speed: 7,229 steps/s (133 fights/min) | Elapsed: 745.9s
Battles: 1658/7800 | Vs: x        | Win Rate (Last 50):   8.0% | Speed: 7,228 steps/s (133 fights/min) | Elapsed: 746.9s
Battles: 1661/7800 | Vs: v3       | Win Rate (Last 50):   6.0% | Speed: 7,228 steps/s (133 fights/min) | Elapsed: 748.2s
Battles: 1664/7800 | Vs: amazon   | Win Rate (Last 50):   6.0% | Speed: 7,227 steps/s (133 fights/min) | Elapsed: 749.5s
Battles: 1666/7800 | Vs: v3       | Win Rate (Last 50):   6.0% | Speed: 7,226 steps/s (133 fights/min) | Elapsed: 750.6s
Battles: 1669/7800 | Vs: amazon   | Win Rate (Last 50):   6.0% | Speed: 7,225 steps/s (133 fights/min) | Elapsed: 752.0s
Battles: 1671/7800 | Vs: v3       | Win Rate (Last 50):   6.0% | Speed: 7,224 steps/s (133 fights/min) | Elapsed: 753.0s
Battles: 1673/7800 | Vs: x        | Win Rate (Last 50):   6.0% | Speed: 7,224 steps/s (133 fights/min) | Elapsed: 754.0s
Battles: 1676/7800 | Vs: v3       | Win Rate (Last 50):   6.0% | Speed: 7,223 steps/s (133 fights/min) | Elapsed: 755.3s
Battles: 1679/7800 | Vs: amazon   | Win Rate (Last 50):   6.0% | Speed: 7,222 steps/s (133 fights/min) | Elapsed: 756.8s
Battles: 1682/7800 | Vs: riderman | Win Rate (Last 50):   6.0% | Speed: 7,221 steps/s (133 fights/min) | Elapsed: 758.4s
Battles: 1685/7800 | Vs: nigo     | Win Rate (Last 50):   4.0% | Speed: 7,221 steps/s (133 fights/min) | Elapsed: 759.7s
Battles: 1688/7800 | Vs: x        | Win Rate (Last 50):   4.0% | Speed: 7,219 steps/s (133 fights/min) | Elapsed: 761.3s
Battles: 1690/7800 | Vs: nigo     | Win Rate (Last 50):   4.0% | Speed: 7,219 steps/s (133 fights/min) | Elapsed: 762.3s
Battles: 1692/7800 | Vs: riderman | Win Rate (Last 50):   4.0% | Speed: 7,218 steps/s (132 fights/min) | Elapsed: 763.3s
Battles: 1695/7800 | Vs: nigo     | Win Rate (Last 50):   8.0% | Speed: 7,218 steps/s (132 fights/min) | Elapsed: 764.7s
Battles: 1698/7800 | Vs: x        | Win Rate (Last 50):   8.0% | Speed: 7,217 steps/s (132 fights/min) | Elapsed: 766.0s
Battles: 1701/7800 | Vs: v3       | Win Rate (Last 50):   8.0% | Speed: 7,216 steps/s (132 fights/min) | Elapsed: 767.5s
Battles: 1704/7800 | Vs: amazon   | Win Rate (Last 50):   6.0% | Speed: 7,215 steps/s (132 fights/min) | Elapsed: 768.8s
Battles: 1707/7800 | Vs: riderman | Win Rate (Last 50):   6.0% | Speed: 7,215 steps/s (132 fights/min) | Elapsed: 770.3s
Battles: 1710/7800 | Vs: nigo     | Win Rate (Last 50):   6.0% | Speed: 7,214 steps/s (132 fights/min) | Elapsed: 771.7s
Battles: 1712/7800 | Vs: riderman | Win Rate (Last 50):   6.0% | Speed: 7,213 steps/s (132 fights/min) | Elapsed: 772.7s
Battles: 1715/7800 | Vs: nigo     | Win Rate (Last 50):   8.0% | Speed: 7,212 steps/s (132 fights/min) | Elapsed: 774.2s
Battles: 1718/7800 | Vs: x        | Win Rate (Last 50):   8.0% | Speed: 7,212 steps/s (132 fights/min) | Elapsed: 775.6s
Battles: 1721/7800 | Vs: v3       | Win Rate (Last 50):   8.0% | Speed: 7,212 steps/s (132 fights/min) | Elapsed: 777.0s
Battles: 1723/7800 | Vs: x        | Win Rate (Last 50):   8.0% | Speed: 7,210 steps/s (132 fights/min) | Elapsed: 778.1s
Battles: 1726/7800 | Vs: v3       | Win Rate (Last 50):   8.0% | Speed: 7,210 steps/s (132 fights/min) | Elapsed: 779.5s
Battles: 1729/7800 | Vs: amazon   | Win Rate (Last 50):  10.0% | Speed: 7,209 steps/s (132 fights/min) | Elapsed: 780.8s
Battles: 1731/7800 | Vs: v3       | Win Rate (Last 50):  12.0% | Speed: 7,208 steps/s (132 fights/min) | Elapsed: 782.0s
Battles: 1734/7800 | Vs: amazon   | Win Rate (Last 50):  14.0% | Speed: 7,207 steps/s (132 fights/min) | Elapsed: 783.4s
Battles: 1736/7800 | Vs: v3       | Win Rate (Last 50):  14.0% | Speed: 7,206 steps/s (132 fights/min) | Elapsed: 784.4s
Battles: 1739/7800 | Vs: amazon   | Win Rate (Last 50):  16.0% | Speed: 7,206 steps/s (132 fights/min) | Elapsed: 785.7s
Battles: 1742/7800 | Vs: riderman | Win Rate (Last 50):  16.0% | Speed: 7,205 steps/s (132 fights/min) | Elapsed: 787.1s
Battles: 1745/7800 | Vs: nigo     | Win Rate (Last 50):  12.0% | Speed: 7,205 steps/s (132 fights/min) | Elapsed: 788.6s
Battles: 1748/7800 | Vs: x        | Win Rate (Last 50):  16.0% | Speed: 7,203 steps/s (132 fights/min) | Elapsed: 790.1s
Battles: 1751/7800 | Vs: v3       | Win Rate (Last 50):  16.0% | Speed: 7,203 steps/s (132 fights/min) | Elapsed: 791.5s
Battles: 1753/7800 | Vs: x        | Win Rate (Last 50):  16.0% | Speed: 7,202 steps/s (132 fights/min) | Elapsed: 792.5s
Battles: 1756/7800 | Vs: v3       | Win Rate (Last 50):  18.0% | Speed: 7,202 steps/s (132 fights/min) | Elapsed: 793.9s
Battles: 1758/7800 | Vs: x        | Win Rate (Last 50):  18.0% | Speed: 7,200 steps/s (132 fights/min) | Elapsed: 795.0s
Battles: 1761/7800 | Vs: v3       | Win Rate (Last 50):  18.0% | Speed: 7,200 steps/s (132 fights/min) | Elapsed: 796.5s
Battles: 1764/7800 | Vs: amazon   | Win Rate (Last 50):  16.0% | Speed: 7,200 steps/s (132 fights/min) | Elapsed: 797.9s
Battles: 1766/7800 | Vs: v3       | Win Rate (Last 50):  16.0% | Speed: 7,198 steps/s (132 fights/min) | Elapsed: 798.9s
Battles: 1768/7800 | Vs: x        | Win Rate (Last 50):  16.0% | Speed: 7,197 steps/s (132 fights/min) | Elapsed: 799.9s
Battles: 1770/7800 | Vs: nigo     | Win Rate (Last 50):  18.0% | Speed: 7,197 steps/s (132 fights/min) | Elapsed: 801.0s
Battles: 1772/7800 | Vs: riderman | Win Rate (Last 50):  18.0% | Speed: 7,196 steps/s (132 fights/min) | Elapsed: 802.1s
Battles: 1775/7800 | Vs: nigo     | Win Rate (Last 50):  16.0% | Speed: 7,195 steps/s (132 fights/min) | Elapsed: 803.6s
Battles: 1777/7800 | Vs: riderman | Win Rate (Last 50):  16.0% | Speed: 7,194 steps/s (132 fights/min) | Elapsed: 804.6s
Battles: 1779/7800 | Vs: amazon   | Win Rate (Last 50):  14.0% | Speed: 7,193 steps/s (132 fights/min) | Elapsed: 805.6s
Battles: 1782/7800 | Vs: riderman | Win Rate (Last 50):  12.0% | Speed: 7,193 steps/s (132 fights/min) | Elapsed: 807.0s
Battles: 1785/7800 | Vs: nigo     | Win Rate (Last 50):  12.0% | Speed: 7,192 steps/s (132 fights/min) | Elapsed: 808.5s
Battles: 1787/7800 | Vs: riderman | Win Rate (Last 50):  12.0% | Speed: 7,192 steps/s (132 fights/min) | Elapsed: 809.5s
Battles: 1790/7800 | Vs: nigo     | Win Rate (Last 50):  12.0% | Speed: 7,191 steps/s (132 fights/min) | Elapsed: 810.8s
Battles: 1793/7800 | Vs: x        | Win Rate (Last 50):  12.0% | Speed: 7,190 steps/s (132 fights/min) | Elapsed: 812.2s
Battles: 1795/7800 | Vs: nigo     | Win Rate (Last 50):  12.0% | Speed: 7,189 steps/s (132 fights/min) | Elapsed: 813.3s
Battles: 1798/7800 | Vs: x        | Win Rate (Last 50):   8.0% | Speed: 7,189 steps/s (132 fights/min) | Elapsed: 814.7s
Battles: 1801/7800 | Vs: v3       | Win Rate (Last 50):   8.0% | Speed: 7,188 steps/s (132 fights/min) | Elapsed: 816.2s
Battles: 1804/7800 | Vs: amazon   | Win Rate (Last 50):   6.0% | Speed: 7,187 steps/s (132 fights/min) | Elapsed: 817.5s
Battles: 1807/7800 | Vs: riderman | Win Rate (Last 50):   6.0% | Speed: 7,187 steps/s (132 fights/min) | Elapsed: 818.9s
Battles: 1810/7800 | Vs: nigo     | Win Rate (Last 50):   8.0% | Speed: 7,186 steps/s (132 fights/min) | Elapsed: 820.3s
Battles: 1813/7800 | Vs: x        | Win Rate (Last 50):   8.0% | Speed: 7,186 steps/s (132 fights/min) | Elapsed: 821.6s
Battles: 1815/7800 | Vs: nigo     | Win Rate (Last 50):   8.0% | Speed: 7,183 steps/s (132 fights/min) | Elapsed: 822.8s
Battles: 1817/7800 | Vs: riderman | Win Rate (Last 50):   8.0% | Speed: 7,183 steps/s (132 fights/min) | Elapsed: 823.9s
Battles: 1820/7800 | Vs: nigo     | Win Rate (Last 50):   6.0% | Speed: 7,182 steps/s (132 fights/min) | Elapsed: 825.4s
Battles: 1823/7800 | Vs: x        | Win Rate (Last 50):   6.0% | Speed: 7,182 steps/s (132 fights/min) | Elapsed: 826.7s
Battles: 1826/7800 | Vs: v3       | Win Rate (Last 50):   8.0% | Speed: 7,181 steps/s (132 fights/min) | Elapsed: 828.1s
Battles: 1829/7800 | Vs: amazon   | Win Rate (Last 50):   8.0% | Speed: 7,180 steps/s (132 fights/min) | Elapsed: 829.5s
Battles: 1831/7800 | Vs: v3       | Win Rate (Last 50):   8.0% | Speed: 7,180 steps/s (132 fights/min) | Elapsed: 830.5s
Battles: 1833/7800 | Vs: x        | Win Rate (Last 50):   8.0% | Speed: 7,180 steps/s (132 fights/min) | Elapsed: 831.5s
Battles: 1836/7800 | Vs: v3       | Win Rate (Last 50):   6.0% | Speed: 7,178 steps/s (132 fights/min) | Elapsed: 833.1s
Battles: 1838/7800 | Vs: x        | Win Rate (Last 50):   6.0% | Speed: 7,177 steps/s (132 fights/min) | Elapsed: 834.1s
Battles: 1841/7800 | Vs: v3       | Win Rate (Last 50):   4.0% | Speed: 7,176 steps/s (132 fights/min) | Elapsed: 835.5s
Battles: 1844/7800 | Vs: amazon   | Win Rate (Last 50):   6.0% | Speed: 7,176 steps/s (132 fights/min) | Elapsed: 836.7s
Battles: 1847/7800 | Vs: riderman | Win Rate (Last 50):   8.0% | Speed: 7,176 steps/s (132 fights/min) | Elapsed: 838.2s
Battles: 1850/7800 | Vs: nigo     | Win Rate (Last 50):   8.0% | Speed: 7,174 steps/s (132 fights/min) | Elapsed: 839.7s
Battles: 1853/7800 | Vs: x        | Win Rate (Last 50):   8.0% | Speed: 7,174 steps/s (132 fights/min) | Elapsed: 841.1s
Battles: 1856/7800 | Vs: v3       | Win Rate (Last 50):   8.0% | Speed: 7,173 steps/s (132 fights/min) | Elapsed: 842.5s
Battles: 1859/7800 | Vs: amazon   | Win Rate (Last 50):   6.0% | Speed: 7,171 steps/s (132 fights/min) | Elapsed: 844.0s
Battles: 1862/7800 | Vs: riderman | Win Rate (Last 50):   6.0% | Speed: 7,170 steps/s (132 fights/min) | Elapsed: 845.5s
Battles: 1865/7800 | Vs: nigo     | Win Rate (Last 50):   8.0% | Speed: 7,170 steps/s (132 fights/min) | Elapsed: 846.7s
Battles: 1868/7800 | Vs: x        | Win Rate (Last 50):   8.0% | Speed: 7,170 steps/s (132 fights/min) | Elapsed: 848.1s
Battles: 1871/7800 | Vs: v3       | Win Rate (Last 50):  10.0% | Speed: 7,169 steps/s (132 fights/min) | Elapsed: 849.4s
Battles: 1873/7800 | Vs: x        | Win Rate (Last 50):  10.0% | Speed: 7,168 steps/s (132 fights/min) | Elapsed: 850.5s
Battles: 1876/7800 | Vs: v3       | Win Rate (Last 50):  10.0% | Speed: 7,167 steps/s (132 fights/min) | Elapsed: 851.9s
Battles: 1878/7800 | Vs: x        | Win Rate (Last 50):  10.0% | Speed: 7,167 steps/s (132 fights/min) | Elapsed: 852.9s
Battles: 1880/7800 | Vs: nigo     | Win Rate (Last 50):  10.0% | Speed: 7,166 steps/s (132 fights/min) | Elapsed: 854.0s
Battles: 1883/7800 | Vs: x        | Win Rate (Last 50):  10.0% | Speed: 7,164 steps/s (132 fights/min) | Elapsed: 855.6s
Battles: 1885/7800 | Vs: nigo     | Win Rate (Last 50):  10.0% | Speed: 7,164 steps/s (132 fights/min) | Elapsed: 856.7s
Battles: 1888/7800 | Vs: x        | Win Rate (Last 50):  10.0% | Speed: 7,164 steps/s (132 fights/min) | Elapsed: 857.9s
Battles: 1890/7800 | Vs: nigo     | Win Rate (Last 50):  10.0% | Speed: 7,163 steps/s (132 fights/min) | Elapsed: 859.1s
Battles: 1892/7800 | Vs: riderman | Win Rate (Last 50):  10.0% | Speed: 7,162 steps/s (131 fights/min) | Elapsed: 860.1s
Battles: 1894/7800 | Vs: amazon   | Win Rate (Last 50):   8.0% | Speed: 7,161 steps/s (131 fights/min) | Elapsed: 861.2s
Battles: 1897/7800 | Vs: riderman | Win Rate (Last 50):   6.0% | Speed: 7,160 steps/s (131 fights/min) | Elapsed: 862.7s
Battles: 1900/7800 | Vs: nigo     | Win Rate (Last 50):   6.0% | Speed: 7,159 steps/s (131 fights/min) | Elapsed: 864.1s
Battles: 1902/7800 | Vs: riderman | Win Rate (Last 50):   6.0% | Speed: 7,158 steps/s (131 fights/min) | Elapsed: 865.2s
Battles: 1905/7800 | Vs: nigo     | Win Rate (Last 50):   6.0% | Speed: 7,157 steps/s (131 fights/min) | Elapsed: 866.7s
Battles: 1907/7800 | Vs: riderman | Win Rate (Last 50):   8.0% | Speed: 7,157 steps/s (131 fights/min) | Elapsed: 867.7s
Battles: 1910/7800 | Vs: nigo     | Win Rate (Last 50):   8.0% | Speed: 7,156 steps/s (131 fights/min) | Elapsed: 869.2s
Battles: 1913/7800 | Vs: x        | Win Rate (Last 50):   8.0% | Speed: 7,155 steps/s (131 fights/min) | Elapsed: 870.5s
Battles: 1916/7800 | Vs: v3       | Win Rate (Last 50):   8.0% | Speed: 7,155 steps/s (131 fights/min) | Elapsed: 871.9s
Battles: 1918/7800 | Vs: x        | Win Rate (Last 50):   8.0% | Speed: 7,154 steps/s (131 fights/min) | Elapsed: 872.9s
Battles: 1920/7800 | Vs: nigo     | Win Rate (Last 50):   6.0% | Speed: 7,154 steps/s (131 fights/min) | Elapsed: 873.9s
Battles: 1922/7800 | Vs: riderman | Win Rate (Last 50):   8.0% | Speed: 7,152 steps/s (131 fights/min) | Elapsed: 875.1s
Battles: 1925/7800 | Vs: nigo     | Win Rate (Last 50):  10.0% | Speed: 7,152 steps/s (131 fights/min) | Elapsed: 876.4s
Battles: 1928/7800 | Vs: x        | Win Rate (Last 50):  10.0% | Speed: 7,151 steps/s (131 fights/min) | Elapsed: 877.9s
Battles: 1931/7800 | Vs: v3       | Win Rate (Last 50):  12.0% | Speed: 7,150 steps/s (131 fights/min) | Elapsed: 879.3s
Battles: 1934/7800 | Vs: amazon   | Win Rate (Last 50):  14.0% | Speed: 7,149 steps/s (131 fights/min) | Elapsed: 880.7s
Battles: 1937/7800 | Vs: riderman | Win Rate (Last 50):  16.0% | Speed: 7,149 steps/s (131 fights/min) | Elapsed: 882.1s
Battles: 1940/7800 | Vs: nigo     | Win Rate (Last 50):  16.0% | Speed: 7,148 steps/s (131 fights/min) | Elapsed: 883.5s
Battles: 1943/7800 | Vs: x        | Win Rate (Last 50):  18.0% | Speed: 7,147 steps/s (131 fights/min) | Elapsed: 885.0s
Battles: 1946/7800 | Vs: v3       | Win Rate (Last 50):  20.0% | Speed: 7,146 steps/s (131 fights/min) | Elapsed: 886.4s
Battles: 1948/7800 | Vs: x        | Win Rate (Last 50):  20.0% | Speed: 7,146 steps/s (131 fights/min) | Elapsed: 887.4s
Battles: 1951/7800 | Vs: v3       | Win Rate (Last 50):  20.0% | Speed: 7,145 steps/s (131 fights/min) | Elapsed: 888.8s
Battles: 1954/7800 | Vs: amazon   | Win Rate (Last 50):  20.0% | Speed: 7,144 steps/s (131 fights/min) | Elapsed: 890.3s
Battles: 1957/7800 | Vs: riderman | Win Rate (Last 50):  18.0% | Speed: 7,143 steps/s (131 fights/min) | Elapsed: 891.7s
Battles: 1960/7800 | Vs: nigo     | Win Rate (Last 50):  20.0% | Speed: 7,143 steps/s (131 fights/min) | Elapsed: 893.1s
Battles: 1962/7800 | Vs: riderman | Win Rate (Last 50):  22.0% | Speed: 7,142 steps/s (131 fights/min) | Elapsed: 894.2s
Battles: 1964/7800 | Vs: amazon   | Win Rate (Last 50):  20.0% | Speed: 7,140 steps/s (131 fights/min) | Elapsed: 895.3s
Battles: 1967/7800 | Vs: riderman | Win Rate (Last 50):  20.0% | Speed: 7,140 steps/s (131 fights/min) | Elapsed: 896.8s
Battles: 1970/7800 | Vs: nigo     | Win Rate (Last 50):  20.0% | Speed: 7,140 steps/s (131 fights/min) | Elapsed: 898.1s
Battles: 1973/7800 | Vs: x        | Win Rate (Last 50):  16.0% | Speed: 7,139 steps/s (131 fights/min) | Elapsed: 899.6s
Battles: 1976/7800 | Vs: v3       | Win Rate (Last 50):  16.0% | Speed: 7,138 steps/s (131 fights/min) | Elapsed: 901.1s
Battles: 1979/7800 | Vs: amazon   | Win Rate (Last 50):  16.0% | Speed: 7,137 steps/s (131 fights/min) | Elapsed: 902.5s
Battles: 1981/7800 | Vs: v3       | Win Rate (Last 50):  16.0% | Speed: 7,137 steps/s (131 fights/min) | Elapsed: 903.5s
Battles: 1984/7800 | Vs: amazon   | Win Rate (Last 50):  16.0% | Speed: 7,137 steps/s (131 fights/min) | Elapsed: 904.8s
Battles: 1986/7800 | Vs: v3       | Win Rate (Last 50):  16.0% | Speed: 7,134 steps/s (131 fights/min) | Elapsed: 906.0s
Battles: 1988/7800 | Vs: x        | Win Rate (Last 50):  16.0% | Speed: 7,134 steps/s (131 fights/min) | Elapsed: 907.1s
Battles: 1991/7800 | Vs: v3       | Win Rate (Last 50):  18.0% | Speed: 7,133 steps/s (131 fights/min) | Elapsed: 908.5s
Battles: 1994/7800 | Vs: amazon   | Win Rate (Last 50):  16.0% | Speed: 7,133 steps/s (131 fights/min) | Elapsed: 909.7s
Battles: 1996/7800 | Vs: v3       | Win Rate (Last 50):  16.0% | Speed: 7,132 steps/s (131 fights/min) | Elapsed: 910.8s
Battles: 1998/7800 | Vs: x        | Win Rate (Last 50):  16.0% | Speed: 7,131 steps/s (131 fights/min) | Elapsed: 911.8s
Battles: 2000/7800 | Vs: nigo     | Win Rate (Last 50):  16.0% | Speed: 7,131 steps/s (131 fights/min) | Elapsed: 912.8s
Battles: 2003/7800 | Vs: x        | Win Rate (Last 50):  16.0% | Speed: 7,131 steps/s (131 fights/min) | Elapsed: 914.1s
Battles: 2006/7800 | Vs: v3       | Win Rate (Last 50):  16.0% | Speed: 7,129 steps/s (131 fights/min) | Elapsed: 915.6s
Battles: 2008/7800 | Vs: x        | Win Rate (Last 50):  16.0% | Speed: 7,128 steps/s (131 fights/min) | Elapsed: 916.7s
Battles: 2011/7800 | Vs: v3       | Win Rate (Last 50):  14.0% | Speed: 7,128 steps/s (131 fights/min) | Elapsed: 918.1s
Battles: 2013/7800 | Vs: x        | Win Rate (Last 50):  12.0% | Speed: 7,127 steps/s (131 fights/min) | Elapsed: 919.2s
Battles: 2016/7800 | Vs: v3       | Win Rate (Last 50):  12.0% | Speed: 7,126 steps/s (131 fights/min) | Elapsed: 920.7s
Battles: 2018/7800 | Vs: x        | Win Rate (Last 50):  14.0% | Speed: 7,125 steps/s (131 fights/min) | Elapsed: 921.7s
Battles: 2021/7800 | Vs: v3       | Win Rate (Last 50):  16.0% | Speed: 7,125 steps/s (131 fights/min) | Elapsed: 923.2s
Battles: 2023/7800 | Vs: x        | Win Rate (Last 50):  16.0% | Speed: 7,124 steps/s (131 fights/min) | Elapsed: 924.3s
Battles: 2025/7800 | Vs: nigo     | Win Rate (Last 50):  14.0% | Speed: 7,124 steps/s (131 fights/min) | Elapsed: 925.4s
Battles: 2027/7800 | Vs: riderman | Win Rate (Last 50):  12.0% | Speed: 7,123 steps/s (131 fights/min) | Elapsed: 926.4s
Battles: 2029/7800 | Vs: amazon   | Win Rate (Last 50):  12.0% | Speed: 7,121 steps/s (131 fights/min) | Elapsed: 927.5s
Battles: 2032/7800 | Vs: riderman | Win Rate (Last 50):  12.0% | Speed: 7,121 steps/s (131 fights/min) | Elapsed: 928.9s
Battles: 2035/7800 | Vs: nigo     | Win Rate (Last 50):  10.0% | Speed: 7,120 steps/s (131 fights/min) | Elapsed: 930.4s
Battles: 2037/7800 | Vs: riderman | Win Rate (Last 50):   8.0% | Speed: 7,120 steps/s (131 fights/min) | Elapsed: 931.5s
Battles: 2040/7800 | Vs: nigo     | Win Rate (Last 50):   8.0% | Speed: 7,119 steps/s (131 fights/min) | Elapsed: 932.9s
Battles: 2043/7800 | Vs: x        | Win Rate (Last 50):  10.0% | Speed: 7,118 steps/s (131 fights/min) | Elapsed: 934.2s
Battles: 2046/7800 | Vs: v3       | Win Rate (Last 50):   8.0% | Speed: 7,118 steps/s (131 fights/min) | Elapsed: 935.7s
Battles: 2048/7800 | Vs: x        | Win Rate (Last 50):   8.0% | Speed: 7,116 steps/s (131 fights/min) | Elapsed: 936.9s
Battles: 2051/7800 | Vs: v3       | Win Rate (Last 50):   8.0% | Speed: 7,115 steps/s (131 fights/min) | Elapsed: 938.3s
Battles: 2054/7800 | Vs: amazon   | Win Rate (Last 50):   8.0% | Speed: 7,114 steps/s (131 fights/min) | Elapsed: 939.7s
Battles: 2057/7800 | Vs: riderman | Win Rate (Last 50):   8.0% | Speed: 7,113 steps/s (131 fights/min) | Elapsed: 941.2s
Battles: 2059/7800 | Vs: amazon   | Win Rate (Last 50):  10.0% | Speed: 7,113 steps/s (131 fights/min) | Elapsed: 942.3s
Battles: 2062/7800 | Vs: riderman | Win Rate (Last 50):  12.0% | Speed: 7,113 steps/s (131 fights/min) | Elapsed: 943.7s
Battles: 2064/7800 | Vs: amazon   | Win Rate (Last 50):  12.0% | Speed: 7,112 steps/s (131 fights/min) | Elapsed: 944.8s
Battles: 2066/7800 | Vs: v3       | Win Rate (Last 50):  12.0% | Speed: 7,111 steps/s (131 fights/min) | Elapsed: 945.9s
Battles: 2068/7800 | Vs: x        | Win Rate (Last 50):  10.0% | Speed: 7,110 steps/s (131 fights/min) | Elapsed: 947.0s
Battles: 2071/7800 | Vs: v3       | Win Rate (Last 50):   8.0% | Speed: 7,109 steps/s (131 fights/min) | Elapsed: 948.5s
Battles: 2074/7800 | Vs: amazon   | Win Rate (Last 50):  10.0% | Speed: 7,108 steps/s (131 fights/min) | Elapsed: 949.9s
Battles: 2076/7800 | Vs: v3       | Win Rate (Last 50):  12.0% | Speed: 7,108 steps/s (130 fights/min) | Elapsed: 950.9s
Battles: 2079/7800 | Vs: amazon   | Win Rate (Last 50):  14.0% | Speed: 7,107 steps/s (130 fights/min) | Elapsed: 952.5s
Battles: 2082/7800 | Vs: riderman | Win Rate (Last 50):  14.0% | Speed: 7,106 steps/s (130 fights/min) | Elapsed: 953.8s
Battles: 2085/7800 | Vs: nigo     | Win Rate (Last 50):  16.0% | Speed: 7,106 steps/s (130 fights/min) | Elapsed: 955.1s
Battles: 2088/7800 | Vs: x        | Win Rate (Last 50):  16.0% | Speed: 7,105 steps/s (130 fights/min) | Elapsed: 956.5s
Battles: 2090/7800 | Vs: nigo     | Win Rate (Last 50):  16.0% | Speed: 7,103 steps/s (130 fights/min) | Elapsed: 957.7s
Battles: 2093/7800 | Vs: x        | Win Rate (Last 50):  14.0% | Speed: 7,103 steps/s (130 fights/min) | Elapsed: 959.1s
Battles: 2095/7800 | Vs: nigo     | Win Rate (Last 50):  16.0% | Speed: 7,103 steps/s (130 fights/min) | Elapsed: 960.1s
Battles: 2097/7800 | Vs: riderman | Win Rate (Last 50):  16.0% | Speed: 7,101 steps/s (130 fights/min) | Elapsed: 961.2s
Battles: 2099/7800 | Vs: amazon   | Win Rate (Last 50):  16.0% | Speed: 7,101 steps/s (130 fights/min) | Elapsed: 962.3s
Battles: 2102/7800 | Vs: riderman | Win Rate (Last 50):  16.0% | Speed: 7,100 steps/s (130 fights/min) | Elapsed: 963.8s
Battles: 2104/7800 | Vs: amazon   | Win Rate (Last 50):  16.0% | Speed: 7,100 steps/s (130 fights/min) | Elapsed: 964.8s
Battles: 2107/7800 | Vs: riderman | Win Rate (Last 50):  16.0% | Speed: 7,099 steps/s (130 fights/min) | Elapsed: 966.3s
Battles: 2109/7800 | Vs: amazon   | Win Rate (Last 50):  14.0% | Speed: 7,097 steps/s (130 fights/min) | Elapsed: 967.4s
Battles: 2112/7800 | Vs: riderman | Win Rate (Last 50):  12.0% | Speed: 7,097 steps/s (130 fights/min) | Elapsed: 968.7s
Battles: 2115/7800 | Vs: nigo     | Win Rate (Last 50):  14.0% | Speed: 7,096 steps/s (130 fights/min) | Elapsed: 970.2s
Battles: 2117/7800 | Vs: riderman | Win Rate (Last 50):  14.0% | Speed: 7,096 steps/s (130 fights/min) | Elapsed: 971.2s
Battles: 2119/7800 | Vs: amazon   | Win Rate (Last 50):  14.0% | Speed: 7,095 steps/s (130 fights/min) | Elapsed: 972.3s
Battles: 2121/7800 | Vs: v3       | Win Rate (Last 50):  14.0% | Speed: 7,094 steps/s (130 fights/min) | Elapsed: 973.3s
Battles: 2124/7800 | Vs: amazon   | Win Rate (Last 50):  12.0% | Speed: 7,094 steps/s (130 fights/min) | Elapsed: 974.7s
Battles: 2127/7800 | Vs: riderman | Win Rate (Last 50):  10.0% | Speed: 7,094 steps/s (130 fights/min) | Elapsed: 976.0s
Battles: 2130/7800 | Vs: nigo     | Win Rate (Last 50):   8.0% | Speed: 7,091 steps/s (130 fights/min) | Elapsed: 977.7s
Battles: 2132/7800 | Vs: riderman | Win Rate (Last 50):   8.0% | Speed: 7,090 steps/s (130 fights/min) | Elapsed: 978.8s
Battles: 2135/7800 | Vs: nigo     | Win Rate (Last 50):   8.0% | Speed: 7,090 steps/s (130 fights/min) | Elapsed: 980.2s
Battles: 2138/7800 | Vs: x        | Win Rate (Last 50):   8.0% | Speed: 7,089 steps/s (130 fights/min) | Elapsed: 981.6s
Battles: 2141/7800 | Vs: v3       | Win Rate (Last 50):   8.0% | Speed: 7,088 steps/s (130 fights/min) | Elapsed: 983.1s
Battles: 2144/7800 | Vs: amazon   | Win Rate (Last 50):   8.0% | Speed: 7,088 steps/s (130 fights/min) | Elapsed: 984.5s
Battles: 2147/7800 | Vs: riderman | Win Rate (Last 50):   8.0% | Speed: 7,087 steps/s (130 fights/min) | Elapsed: 986.0s
Battles: 2150/7800 | Vs: nigo     | Win Rate (Last 50):   8.0% | Speed: 7,086 steps/s (130 fights/min) | Elapsed: 987.4s
Battles: 2152/7800 | Vs: riderman | Win Rate (Last 50):   8.0% | Speed: 7,084 steps/s (130 fights/min) | Elapsed: 988.7s
Battles: 2155/7800 | Vs: nigo     | Win Rate (Last 50):  10.0% | Speed: 7,084 steps/s (130 fights/min) | Elapsed: 990.1s
Battles: 2158/7800 | Vs: x        | Win Rate (Last 50):  10.0% | Speed: 7,083 steps/s (130 fights/min) | Elapsed: 991.6s
Battles: 2161/7800 | Vs: v3       | Win Rate (Last 50):  12.0% | Speed: 7,082 steps/s (130 fights/min) | Elapsed: 993.0s
Battles: 2163/7800 | Vs: x        | Win Rate (Last 50):  12.0% | Speed: 7,082 steps/s (130 fights/min) | Elapsed: 994.0s
Battles: 2165/7800 | Vs: nigo     | Win Rate (Last 50):  10.0% | Speed: 7,081 steps/s (130 fights/min) | Elapsed: 995.0s
Battles: 2168/7800 | Vs: x        | Win Rate (Last 50):  12.0% | Speed: 7,081 steps/s (130 fights/min) | Elapsed: 996.4s
Battles: 2171/7800 | Vs: v3       | Win Rate (Last 50):  12.0% | Speed: 7,080 steps/s (130 fights/min) | Elapsed: 997.9s
Battles: 2173/7800 | Vs: x        | Win Rate (Last 50):  12.0% | Speed: 7,079 steps/s (130 fights/min) | Elapsed: 999.1s
Battles: 2175/7800 | Vs: nigo     | Win Rate (Last 50):  14.0% | Speed: 7,078 steps/s (130 fights/min) | Elapsed: 1000.2s
Battles: 2178/7800 | Vs: x        | Win Rate (Last 50):  14.0% | Speed: 7,077 steps/s (130 fights/min) | Elapsed: 1001.7s
Battles: 2181/7800 | Vs: v3       | Win Rate (Last 50):  16.0% | Speed: 7,076 steps/s (130 fights/min) | Elapsed: 1003.2s
Battles: 2184/7800 | Vs: amazon   | Win Rate (Last 50):  16.0% | Speed: 7,076 steps/s (130 fights/min) | Elapsed: 1004.5s
Battles: 2186/7800 | Vs: v3       | Win Rate (Last 50):  14.0% | Speed: 7,075 steps/s (130 fights/min) | Elapsed: 1005.6s
Battles: 2189/7800 | Vs: amazon   | Win Rate (Last 50):  12.0% | Speed: 7,075 steps/s (130 fights/min) | Elapsed: 1007.0s
Battles: 2191/7800 | Vs: v3       | Win Rate (Last 50):  12.0% | Speed: 7,074 steps/s (130 fights/min) | Elapsed: 1008.0s
Battles: 2193/7800 | Vs: x        | Win Rate (Last 50):  14.0% | Speed: 7,073 steps/s (130 fights/min) | Elapsed: 1009.1s
Battles: 2196/7800 | Vs: v3       | Win Rate (Last 50):  14.0% | Speed: 7,072 steps/s (130 fights/min) | Elapsed: 1010.4s
Battles: 2199/7800 | Vs: amazon   | Win Rate (Last 50):  14.0% | Speed: 7,071 steps/s (130 fights/min) | Elapsed: 1011.9s
Battles: 2202/7800 | Vs: riderman | Win Rate (Last 50):  14.0% | Speed: 7,070 steps/s (130 fights/min) | Elapsed: 1013.4s
Battles: 2204/7800 | Vs: amazon   | Win Rate (Last 50):  12.0% | Speed: 7,070 steps/s (130 fights/min) | Elapsed: 1014.4s
Battles: 2207/7800 | Vs: riderman | Win Rate (Last 50):  12.0% | Speed: 7,069 steps/s (130 fights/min) | Elapsed: 1015.9s
Battles: 2209/7800 | Vs: amazon   | Win Rate (Last 50):  10.0% | Speed: 7,068 steps/s (130 fights/min) | Elapsed: 1017.2s
Battles: 2212/7800 | Vs: riderman | Win Rate (Last 50):  10.0% | Speed: 7,066 steps/s (130 fights/min) | Elapsed: 1018.8s
Battles: 2215/7800 | Vs: nigo     | Win Rate (Last 50):  10.0% | Speed: 7,066 steps/s (130 fights/min) | Elapsed: 1020.3s
Battles: 2218/7800 | Vs: x        | Win Rate (Last 50):   8.0% | Speed: 7,065 steps/s (130 fights/min) | Elapsed: 1021.8s
Battles: 2221/7800 | Vs: v3       | Win Rate (Last 50):  10.0% | Speed: 7,064 steps/s (130 fights/min) | Elapsed: 1023.1s
Battles: 2223/7800 | Vs: x        | Win Rate (Last 50):  10.0% | Speed: 7,064 steps/s (130 fights/min) | Elapsed: 1024.1s
Battles: 2226/7800 | Vs: v3       | Win Rate (Last 50):   8.0% | Speed: 7,063 steps/s (130 fights/min) | Elapsed: 1025.4s
Battles: 2229/7800 | Vs: amazon   | Win Rate (Last 50):   8.0% | Speed: 7,063 steps/s (130 fights/min) | Elapsed: 1026.9s
Battles: 2231/7800 | Vs: v3       | Win Rate (Last 50):   8.0% | Speed: 7,062 steps/s (130 fights/min) | Elapsed: 1027.9s
Battles: 2233/7800 | Vs: x        | Win Rate (Last 50):  10.0% | Speed: 7,061 steps/s (130 fights/min) | Elapsed: 1028.9s
Battles: 2235/7800 | Vs: nigo     | Win Rate (Last 50):  10.0% | Speed: 7,060 steps/s (130 fights/min) | Elapsed: 1030.0s
Battles: 2238/7800 | Vs: x        | Win Rate (Last 50):  10.0% | Speed: 7,060 steps/s (130 fights/min) | Elapsed: 1031.4s
Battles: 2240/7800 | Vs: nigo     | Win Rate (Last 50):  10.0% | Speed: 7,059 steps/s (130 fights/min) | Elapsed: 1032.5s
Battles: 2243/7800 | Vs: x        | Win Rate (Last 50):   8.0% | Speed: 7,058 steps/s (130 fights/min) | Elapsed: 1033.9s
Battles: 2246/7800 | Vs: v3       | Win Rate (Last 50):   6.0% | Speed: 7,058 steps/s (130 fights/min) | Elapsed: 1035.4s
Battles: 2248/7800 | Vs: x        | Win Rate (Last 50):   6.0% | Speed: 7,057 steps/s (130 fights/min) | Elapsed: 1036.5s
Battles: 2251/7800 | Vs: v3       | Win Rate (Last 50):   6.0% | Speed: 7,057 steps/s (130 fights/min) | Elapsed: 1037.9s
Battles: 2253/7800 | Vs: x        | Win Rate (Last 50):   6.0% | Speed: 7,054 steps/s (130 fights/min) | Elapsed: 1039.2s
Battles: 2255/7800 | Vs: nigo     | Win Rate (Last 50):   8.0% | Speed: 7,054 steps/s (130 fights/min) | Elapsed: 1040.2s
Battles: 2258/7800 | Vs: x        | Win Rate (Last 50):   8.0% | Speed: 7,053 steps/s (130 fights/min) | Elapsed: 1041.6s
Battles: 2260/7800 | Vs: nigo     | Win Rate (Last 50):   8.0% | Speed: 7,053 steps/s (130 fights/min) | Elapsed: 1042.6s
Battles: 2262/7800 | Vs: riderman | Win Rate (Last 50):   8.0% | Speed: 7,052 steps/s (130 fights/min) | Elapsed: 1043.7s
Battles: 2264/7800 | Vs: amazon   | Win Rate (Last 50):  10.0% | Speed: 7,051 steps/s (130 fights/min) | Elapsed: 1044.7s
Battles: 2267/7800 | Vs: riderman | Win Rate (Last 50):  10.0% | Speed: 7,051 steps/s (130 fights/min) | Elapsed: 1046.1s
Battles: 2270/7800 | Vs: nigo     | Win Rate (Last 50):   8.0% | Speed: 7,051 steps/s (130 fights/min) | Elapsed: 1047.5s
Battles: 2273/7800 | Vs: x        | Win Rate (Last 50):   8.0% | Speed: 7,050 steps/s (130 fights/min) | Elapsed: 1048.9s
Battles: 2275/7800 | Vs: nigo     | Win Rate (Last 50):  10.0% | Speed: 7,048 steps/s (129 fights/min) | Elapsed: 1050.1s
Battles: 2278/7800 | Vs: x        | Win Rate (Last 50):  10.0% | Speed: 7,048 steps/s (129 fights/min) | Elapsed: 1051.5s
Battles: 2280/7800 | Vs: nigo     | Win Rate (Last 50):   8.0% | Speed: 7,047 steps/s (129 fights/min) | Elapsed: 1052.5s
Battles: 2283/7800 | Vs: x        | Win Rate (Last 50):   8.0% | Speed: 7,047 steps/s (129 fights/min) | Elapsed: 1053.9s
Battles: 2285/7800 | Vs: nigo     | Win Rate (Last 50):   8.0% | Speed: 7,046 steps/s (129 fights/min) | Elapsed: 1055.0s
Battles: 2287/7800 | Vs: riderman | Win Rate (Last 50):   8.0% | Speed: 7,046 steps/s (129 fights/min) | Elapsed: 1056.0s
Battles: 2289/7800 | Vs: amazon   | Win Rate (Last 50):   8.0% | Speed: 7,045 steps/s (129 fights/min) | Elapsed: 1057.1s
Battles: 2291/7800 | Vs: v3       | Win Rate (Last 50):   8.0% | Speed: 7,045 steps/s (129 fights/min) | Elapsed: 1058.1s
Battles: 2294/7800 | Vs: amazon   | Win Rate (Last 50):  10.0% | Speed: 7,044 steps/s (129 fights/min) | Elapsed: 1059.5s
Battles: 2296/7800 | Vs: v3       | Win Rate (Last 50):  12.0% | Speed: 7,042 steps/s (129 fights/min) | Elapsed: 1060.8s
Battles: 2299/7800 | Vs: amazon   | Win Rate (Last 50):  12.0% | Speed: 7,041 steps/s (129 fights/min) | Elapsed: 1062.3s
Battles: 2302/7800 | Vs: riderman | Win Rate (Last 50):  12.0% | Speed: 7,041 steps/s (129 fights/min) | Elapsed: 1063.7s
Battles: 2305/7800 | Vs: nigo     | Win Rate (Last 50):  10.0% | Speed: 7,041 steps/s (129 fights/min) | Elapsed: 1065.0s
Battles: 2307/7800 | Vs: riderman | Win Rate (Last 50):  10.0% | Speed: 7,040 steps/s (129 fights/min) | Elapsed: 1066.1s
Battles: 2309/7800 | Vs: amazon   | Win Rate (Last 50):  10.0% | Speed: 7,040 steps/s (129 fights/min) | Elapsed: 1067.1s
Battles: 2311/7800 | Vs: v3       | Win Rate (Last 50):  10.0% | Speed: 7,039 steps/s (129 fights/min) | Elapsed: 1068.2s
Battles: 2313/7800 | Vs: x        | Win Rate (Last 50):  10.0% | Speed: 7,039 steps/s (129 fights/min) | Elapsed: 1069.2s
Battles: 2315/7800 | Vs: nigo     | Win Rate (Last 50):   8.0% | Speed: 7,037 steps/s (129 fights/min) | Elapsed: 1070.3s
Battles: 2318/7800 | Vs: x        | Win Rate (Last 50):   8.0% | Speed: 7,036 steps/s (129 fights/min) | Elapsed: 1071.9s
Battles: 2321/7800 | Vs: v3       | Win Rate (Last 50):  10.0% | Speed: 7,036 steps/s (129 fights/min) | Elapsed: 1073.2s
Battles: 2324/7800 | Vs: amazon   | Win Rate (Last 50):   8.0% | Speed: 7,035 steps/s (129 fights/min) | Elapsed: 1074.6s
Battles: 2327/7800 | Vs: riderman | Win Rate (Last 50):  10.0% | Speed: 7,035 steps/s (129 fights/min) | Elapsed: 1076.1s
Battles: 2330/7800 | Vs: nigo     | Win Rate (Last 50):  10.0% | Speed: 7,034 steps/s (129 fights/min) | Elapsed: 1077.6s
Battles: 2333/7800 | Vs: x        | Win Rate (Last 50):   8.0% | Speed: 7,033 steps/s (129 fights/min) | Elapsed: 1079.0s
Battles: 2336/7800 | Vs: v3       | Win Rate (Last 50):  12.0% | Speed: 7,032 steps/s (129 fights/min) | Elapsed: 1080.6s
Battles: 2339/7800 | Vs: amazon   | Win Rate (Last 50):  12.0% | Speed: 7,031 steps/s (129 fights/min) | Elapsed: 1081.9s
Battles: 2341/7800 | Vs: v3       | Win Rate (Last 50):  12.0% | Speed: 7,030 steps/s (129 fights/min) | Elapsed: 1083.1s
Battles: 2344/7800 | Vs: amazon   | Win Rate (Last 50):  10.0% | Speed: 7,030 steps/s (129 fights/min) | Elapsed: 1084.5s
Battles: 2346/7800 | Vs: v3       | Win Rate (Last 50):   8.0% | Speed: 7,029 steps/s (129 fights/min) | Elapsed: 1085.5s
Battles: 2349/7800 | Vs: amazon   | Win Rate (Last 50):  10.0% | Speed: 7,029 steps/s (129 fights/min) | Elapsed: 1086.9s
Battles: 2351/7800 | Vs: v3       | Win Rate (Last 50):  10.0% | Speed: 7,028 steps/s (129 fights/min) | Elapsed: 1088.1s
Battles: 2354/7800 | Vs: amazon   | Win Rate (Last 50):  12.0% | Speed: 7,027 steps/s (129 fights/min) | Elapsed: 1089.6s
Battles: 2356/7800 | Vs: v3       | Win Rate (Last 50):  12.0% | Speed: 7,026 steps/s (129 fights/min) | Elapsed: 1090.7s
Battles: 2359/7800 | Vs: amazon   | Win Rate (Last 50):  14.0% | Speed: 7,025 steps/s (129 fights/min) | Elapsed: 1092.1s
Battles: 2361/7800 | Vs: v3       | Win Rate (Last 50):  14.0% | Speed: 7,025 steps/s (129 fights/min) | Elapsed: 1093.2s
Battles: 2363/7800 | Vs: x        | Win Rate (Last 50):  14.0% | Speed: 7,024 steps/s (129 fights/min) | Elapsed: 1094.4s
Battles: 2366/7800 | Vs: v3       | Win Rate (Last 50):  14.0% | Speed: 7,023 steps/s (129 fights/min) | Elapsed: 1095.9s
Battles: 2369/7800 | Vs: amazon   | Win Rate (Last 50):  12.0% | Speed: 7,022 steps/s (129 fights/min) | Elapsed: 1097.3s
Battles: 2371/7800 | Vs: v3       | Win Rate (Last 50):  12.0% | Speed: 7,021 steps/s (129 fights/min) | Elapsed: 1098.5s
Battles: 2374/7800 | Vs: amazon   | Win Rate (Last 50):  12.0% | Speed: 7,021 steps/s (129 fights/min) | Elapsed: 1099.9s
Battles: 2376/7800 | Vs: v3       | Win Rate (Last 50):  10.0% | Speed: 7,019 steps/s (129 fights/min) | Elapsed: 1101.1s
Battles: 2378/7800 | Vs: x        | Win Rate (Last 50):  10.0% | Speed: 7,019 steps/s (129 fights/min) | Elapsed: 1102.1s
Battles: 2380/7800 | Vs: nigo     | Win Rate (Last 50):  12.0% | Speed: 7,018 steps/s (129 fights/min) | Elapsed: 1103.2s
Battles: 2382/7800 | Vs: riderman | Win Rate (Last 50):  12.0% | Speed: 7,018 steps/s (129 fights/min) | Elapsed: 1104.3s
Battles: 2384/7800 | Vs: amazon   | Win Rate (Last 50):  10.0% | Speed: 7,016 steps/s (129 fights/min) | Elapsed: 1105.5s
Battles: 2387/7800 | Vs: riderman | Win Rate (Last 50):   8.0% | Speed: 7,016 steps/s (129 fights/min) | Elapsed: 1107.0s
Battles: 2389/7800 | Vs: amazon   | Win Rate (Last 50):   8.0% | Speed: 7,015 steps/s (129 fights/min) | Elapsed: 1108.0s
Battles: 2391/7800 | Vs: v3       | Win Rate (Last 50):  10.0% | Speed: 7,015 steps/s (129 fights/min) | Elapsed: 1109.1s
Battles: 2393/7800 | Vs: x        | Win Rate (Last 50):  10.0% | Speed: 7,014 steps/s (129 fights/min) | Elapsed: 1110.1s
Battles: 2395/7800 | Vs: nigo     | Win Rate (Last 50):  10.0% | Speed: 7,013 steps/s (129 fights/min) | Elapsed: 1111.3s
Battles: 2398/7800 | Vs: x        | Win Rate (Last 50):  12.0% | Speed: 7,010 steps/s (129 fights/min) | Elapsed: 1113.2s
Battles: 2400/7800 | Vs: nigo     | Win Rate (Last 50):  10.0% | Speed: 7,009 steps/s (129 fights/min) | Elapsed: 1114.5s
Battles: 2402/7800 | Vs: riderman | Win Rate (Last 50):  10.0% | Speed: 7,007 steps/s (129 fights/min) | Elapsed: 1115.6s
Battles: 2405/7800 | Vs: nigo     | Win Rate (Last 50):   8.0% | Speed: 7,007 steps/s (129 fights/min) | Elapsed: 1117.2s
Battles: 2407/7800 | Vs: riderman | Win Rate (Last 50):   8.0% | Speed: 7,006 steps/s (129 fights/min) | Elapsed: 1118.2s
Battles: 2410/7800 | Vs: nigo     | Win Rate (Last 50):   6.0% | Speed: 7,005 steps/s (129 fights/min) | Elapsed: 1119.7s
Battles: 2412/7800 | Vs: riderman | Win Rate (Last 50):   6.0% | Speed: 7,005 steps/s (129 fights/min) | Elapsed: 1120.7s
Battles: 2414/7800 | Vs: amazon   | Win Rate (Last 50):   8.0% | Speed: 7,003 steps/s (129 fights/min) | Elapsed: 1122.0s
Battles: 2417/7800 | Vs: riderman | Win Rate (Last 50):   8.0% | Speed: 7,002 steps/s (129 fights/min) | Elapsed: 1123.4s
Battles: 2419/7800 | Vs: amazon   | Win Rate (Last 50):   8.0% | Speed: 7,002 steps/s (129 fights/min) | Elapsed: 1124.4s
Battles: 2422/7800 | Vs: riderman | Win Rate (Last 50):   8.0% | Speed: 7,001 steps/s (129 fights/min) | Elapsed: 1126.0s
Battles: 2425/7800 | Vs: nigo     | Win Rate (Last 50):  10.0% | Speed: 7,000 steps/s (129 fights/min) | Elapsed: 1127.5s
Battles: 2427/7800 | Vs: riderman | Win Rate (Last 50):  10.0% | Speed: 6,999 steps/s (129 fights/min) | Elapsed: 1128.6s
Battles: 2430/7800 | Vs: nigo     | Win Rate (Last 50):   8.0% | Speed: 6,999 steps/s (129 fights/min) | Elapsed: 1130.0s
Battles: 2433/7800 | Vs: x        | Win Rate (Last 50):  10.0% | Speed: 6,998 steps/s (129 fights/min) | Elapsed: 1131.4s
Battles: 2435/7800 | Vs: nigo     | Win Rate (Last 50):  10.0% | Speed: 6,996 steps/s (128 fights/min) | Elapsed: 1132.7s
Battles: 2437/7800 | Vs: riderman | Win Rate (Last 50):  10.0% | Speed: 6,996 steps/s (128 fights/min) | Elapsed: 1133.8s
Battles: 2440/7800 | Vs: nigo     | Win Rate (Last 50):  12.0% | Speed: 6,995 steps/s (128 fights/min) | Elapsed: 1135.2s
Battles: 2443/7800 | Vs: x        | Win Rate (Last 50):  10.0% | Speed: 6,995 steps/s (128 fights/min) | Elapsed: 1136.7s
Battles: 2445/7800 | Vs: nigo     | Win Rate (Last 50):  12.0% | Speed: 6,994 steps/s (128 fights/min) | Elapsed: 1137.8s
Battles: 2447/7800 | Vs: riderman | Win Rate (Last 50):  10.0% | Speed: 6,994 steps/s (128 fights/min) | Elapsed: 1138.8s
Battles: 2450/7800 | Vs: nigo     | Win Rate (Last 50):  10.0% | Speed: 6,993 steps/s (128 fights/min) | Elapsed: 1140.3s
Battles: 2452/7800 | Vs: riderman | Win Rate (Last 50):  10.0% | Speed: 6,992 steps/s (128 fights/min) | Elapsed: 1141.3s
Battles: 2454/7800 | Vs: amazon   | Win Rate (Last 50):  12.0% | Speed: 6,991 steps/s (128 fights/min) | Elapsed: 1142.4s
Battles: 2456/7800 | Vs: v3       | Win Rate (Last 50):  12.0% | Speed: 6,991 steps/s (128 fights/min) | Elapsed: 1143.4s
Battles: 2458/7800 | Vs: x        | Win Rate (Last 50):  12.0% | Speed: 6,990 steps/s (128 fights/min) | Elapsed: 1144.4s
Battles: 2461/7800 | Vs: v3       | Win Rate (Last 50):  14.0% | Speed: 6,990 steps/s (128 fights/min) | Elapsed: 1145.7s
Battles: 2463/7800 | Vs: x        | Win Rate (Last 50):  14.0% | Speed: 6,989 steps/s (128 fights/min) | Elapsed: 1146.7s
Battles: 2466/7800 | Vs: v3       | Win Rate (Last 50):  14.0% | Speed: 6,989 steps/s (128 fights/min) | Elapsed: 1148.1s
Battles: 2468/7800 | Vs: x        | Win Rate (Last 50):  14.0% | Speed: 6,988 steps/s (128 fights/min) | Elapsed: 1149.2s
Battles: 2470/7800 | Vs: nigo     | Win Rate (Last 50):  14.0% | Speed: 6,988 steps/s (128 fights/min) | Elapsed: 1150.3s
Battles: 2472/7800 | Vs: riderman | Win Rate (Last 50):  14.0% | Speed: 6,987 steps/s (128 fights/min) | Elapsed: 1151.4s
Battles: 2474/7800 | Vs: amazon   | Win Rate (Last 50):  12.0% | Speed: 6,987 steps/s (128 fights/min) | Elapsed: 1152.4s
Battles: 2476/7800 | Vs: v3       | Win Rate (Last 50):  12.0% | Speed: 6,986 steps/s (128 fights/min) | Elapsed: 1153.6s
Battles: 2478/7800 | Vs: x        | Win Rate (Last 50):  12.0% | Speed: 6,985 steps/s (128 fights/min) | Elapsed: 1154.6s
Battles: 2480/7800 | Vs: nigo     | Win Rate (Last 50):  12.0% | Speed: 6,985 steps/s (128 fights/min) | Elapsed: 1155.6s
Battles: 2482/7800 | Vs: riderman | Win Rate (Last 50):  10.0% | Speed: 6,984 steps/s (128 fights/min) | Elapsed: 1156.6s
Battles: 2485/7800 | Vs: nigo     | Win Rate (Last 50):  10.0% | Speed: 6,984 steps/s (128 fights/min) | Elapsed: 1158.1s
Battles: 2487/7800 | Vs: riderman | Win Rate (Last 50):  10.0% | Speed: 6,983 steps/s (128 fights/min) | Elapsed: 1159.3s
Battles: 2489/7800 | Vs: amazon   | Win Rate (Last 50):   8.0% | Speed: 6,982 steps/s (128 fights/min) | Elapsed: 1160.4s
Battles: 2491/7800 | Vs: v3       | Win Rate (Last 50):   8.0% | Speed: 6,981 steps/s (128 fights/min) | Elapsed: 1161.5s
Battles: 2494/7800 | Vs: amazon   | Win Rate (Last 50):  10.0% | Speed: 6,980 steps/s (128 fights/min) | Elapsed: 1162.9s
Battles: 2496/7800 | Vs: v3       | Win Rate (Last 50):  10.0% | Speed: 6,980 steps/s (128 fights/min) | Elapsed: 1164.0s
Battles: 2498/7800 | Vs: x        | Win Rate (Last 50):  14.0% | Speed: 6,979 steps/s (128 fights/min) | Elapsed: 1165.0s
Battles: 2500/7800 | Vs: nigo     | Win Rate (Last 50):  14.0% | Speed: 6,979 steps/s (128 fights/min) | Elapsed: 1166.1s
Battles: 2503/7800 | Vs: x        | Win Rate (Last 50):  16.0% | Speed: 6,978 steps/s (128 fights/min) | Elapsed: 1167.6s
Battles: 2505/7800 | Vs: nigo     | Win Rate (Last 50):  16.0% | Speed: 6,978 steps/s (128 fights/min) | Elapsed: 1168.6s
Battles: 2507/7800 | Vs: riderman | Win Rate (Last 50):  20.0% | Speed: 6,977 steps/s (128 fights/min) | Elapsed: 1169.7s
Battles: 2510/7800 | Vs: nigo     | Win Rate (Last 50):  18.0% | Speed: 6,976 steps/s (128 fights/min) | Elapsed: 1171.3s
Battles: 2512/7800 | Vs: riderman | Win Rate (Last 50):  18.0% | Speed: 6,975 steps/s (128 fights/min) | Elapsed: 1172.4s
Battles: 2514/7800 | Vs: amazon   | Win Rate (Last 50):  18.0% | Speed: 6,974 steps/s (128 fights/min) | Elapsed: 1173.4s
Battles: 2516/7800 | Vs: v3       | Win Rate (Last 50):  18.0% | Speed: 6,974 steps/s (128 fights/min) | Elapsed: 1174.6s
Battles: 2518/7800 | Vs: x        | Win Rate (Last 50):  18.0% | Speed: 6,973 steps/s (128 fights/min) | Elapsed: 1175.7s
Battles: 2520/7800 | Vs: nigo     | Win Rate (Last 50):  20.0% | Speed: 6,972 steps/s (128 fights/min) | Elapsed: 1176.7s
Battles: 2522/7800 | Vs: riderman | Win Rate (Last 50):  20.0% | Speed: 6,972 steps/s (128 fights/min) | Elapsed: 1177.7s
Battles: 2525/7800 | Vs: nigo     | Win Rate (Last 50):  22.0% | Speed: 6,971 steps/s (128 fights/min) | Elapsed: 1179.1s
Battles: 2527/7800 | Vs: riderman | Win Rate (Last 50):  22.0% | Speed: 6,971 steps/s (128 fights/min) | Elapsed: 1180.1s
Battles: 2530/7800 | Vs: nigo     | Win Rate (Last 50):  22.0% | Speed: 6,970 steps/s (128 fights/min) | Elapsed: 1181.5s
Battles: 2532/7800 | Vs: riderman | Win Rate (Last 50):  22.0% | Speed: 6,969 steps/s (128 fights/min) | Elapsed: 1182.6s
Battles: 2534/7800 | Vs: amazon   | Win Rate (Last 50):  22.0% | Speed: 6,968 steps/s (128 fights/min) | Elapsed: 1184.0s
Battles: 2537/7800 | Vs: riderman | Win Rate (Last 50):  22.0% | Speed: 6,967 steps/s (128 fights/min) | Elapsed: 1185.5s
Battles: 2540/7800 | Vs: nigo     | Win Rate (Last 50):  24.0% | Speed: 6,967 steps/s (128 fights/min) | Elapsed: 1187.0s
Battles: 2543/7800 | Vs: x        | Win Rate (Last 50):  22.0% | Speed: 6,966 steps/s (128 fights/min) | Elapsed: 1188.5s
Battles: 2545/7800 | Vs: nigo     | Win Rate (Last 50):  22.0% | Speed: 6,965 steps/s (128 fights/min) | Elapsed: 1189.5s
Battles: 2547/7800 | Vs: riderman | Win Rate (Last 50):  20.0% | Speed: 6,965 steps/s (128 fights/min) | Elapsed: 1190.6s
Battles: 2550/7800 | Vs: nigo     | Win Rate (Last 50):  20.0% | Speed: 6,964 steps/s (128 fights/min) | Elapsed: 1192.0s
Battles: 2553/7800 | Vs: x        | Win Rate (Last 50):  18.0% | Speed: 6,963 steps/s (128 fights/min) | Elapsed: 1193.5s
Battles: 2555/7800 | Vs: nigo     | Win Rate (Last 50):  18.0% | Speed: 6,962 steps/s (128 fights/min) | Elapsed: 1194.6s
Battles: 2558/7800 | Vs: x        | Win Rate (Last 50):  14.0% | Speed: 6,961 steps/s (128 fights/min) | Elapsed: 1196.0s
Battles: 2560/7800 | Vs: nigo     | Win Rate (Last 50):  16.0% | Speed: 6,961 steps/s (128 fights/min) | Elapsed: 1197.1s
Battles: 2563/7800 | Vs: x        | Win Rate (Last 50):  16.0% | Speed: 6,960 steps/s (128 fights/min) | Elapsed: 1198.6s
Battles: 2565/7800 | Vs: nigo     | Win Rate (Last 50):  14.0% | Speed: 6,959 steps/s (128 fights/min) | Elapsed: 1199.7s
Battles: 2567/7800 | Vs: riderman | Win Rate (Last 50):  14.0% | Speed: 6,958 steps/s (128 fights/min) | Elapsed: 1200.8s
Battles: 2570/7800 | Vs: nigo     | Win Rate (Last 50):  12.0% | Speed: 6,957 steps/s (128 fights/min) | Elapsed: 1202.3s
Battles: 2573/7800 | Vs: x        | Win Rate (Last 50):  14.0% | Speed: 6,957 steps/s (128 fights/min) | Elapsed: 1203.9s
Battles: 2575/7800 | Vs: nigo     | Win Rate (Last 50):  14.0% | Speed: 6,955 steps/s (128 fights/min) | Elapsed: 1205.0s
Battles: 2578/7800 | Vs: x        | Win Rate (Last 50):  14.0% | Speed: 6,955 steps/s (128 fights/min) | Elapsed: 1206.5s
Battles: 2581/7800 | Vs: v3       | Win Rate (Last 50):  14.0% | Speed: 6,954 steps/s (128 fights/min) | Elapsed: 1207.9s
Battles: 2583/7800 | Vs: x        | Win Rate (Last 50):  14.0% | Speed: 6,954 steps/s (128 fights/min) | Elapsed: 1208.9s
Battles: 2585/7800 | Vs: nigo     | Win Rate (Last 50):  14.0% | Speed: 6,953 steps/s (128 fights/min) | Elapsed: 1210.0s
Battles: 2587/7800 | Vs: riderman | Win Rate (Last 50):  14.0% | Speed: 6,952 steps/s (128 fights/min) | Elapsed: 1211.0s
Battles: 2590/7800 | Vs: nigo     | Win Rate (Last 50):  12.0% | Speed: 6,952 steps/s (128 fights/min) | Elapsed: 1212.5s
Battles: 2593/7800 | Vs: x        | Win Rate (Last 50):  12.0% | Speed: 6,952 steps/s (128 fights/min) | Elapsed: 1214.0s
Battles: 2595/7800 | Vs: nigo     | Win Rate (Last 50):  12.0% | Speed: 6,950 steps/s (128 fights/min) | Elapsed: 1215.1s
Battles: 2597/7800 | Vs: riderman | Win Rate (Last 50):  12.0% | Speed: 6,949 steps/s (128 fights/min) | Elapsed: 1216.2s
Battles: 2599/7800 | Vs: amazon   | Win Rate (Last 50):  12.0% | Speed: 6,949 steps/s (128 fights/min) | Elapsed: 1217.2s
Battles: 2601/7800 | Vs: v3       | Win Rate (Last 50):  12.0% | Speed: 6,949 steps/s (128 fights/min) | Elapsed: 1218.3s
Battles: 2603/7800 | Vs: x        | Win Rate (Last 50):  14.0% | Speed: 6,948 steps/s (128 fights/min) | Elapsed: 1219.3s
Battles: 2605/7800 | Vs: nigo     | Win Rate (Last 50):  14.0% | Speed: 6,948 steps/s (128 fights/min) | Elapsed: 1220.4s
Battles: 2607/7800 | Vs: riderman | Win Rate (Last 50):  14.0% | Speed: 6,947 steps/s (128 fights/min) | Elapsed: 1221.5s
Battles: 2610/7800 | Vs: nigo     | Win Rate (Last 50):  12.0% | Speed: 6,946 steps/s (128 fights/min) | Elapsed: 1223.0s
Battles: 2612/7800 | Vs: riderman | Win Rate (Last 50):  12.0% | Speed: 6,946 steps/s (128 fights/min) | Elapsed: 1224.1s
Battles: 2614/7800 | Vs: amazon   | Win Rate (Last 50):  14.0% | Speed: 6,944 steps/s (128 fights/min) | Elapsed: 1225.1s
Battles: 2616/7800 | Vs: v3       | Win Rate (Last 50):  14.0% | Speed: 6,944 steps/s (128 fights/min) | Elapsed: 1226.2s
Battles: 2618/7800 | Vs: x        | Win Rate (Last 50):  14.0% | Speed: 6,943 steps/s (127 fights/min) | Elapsed: 1227.2s
Battles: 2621/7800 | Vs: v3       | Win Rate (Last 50):  14.0% | Speed: 6,942 steps/s (127 fights/min) | Elapsed: 1228.7s
Battles: 2623/7800 | Vs: x        | Win Rate (Last 50):  12.0% | Speed: 6,942 steps/s (127 fights/min) | Elapsed: 1229.7s
Battles: 2626/7800 | Vs: v3       | Win Rate (Last 50):  10.0% | Speed: 6,941 steps/s (127 fights/min) | Elapsed: 1231.3s
Battles: 2628/7800 | Vs: x        | Win Rate (Last 50):  10.0% | Speed: 6,941 steps/s (127 fights/min) | Elapsed: 1232.3s
Battles: 2630/7800 | Vs: nigo     | Win Rate (Last 50):  10.0% | Speed: 6,940 steps/s (127 fights/min) | Elapsed: 1233.4s
Battles: 2633/7800 | Vs: x        | Win Rate (Last 50):  10.0% | Speed: 6,939 steps/s (127 fights/min) | Elapsed: 1234.9s
Battles: 2635/7800 | Vs: nigo     | Win Rate (Last 50):  12.0% | Speed: 6,938 steps/s (127 fights/min) | Elapsed: 1236.0s
Battles: 2637/7800 | Vs: riderman | Win Rate (Last 50):  12.0% | Speed: 6,938 steps/s (127 fights/min) | Elapsed: 1237.0s
Battles: 2639/7800 | Vs: amazon   | Win Rate (Last 50):  16.0% | Speed: 6,937 steps/s (127 fights/min) | Elapsed: 1238.1s
Battles: 2642/7800 | Vs: riderman | Win Rate (Last 50):  16.0% | Speed: 6,936 steps/s (127 fights/min) | Elapsed: 1239.6s
Battles: 2645/7800 | Vs: nigo     | Win Rate (Last 50):  14.0% | Speed: 6,935 steps/s (127 fights/min) | Elapsed: 1241.0s
Battles: 2647/7800 | Vs: riderman | Win Rate (Last 50):  14.0% | Speed: 6,935 steps/s (127 fights/min) | Elapsed: 1242.0s
Battles: 2650/7800 | Vs: nigo     | Win Rate (Last 50):  14.0% | Speed: 6,934 steps/s (127 fights/min) | Elapsed: 1243.5s
Battles: 2652/7800 | Vs: riderman | Win Rate (Last 50):  12.0% | Speed: 6,933 steps/s (127 fights/min) | Elapsed: 1244.5s
Battles: 2654/7800 | Vs: amazon   | Win Rate (Last 50):  10.0% | Speed: 6,932 steps/s (127 fights/min) | Elapsed: 1245.6s
Battles: 2656/7800 | Vs: v3       | Win Rate (Last 50):  10.0% | Speed: 6,932 steps/s (127 fights/min) | Elapsed: 1246.6s
Battles: 2659/7800 | Vs: amazon   | Win Rate (Last 50):  10.0% | Speed: 6,931 steps/s (127 fights/min) | Elapsed: 1248.1s
Battles: 2661/7800 | Vs: v3       | Win Rate (Last 50):  10.0% | Speed: 6,930 steps/s (127 fights/min) | Elapsed: 1249.2s
Battles: 2664/7800 | Vs: amazon   | Win Rate (Last 50):   8.0% | Speed: 6,929 steps/s (127 fights/min) | Elapsed: 1250.7s
Battles: 2667/7800 | Vs: riderman | Win Rate (Last 50):  10.0% | Speed: 6,929 steps/s (127 fights/min) | Elapsed: 1252.2s
Battles: 2670/7800 | Vs: nigo     | Win Rate (Last 50):  12.0% | Speed: 6,928 steps/s (127 fights/min) | Elapsed: 1253.7s
Battles: 2672/7800 | Vs: riderman | Win Rate (Last 50):  12.0% | Speed: 6,927 steps/s (127 fights/min) | Elapsed: 1254.9s
Battles: 2675/7800 | Vs: nigo     | Win Rate (Last 50):  14.0% | Speed: 6,926 steps/s (127 fights/min) | Elapsed: 1256.4s
Battles: 2678/7800 | Vs: x        | Win Rate (Last 50):  14.0% | Speed: 6,925 steps/s (127 fights/min) | Elapsed: 1257.9s
Battles: 2680/7800 | Vs: nigo     | Win Rate (Last 50):  14.0% | Speed: 6,925 steps/s (127 fights/min) | Elapsed: 1258.9s
Battles: 2682/7800 | Vs: riderman | Win Rate (Last 50):  14.0% | Speed: 6,924 steps/s (127 fights/min) | Elapsed: 1260.0s
Battles: 2684/7800 | Vs: amazon   | Win Rate (Last 50):  14.0% | Speed: 6,923 steps/s (127 fights/min) | Elapsed: 1261.2s
Battles: 2686/7800 | Vs: v3       | Win Rate (Last 50):  14.0% | Speed: 6,923 steps/s (127 fights/min) | Elapsed: 1262.2s
Battles: 2689/7800 | Vs: amazon   | Win Rate (Last 50):  12.0% | Speed: 6,922 steps/s (127 fights/min) | Elapsed: 1263.6s
Battles: 2692/7800 | Vs: riderman | Win Rate (Last 50):  12.0% | Speed: 6,921 steps/s (127 fights/min) | Elapsed: 1265.1s
Battles: 2694/7800 | Vs: amazon   | Win Rate (Last 50):  16.0% | Speed: 6,919 steps/s (127 fights/min) | Elapsed: 1266.4s
Battles: 2696/7800 | Vs: v3       | Win Rate (Last 50):  18.0% | Speed: 6,918 steps/s (127 fights/min) | Elapsed: 1267.5s
Battles: 2698/7800 | Vs: x        | Win Rate (Last 50):  18.0% | Speed: 6,918 steps/s (127 fights/min) | Elapsed: 1268.6s
Battles: 2701/7800 | Vs: v3       | Win Rate (Last 50):  18.0% | Speed: 6,917 steps/s (127 fights/min) | Elapsed: 1270.0s
Battles: 2703/7800 | Vs: x        | Win Rate (Last 50):  18.0% | Speed: 6,916 steps/s (127 fights/min) | Elapsed: 1271.3s
Battles: 2706/7800 | Vs: v3       | Win Rate (Last 50):  18.0% | Speed: 6,916 steps/s (127 fights/min) | Elapsed: 1272.7s
Battles: 2708/7800 | Vs: x        | Win Rate (Last 50):  20.0% | Speed: 6,915 steps/s (127 fights/min) | Elapsed: 1273.9s
Battles: 2710/7800 | Vs: nigo     | Win Rate (Last 50):  20.0% | Speed: 6,914 steps/s (127 fights/min) | Elapsed: 1274.9s
Battles: 2712/7800 | Vs: riderman | Win Rate (Last 50):  20.0% | Speed: 6,913 steps/s (127 fights/min) | Elapsed: 1276.1s
Battles: 2714/7800 | Vs: amazon   | Win Rate (Last 50):  24.0% | Speed: 6,912 steps/s (127 fights/min) | Elapsed: 1277.3s
Battles: 2716/7800 | Vs: v3       | Win Rate (Last 50):  22.0% | Speed: 6,911 steps/s (127 fights/min) | Elapsed: 1278.4s
Battles: 2718/7800 | Vs: x        | Win Rate (Last 50):  22.0% | Speed: 6,910 steps/s (127 fights/min) | Elapsed: 1279.4s
Battles: 2720/7800 | Vs: nigo     | Win Rate (Last 50):  20.0% | Speed: 6,910 steps/s (127 fights/min) | Elapsed: 1280.5s
Battles: 2722/7800 | Vs: riderman | Win Rate (Last 50):  20.0% | Speed: 6,909 steps/s (127 fights/min) | Elapsed: 1281.6s
Battles: 2724/7800 | Vs: amazon   | Win Rate (Last 50):  18.0% | Speed: 6,909 steps/s (127 fights/min) | Elapsed: 1282.7s
Battles: 2727/7800 | Vs: riderman | Win Rate (Last 50):  18.0% | Speed: 6,908 steps/s (127 fights/min) | Elapsed: 1284.2s
Battles: 2729/7800 | Vs: amazon   | Win Rate (Last 50):  18.0% | Speed: 6,907 steps/s (127 fights/min) | Elapsed: 1285.2s
Battles: 2731/7800 | Vs: v3       | Win Rate (Last 50):  18.0% | Speed: 6,907 steps/s (127 fights/min) | Elapsed: 1286.3s
Battles: 2733/7800 | Vs: x        | Win Rate (Last 50):  16.0% | Speed: 6,905 steps/s (127 fights/min) | Elapsed: 1287.4s
Battles: 2735/7800 | Vs: nigo     | Win Rate (Last 50):  16.0% | Speed: 6,905 steps/s (127 fights/min) | Elapsed: 1288.5s
Battles: 2738/7800 | Vs: x        | Win Rate (Last 50):  16.0% | Speed: 6,904 steps/s (127 fights/min) | Elapsed: 1290.0s
Battles: 2741/7800 | Vs: v3       | Win Rate (Last 50):  16.0% | Speed: 6,903 steps/s (127 fights/min) | Elapsed: 1291.5s
Battles: 2743/7800 | Vs: x        | Win Rate (Last 50):  14.0% | Speed: 6,903 steps/s (127 fights/min) | Elapsed: 1292.5s
Battles: 2745/7800 | Vs: nigo     | Win Rate (Last 50):  14.0% | Speed: 6,902 steps/s (127 fights/min) | Elapsed: 1293.5s
Battles: 2747/7800 | Vs: riderman | Win Rate (Last 50):  12.0% | Speed: 6,902 steps/s (127 fights/min) | Elapsed: 1294.6s
Battles: 2750/7800 | Vs: nigo     | Win Rate (Last 50):  12.0% | Speed: 6,901 steps/s (127 fights/min) | Elapsed: 1296.0s
Battles: 2752/7800 | Vs: riderman | Win Rate (Last 50):  12.0% | Speed: 6,900 steps/s (127 fights/min) | Elapsed: 1297.0s
Battles: 2755/7800 | Vs: nigo     | Win Rate (Last 50):  16.0% | Speed: 6,899 steps/s (127 fights/min) | Elapsed: 1298.5s
Battles: 2757/7800 | Vs: riderman | Win Rate (Last 50):  16.0% | Speed: 6,898 steps/s (127 fights/min) | Elapsed: 1299.6s
Battles: 2759/7800 | Vs: amazon   | Win Rate (Last 50):  14.0% | Speed: 6,898 steps/s (127 fights/min) | Elapsed: 1300.6s
Battles: 2761/7800 | Vs: v3       | Win Rate (Last 50):  14.0% | Speed: 6,897 steps/s (127 fights/min) | Elapsed: 1301.7s
Battles: 2764/7800 | Vs: amazon   | Win Rate (Last 50):  10.0% | Speed: 6,897 steps/s (127 fights/min) | Elapsed: 1303.2s
Battles: 2766/7800 | Vs: v3       | Win Rate (Last 50):  10.0% | Speed: 6,896 steps/s (127 fights/min) | Elapsed: 1304.4s
Battles: 2769/7800 | Vs: amazon   | Win Rate (Last 50):  10.0% | Speed: 6,895 steps/s (127 fights/min) | Elapsed: 1305.9s
Battles: 2771/7800 | Vs: v3       | Win Rate (Last 50):  10.0% | Speed: 6,894 steps/s (127 fights/min) | Elapsed: 1307.1s
Battles: 2774/7800 | Vs: amazon   | Win Rate (Last 50):  12.0% | Speed: 6,893 steps/s (127 fights/min) | Elapsed: 1308.5s
Battles: 2776/7800 | Vs: v3       | Win Rate (Last 50):  12.0% | Speed: 6,893 steps/s (127 fights/min) | Elapsed: 1309.6s
Battles: 2778/7800 | Vs: x        | Win Rate (Last 50):  14.0% | Speed: 6,892 steps/s (127 fights/min) | Elapsed: 1310.7s
Battles: 2781/7800 | Vs: v3       | Win Rate (Last 50):  14.0% | Speed: 6,891 steps/s (127 fights/min) | Elapsed: 1312.1s
Battles: 2784/7800 | Vs: amazon   | Win Rate (Last 50):  14.0% | Speed: 6,891 steps/s (127 fights/min) | Elapsed: 1313.6s
Battles: 2786/7800 | Vs: v3       | Win Rate (Last 50):  14.0% | Speed: 6,890 steps/s (127 fights/min) | Elapsed: 1314.7s
Battles: 2788/7800 | Vs: x        | Win Rate (Last 50):  14.0% | Speed: 6,889 steps/s (127 fights/min) | Elapsed: 1315.9s
Battles: 2790/7800 | Vs: nigo     | Win Rate (Last 50):  12.0% | Speed: 6,888 steps/s (127 fights/min) | Elapsed: 1317.0s
Battles: 2792/7800 | Vs: riderman | Win Rate (Last 50):  12.0% | Speed: 6,887 steps/s (127 fights/min) | Elapsed: 1318.1s
Battles: 2795/7800 | Vs: nigo     | Win Rate (Last 50):  14.0% | Speed: 6,886 steps/s (127 fights/min) | Elapsed: 1319.7s
Battles: 2797/7800 | Vs: riderman | Win Rate (Last 50):  14.0% | Speed: 6,886 steps/s (127 fights/min) | Elapsed: 1320.8s
Battles: 2799/7800 | Vs: amazon   | Win Rate (Last 50):  12.0% | Speed: 6,885 steps/s (127 fights/min) | Elapsed: 1321.9s
Battles: 2801/7800 | Vs: v3       | Win Rate (Last 50):  12.0% | Speed: 6,885 steps/s (127 fights/min) | Elapsed: 1323.0s
Battles: 2803/7800 | Vs: x        | Win Rate (Last 50):  12.0% | Speed: 6,884 steps/s (127 fights/min) | Elapsed: 1324.0s
Battles: 2805/7800 | Vs: nigo     | Win Rate (Last 50):   8.0% | Speed: 6,884 steps/s (127 fights/min) | Elapsed: 1325.1s
Battles: 2807/7800 | Vs: riderman | Win Rate (Last 50):   8.0% | Speed: 6,883 steps/s (127 fights/min) | Elapsed: 1326.1s
Battles: 2809/7800 | Vs: amazon   | Win Rate (Last 50):   8.0% | Speed: 6,882 steps/s (126 fights/min) | Elapsed: 1327.3s
Battles: 2811/7800 | Vs: v3       | Win Rate (Last 50):   8.0% | Speed: 6,881 steps/s (126 fights/min) | Elapsed: 1328.6s
Battles: 2814/7800 | Vs: amazon   | Win Rate (Last 50):  12.0% | Speed: 6,881 steps/s (126 fights/min) | Elapsed: 1330.0s
Battles: 2817/7800 | Vs: riderman | Win Rate (Last 50):  12.0% | Speed: 6,880 steps/s (126 fights/min) | Elapsed: 1331.6s
Battles: 2819/7800 | Vs: amazon   | Win Rate (Last 50):  12.0% | Speed: 6,879 steps/s (126 fights/min) | Elapsed: 1332.6s
Battles: 2821/7800 | Vs: v3       | Win Rate (Last 50):  12.0% | Speed: 6,879 steps/s (126 fights/min) | Elapsed: 1333.6s
Battles: 2823/7800 | Vs: x        | Win Rate (Last 50):  12.0% | Speed: 6,878 steps/s (126 fights/min) | Elapsed: 1334.8s
Battles: 2826/7800 | Vs: v3       | Win Rate (Last 50):  12.0% | Speed: 6,878 steps/s (126 fights/min) | Elapsed: 1336.2s
Battles: 2828/7800 | Vs: x        | Win Rate (Last 50):  10.0% | Speed: 6,877 steps/s (126 fights/min) | Elapsed: 1337.3s
Battles: 2830/7800 | Vs: nigo     | Win Rate (Last 50):  10.0% | Speed: 6,876 steps/s (126 fights/min) | Elapsed: 1338.5s
Battles: 2832/7800 | Vs: riderman | Win Rate (Last 50):  12.0% | Speed: 6,875 steps/s (126 fights/min) | Elapsed: 1339.7s
Battles: 2835/7800 | Vs: nigo     | Win Rate (Last 50):  14.0% | Speed: 6,875 steps/s (126 fights/min) | Elapsed: 1341.1s
Battles: 2837/7800 | Vs: riderman | Win Rate (Last 50):  14.0% | Speed: 6,874 steps/s (126 fights/min) | Elapsed: 1342.1s
Battles: 2839/7800 | Vs: amazon   | Win Rate (Last 50):  14.0% | Speed: 6,873 steps/s (126 fights/min) | Elapsed: 1343.2s
Battles: 2841/7800 | Vs: v3       | Win Rate (Last 50):  14.0% | Speed: 6,873 steps/s (126 fights/min) | Elapsed: 1344.3s
Battles: 2843/7800 | Vs: x        | Win Rate (Last 50):  12.0% | Speed: 6,872 steps/s (126 fights/min) | Elapsed: 1345.4s
Battles: 2846/7800 | Vs: v3       | Win Rate (Last 50):  12.0% | Speed: 6,872 steps/s (126 fights/min) | Elapsed: 1346.9s
Battles: 2849/7800 | Vs: amazon   | Win Rate (Last 50):  12.0% | Speed: 6,870 steps/s (126 fights/min) | Elapsed: 1348.5s
Battles: 2851/7800 | Vs: v3       | Win Rate (Last 50):  12.0% | Speed: 6,870 steps/s (126 fights/min) | Elapsed: 1349.5s
Battles: 2853/7800 | Vs: x        | Win Rate (Last 50):  12.0% | Speed: 6,869 steps/s (126 fights/min) | Elapsed: 1350.6s
Battles: 2855/7800 | Vs: nigo     | Win Rate (Last 50):  12.0% | Speed: 6,869 steps/s (126 fights/min) | Elapsed: 1351.7s
Battles: 2858/7800 | Vs: x        | Win Rate (Last 50):  12.0% | Speed: 6,868 steps/s (126 fights/min) | Elapsed: 1353.3s
Battles: 2860/7800 | Vs: nigo     | Win Rate (Last 50):  14.0% | Speed: 6,868 steps/s (126 fights/min) | Elapsed: 1354.3s
Battles: 2862/7800 | Vs: riderman | Win Rate (Last 50):  12.0% | Speed: 6,867 steps/s (126 fights/min) | Elapsed: 1355.4s
Battles: 2865/7800 | Vs: nigo     | Win Rate (Last 50):  12.0% | Speed: 6,867 steps/s (126 fights/min) | Elapsed: 1356.8s
Battles: 2868/7800 | Vs: x        | Win Rate (Last 50):  12.0% | Speed: 6,866 steps/s (126 fights/min) | Elapsed: 1358.3s
Battles: 2870/7800 | Vs: nigo     | Win Rate (Last 50):  12.0% | Speed: 6,864 steps/s (126 fights/min) | Elapsed: 1359.5s
Battles: 2872/7800 | Vs: riderman | Win Rate (Last 50):  12.0% | Speed: 6,863 steps/s (126 fights/min) | Elapsed: 1360.8s
Battles: 2874/7800 | Vs: amazon   | Win Rate (Last 50):  10.0% | Speed: 6,863 steps/s (126 fights/min) | Elapsed: 1361.8s
Battles: 2877/7800 | Vs: riderman | Win Rate (Last 50):  10.0% | Speed: 6,862 steps/s (126 fights/min) | Elapsed: 1363.3s
Battles: 2880/7800 | Vs: nigo     | Win Rate (Last 50):  12.0% | Speed: 6,862 steps/s (126 fights/min) | Elapsed: 1364.7s
Battles: 2882/7800 | Vs: riderman | Win Rate (Last 50):  10.0% | Speed: 6,861 steps/s (126 fights/min) | Elapsed: 1365.9s
Battles: 2884/7800 | Vs: amazon   | Win Rate (Last 50):  10.0% | Speed: 6,860 steps/s (126 fights/min) | Elapsed: 1367.1s
Battles: 2886/7800 | Vs: v3       | Win Rate (Last 50):  10.0% | Speed: 6,860 steps/s (126 fights/min) | Elapsed: 1368.1s
Battles: 2888/7800 | Vs: x        | Win Rate (Last 50):  10.0% | Speed: 6,858 steps/s (126 fights/min) | Elapsed: 1369.2s
Battles: 2891/7800 | Vs: v3       | Win Rate (Last 50):  12.0% | Speed: 6,857 steps/s (126 fights/min) | Elapsed: 1370.7s
Battles: 2894/7800 | Vs: amazon   | Win Rate (Last 50):  12.0% | Speed: 6,856 steps/s (126 fights/min) | Elapsed: 1372.3s
Battles: 2897/7800 | Vs: riderman | Win Rate (Last 50):  12.0% | Speed: 6,856 steps/s (126 fights/min) | Elapsed: 1373.8s
Battles: 2899/7800 | Vs: amazon   | Win Rate (Last 50):  14.0% | Speed: 6,856 steps/s (126 fights/min) | Elapsed: 1374.8s
Battles: 2901/7800 | Vs: v3       | Win Rate (Last 50):  14.0% | Speed: 6,855 steps/s (126 fights/min) | Elapsed: 1376.1s
Battles: 2903/7800 | Vs: x        | Win Rate (Last 50):  16.0% | Speed: 6,853 steps/s (126 fights/min) | Elapsed: 1377.4s
Battles: 2905/7800 | Vs: nigo     | Win Rate (Last 50):  18.0% | Speed: 6,853 steps/s (126 fights/min) | Elapsed: 1378.5s
Battles: 2907/7800 | Vs: riderman | Win Rate (Last 50):  18.0% | Speed: 6,852 steps/s (126 fights/min) | Elapsed: 1379.6s
Battles: 2909/7800 | Vs: amazon   | Win Rate (Last 50):  18.0% | Speed: 6,851 steps/s (126 fights/min) | Elapsed: 1380.8s
Battles: 2912/7800 | Vs: riderman | Win Rate (Last 50):  18.0% | Speed: 6,850 steps/s (126 fights/min) | Elapsed: 1382.4s
Battles: 2914/7800 | Vs: amazon   | Win Rate (Last 50):  16.0% | Speed: 6,849 steps/s (126 fights/min) | Elapsed: 1383.5s
Battles: 2916/7800 | Vs: v3       | Win Rate (Last 50):  16.0% | Speed: 6,849 steps/s (126 fights/min) | Elapsed: 1384.5s
Battles: 2918/7800 | Vs: x        | Win Rate (Last 50):  16.0% | Speed: 6,848 steps/s (126 fights/min) | Elapsed: 1385.6s
Battles: 2920/7800 | Vs: nigo     | Win Rate (Last 50):  18.0% | Speed: 6,847 steps/s (126 fights/min) | Elapsed: 1386.7s
Battles: 2922/7800 | Vs: riderman | Win Rate (Last 50):  18.0% | Speed: 6,846 steps/s (126 fights/min) | Elapsed: 1387.8s
Battles: 2924/7800 | Vs: amazon   | Win Rate (Last 50):  20.0% | Speed: 6,846 steps/s (126 fights/min) | Elapsed: 1388.9s
Battles: 2926/7800 | Vs: v3       | Win Rate (Last 50):  20.0% | Speed: 6,845 steps/s (126 fights/min) | Elapsed: 1390.1s
Battles: 2928/7800 | Vs: x        | Win Rate (Last 50):  20.0% | Speed: 6,844 steps/s (126 fights/min) | Elapsed: 1391.2s
Battles: 2930/7800 | Vs: nigo     | Win Rate (Last 50):  22.0% | Speed: 6,844 steps/s (126 fights/min) | Elapsed: 1392.3s
Battles: 2932/7800 | Vs: riderman | Win Rate (Last 50):  22.0% | Speed: 6,843 steps/s (126 fights/min) | Elapsed: 1393.4s
Battles: 2935/7800 | Vs: nigo     | Win Rate (Last 50):  22.0% | Speed: 6,842 steps/s (126 fights/min) | Elapsed: 1394.9s
Battles: 2938/7800 | Vs: x        | Win Rate (Last 50):  22.0% | Speed: 6,842 steps/s (126 fights/min) | Elapsed: 1396.4s
Battles: 2941/7800 | Vs: v3       | Win Rate (Last 50):  22.0% | Speed: 6,841 steps/s (126 fights/min) | Elapsed: 1398.1s
Battles: 2943/7800 | Vs: x        | Win Rate (Last 50):  24.0% | Speed: 6,840 steps/s (126 fights/min) | Elapsed: 1399.3s
Battles: 2945/7800 | Vs: nigo     | Win Rate (Last 50):  24.0% | Speed: 6,839 steps/s (126 fights/min) | Elapsed: 1400.3s
Battles: 2947/7800 | Vs: riderman | Win Rate (Last 50):  24.0% | Speed: 6,838 steps/s (126 fights/min) | Elapsed: 1401.4s
Battles: 2949/7800 | Vs: amazon   | Win Rate (Last 50):  22.0% | Speed: 6,838 steps/s (126 fights/min) | Elapsed: 1402.4s
Battles: 2952/7800 | Vs: riderman | Win Rate (Last 50):  20.0% | Speed: 6,837 steps/s (126 fights/min) | Elapsed: 1403.9s
Battles: 2954/7800 | Vs: amazon   | Win Rate (Last 50):  18.0% | Speed: 6,836 steps/s (126 fights/min) | Elapsed: 1405.0s
Battles: 2957/7800 | Vs: riderman | Win Rate (Last 50):  20.0% | Speed: 6,836 steps/s (126 fights/min) | Elapsed: 1406.5s
Battles: 2959/7800 | Vs: amazon   | Win Rate (Last 50):  18.0% | Speed: 6,835 steps/s (126 fights/min) | Elapsed: 1407.6s
Battles: 2962/7800 | Vs: riderman | Win Rate (Last 50):  20.0% | Speed: 6,835 steps/s (126 fights/min) | Elapsed: 1409.0s
Battles: 2964/7800 | Vs: amazon   | Win Rate (Last 50):  20.0% | Speed: 6,833 steps/s (126 fights/min) | Elapsed: 1410.2s
Battles: 2966/7800 | Vs: v3       | Win Rate (Last 50):  20.0% | Speed: 6,832 steps/s (126 fights/min) | Elapsed: 1411.3s
Battles: 2969/7800 | Vs: amazon   | Win Rate (Last 50):  18.0% | Speed: 6,832 steps/s (126 fights/min) | Elapsed: 1412.8s
Battles: 2971/7800 | Vs: v3       | Win Rate (Last 50):  18.0% | Speed: 6,831 steps/s (126 fights/min) | Elapsed: 1413.9s
Battles: 2973/7800 | Vs: x        | Win Rate (Last 50):  18.0% | Speed: 6,831 steps/s (126 fights/min) | Elapsed: 1414.9s
Battles: 2976/7800 | Vs: v3       | Win Rate (Last 50):  20.0% | Speed: 6,830 steps/s (126 fights/min) | Elapsed: 1416.5s
Battles: 2978/7800 | Vs: x        | Win Rate (Last 50):  22.0% | Speed: 6,829 steps/s (126 fights/min) | Elapsed: 1417.5s
Battles: 2981/7800 | Vs: v3       | Win Rate (Last 50):  20.0% | Speed: 6,829 steps/s (126 fights/min) | Elapsed: 1418.8s
Battles: 2983/7800 | Vs: x        | Win Rate (Last 50):  20.0% | Speed: 6,828 steps/s (126 fights/min) | Elapsed: 1419.8s
Battles: 2985/7800 | Vs: nigo     | Win Rate (Last 50):  18.0% | Speed: 6,827 steps/s (126 fights/min) | Elapsed: 1421.1s
Battles: 2987/7800 | Vs: riderman | Win Rate (Last 50):  18.0% | Speed: 6,826 steps/s (126 fights/min) | Elapsed: 1422.2s
Battles: 2990/7800 | Vs: nigo     | Win Rate (Last 50):  16.0% | Speed: 6,826 steps/s (126 fights/min) | Elapsed: 1423.6s
Battles: 2993/7800 | Vs: x        | Win Rate (Last 50):  14.0% | Speed: 6,825 steps/s (126 fights/min) | Elapsed: 1425.2s
Battles: 2995/7800 | Vs: nigo     | Win Rate (Last 50):  14.0% | Speed: 6,824 steps/s (125 fights/min) | Elapsed: 1426.3s
Battles: 2998/7800 | Vs: x        | Win Rate (Last 50):  18.0% | Speed: 6,823 steps/s (125 fights/min) | Elapsed: 1427.9s
Battles: 3000/7800 | Vs: nigo     | Win Rate (Last 50):  20.0% | Speed: 6,823 steps/s (125 fights/min) | Elapsed: 1429.0s
Battles: 3002/7800 | Vs: riderman | Win Rate (Last 50):  20.0% | Speed: 6,823 steps/s (125 fights/min) | Elapsed: 1430.0s
Battles: 3004/7800 | Vs: amazon   | Win Rate (Last 50):  22.0% | Speed: 6,822 steps/s (125 fights/min) | Elapsed: 1431.2s
Battles: 3006/7800 | Vs: v3       | Win Rate (Last 50):  24.0% | Speed: 6,820 steps/s (125 fights/min) | Elapsed: 1432.5s
Battles: 3008/7800 | Vs: x        | Win Rate (Last 50):  22.0% | Speed: 6,820 steps/s (125 fights/min) | Elapsed: 1433.5s
Battles: 3011/7800 | Vs: v3       | Win Rate (Last 50):  24.0% | Speed: 6,819 steps/s (125 fights/min) | Elapsed: 1435.0s
Battles: 3013/7800 | Vs: x        | Win Rate (Last 50):  22.0% | Speed: 6,819 steps/s (125 fights/min) | Elapsed: 1436.0s
Battles: 3015/7800 | Vs: nigo     | Win Rate (Last 50):  24.0% | Speed: 6,818 steps/s (125 fights/min) | Elapsed: 1437.1s
Battles: 3017/7800 | Vs: riderman | Win Rate (Last 50):  26.0% | Speed: 6,817 steps/s (125 fights/min) | Elapsed: 1438.2s
Battles: 3019/7800 | Vs: amazon   | Win Rate (Last 50):  26.0% | Speed: 6,817 steps/s (125 fights/min) | Elapsed: 1439.3s
Battles: 3021/7800 | Vs: v3       | Win Rate (Last 50):  26.0% | Speed: 6,817 steps/s (125 fights/min) | Elapsed: 1440.3s
Battles: 3023/7800 | Vs: x        | Win Rate (Last 50):  26.0% | Speed: 6,816 steps/s (125 fights/min) | Elapsed: 1441.6s
Battles: 3025/7800 | Vs: nigo     | Win Rate (Last 50):  24.0% | Speed: 6,815 steps/s (125 fights/min) | Elapsed: 1442.7s
Battles: 3027/7800 | Vs: riderman | Win Rate (Last 50):  22.0% | Speed: 6,814 steps/s (125 fights/min) | Elapsed: 1443.8s
Battles: 3030/7800 | Vs: nigo     | Win Rate (Last 50):  20.0% | Speed: 6,814 steps/s (125 fights/min) | Elapsed: 1445.3s
Battles: 3032/7800 | Vs: riderman | Win Rate (Last 50):  20.0% | Speed: 6,813 steps/s (125 fights/min) | Elapsed: 1446.3s
Battles: 3035/7800 | Vs: nigo     | Win Rate (Last 50):  22.0% | Speed: 6,812 steps/s (125 fights/min) | Elapsed: 1447.8s
Battles: 3037/7800 | Vs: riderman | Win Rate (Last 50):  22.0% | Speed: 6,811 steps/s (125 fights/min) | Elapsed: 1448.9s
Battles: 3040/7800 | Vs: nigo     | Win Rate (Last 50):  24.0% | Speed: 6,811 steps/s (125 fights/min) | Elapsed: 1450.3s
Battles: 3042/7800 | Vs: riderman | Win Rate (Last 50):  26.0% | Speed: 6,810 steps/s (125 fights/min) | Elapsed: 1451.5s
Battles: 3044/7800 | Vs: amazon   | Win Rate (Last 50):  26.0% | Speed: 6,809 steps/s (125 fights/min) | Elapsed: 1452.5s
Battles: 3046/7800 | Vs: v3       | Win Rate (Last 50):  24.0% | Speed: 6,809 steps/s (125 fights/min) | Elapsed: 1453.6s
Battles: 3048/7800 | Vs: x        | Win Rate (Last 50):  22.0% | Speed: 6,808 steps/s (125 fights/min) | Elapsed: 1454.7s
Battles: 3050/7800 | Vs: nigo     | Win Rate (Last 50):  22.0% | Speed: 6,808 steps/s (125 fights/min) | Elapsed: 1455.8s
Battles: 3053/7800 | Vs: x        | Win Rate (Last 50):  26.0% | Speed: 6,807 steps/s (125 fights/min) | Elapsed: 1457.3s
Battles: 3055/7800 | Vs: nigo     | Win Rate (Last 50):  24.0% | Speed: 6,806 steps/s (125 fights/min) | Elapsed: 1458.4s
Battles: 3057/7800 | Vs: riderman | Win Rate (Last 50):  22.0% | Speed: 6,805 steps/s (125 fights/min) | Elapsed: 1459.4s
Battles: 3059/7800 | Vs: amazon   | Win Rate (Last 50):  20.0% | Speed: 6,805 steps/s (125 fights/min) | Elapsed: 1460.6s
Battles: 3061/7800 | Vs: v3       | Win Rate (Last 50):  20.0% | Speed: 6,804 steps/s (125 fights/min) | Elapsed: 1461.8s
Battles: 3063/7800 | Vs: x        | Win Rate (Last 50):  20.0% | Speed: 6,803 steps/s (125 fights/min) | Elapsed: 1462.8s
Battles: 3065/7800 | Vs: nigo     | Win Rate (Last 50):  20.0% | Speed: 6,803 steps/s (125 fights/min) | Elapsed: 1463.9s
Battles: 3067/7800 | Vs: riderman | Win Rate (Last 50):  20.0% | Speed: 6,802 steps/s (125 fights/min) | Elapsed: 1464.9s
Battles: 3070/7800 | Vs: nigo     | Win Rate (Last 50):  22.0% | Speed: 6,801 steps/s (125 fights/min) | Elapsed: 1466.3s
Battles: 3072/7800 | Vs: riderman | Win Rate (Last 50):  24.0% | Speed: 6,801 steps/s (125 fights/min) | Elapsed: 1467.4s
Battles: 3074/7800 | Vs: amazon   | Win Rate (Last 50):  24.0% | Speed: 6,800 steps/s (125 fights/min) | Elapsed: 1468.5s
Battles: 3076/7800 | Vs: v3       | Win Rate (Last 50):  24.0% | Speed: 6,800 steps/s (125 fights/min) | Elapsed: 1469.6s
Battles: 3078/7800 | Vs: x        | Win Rate (Last 50):  26.0% | Speed: 6,799 steps/s (125 fights/min) | Elapsed: 1470.6s
Battles: 3080/7800 | Vs: nigo     | Win Rate (Last 50):  26.0% | Speed: 6,798 steps/s (125 fights/min) | Elapsed: 1471.7s
Battles: 3083/7800 | Vs: x        | Win Rate (Last 50):  28.0% | Speed: 6,797 steps/s (125 fights/min) | Elapsed: 1473.3s
Battles: 3086/7800 | Vs: v3       | Win Rate (Last 50):  28.0% | Speed: 6,797 steps/s (125 fights/min) | Elapsed: 1474.7s
Battles: 3089/7800 | Vs: amazon   | Win Rate (Last 50):  32.0% | Speed: 6,796 steps/s (125 fights/min) | Elapsed: 1476.3s
Battles: 3091/7800 | Vs: v3       | Win Rate (Last 50):  32.0% | Speed: 6,795 steps/s (125 fights/min) | Elapsed: 1477.3s
Battles: 3093/7800 | Vs: x        | Win Rate (Last 50):  34.0% | Speed: 6,795 steps/s (125 fights/min) | Elapsed: 1478.5s
Battles: 3096/7800 | Vs: v3       | Win Rate (Last 50):  34.0% | Speed: 6,794 steps/s (125 fights/min) | Elapsed: 1480.0s
Battles: 3098/7800 | Vs: x        | Win Rate (Last 50):  34.0% | Speed: 6,794 steps/s (125 fights/min) | Elapsed: 1481.1s
Battles: 3100/7800 | Vs: nigo     | Win Rate (Last 50):  34.0% | Speed: 6,792 steps/s (125 fights/min) | Elapsed: 1482.2s
Battles: 3102/7800 | Vs: riderman | Win Rate (Last 50):  32.0% | Speed: 6,792 steps/s (125 fights/min) | Elapsed: 1483.4s
Battles: 3105/7800 | Vs: nigo     | Win Rate (Last 50):  32.0% | Speed: 6,791 steps/s (125 fights/min) | Elapsed: 1484.8s
Battles: 3107/7800 | Vs: riderman | Win Rate (Last 50):  32.0% | Speed: 6,791 steps/s (125 fights/min) | Elapsed: 1485.9s
Battles: 3110/7800 | Vs: nigo     | Win Rate (Last 50):  34.0% | Speed: 6,790 steps/s (125 fights/min) | Elapsed: 1487.4s
Battles: 3112/7800 | Vs: riderman | Win Rate (Last 50):  34.0% | Speed: 6,789 steps/s (125 fights/min) | Elapsed: 1488.6s
Battles: 3115/7800 | Vs: nigo     | Win Rate (Last 50):  34.0% | Speed: 6,789 steps/s (125 fights/min) | Elapsed: 1490.1s
Battles: 3117/7800 | Vs: riderman | Win Rate (Last 50):  32.0% | Speed: 6,788 steps/s (125 fights/min) | Elapsed: 1491.2s
Battles: 3119/7800 | Vs: amazon   | Win Rate (Last 50):  30.0% | Speed: 6,787 steps/s (125 fights/min) | Elapsed: 1492.4s
Battles: 3121/7800 | Vs: v3       | Win Rate (Last 50):  30.0% | Speed: 6,786 steps/s (125 fights/min) | Elapsed: 1493.6s
Battles: 3124/7800 | Vs: amazon   | Win Rate (Last 50):  30.0% | Speed: 6,786 steps/s (125 fights/min) | Elapsed: 1495.0s
Battles: 3127/7800 | Vs: riderman | Win Rate (Last 50):  30.0% | Speed: 6,785 steps/s (125 fights/min) | Elapsed: 1496.4s
Battles: 3130/7800 | Vs: nigo     | Win Rate (Last 50):  28.0% | Speed: 6,784 steps/s (125 fights/min) | Elapsed: 1497.9s
Battles: 3132/7800 | Vs: riderman | Win Rate (Last 50):  26.0% | Speed: 6,783 steps/s (125 fights/min) | Elapsed: 1499.0s
Battles: 3135/7800 | Vs: nigo     | Win Rate (Last 50):  26.0% | Speed: 6,783 steps/s (125 fights/min) | Elapsed: 1500.4s
Battles: 3138/7800 | Vs: x        | Win Rate (Last 50):  22.0% | Speed: 6,782 steps/s (125 fights/min) | Elapsed: 1501.9s
Battles: 3140/7800 | Vs: nigo     | Win Rate (Last 50):  22.0% | Speed: 6,781 steps/s (125 fights/min) | Elapsed: 1502.9s
Battles: 3142/7800 | Vs: riderman | Win Rate (Last 50):  20.0% | Speed: 6,780 steps/s (125 fights/min) | Elapsed: 1504.2s
Battles: 3145/7800 | Vs: nigo     | Win Rate (Last 50):  18.0% | Speed: 6,780 steps/s (125 fights/min) | Elapsed: 1505.6s
Battles: 3147/7800 | Vs: riderman | Win Rate (Last 50):  20.0% | Speed: 6,779 steps/s (125 fights/min) | Elapsed: 1506.7s
Battles: 3149/7800 | Vs: amazon   | Win Rate (Last 50):  22.0% | Speed: 6,779 steps/s (125 fights/min) | Elapsed: 1507.8s
Battles: 3151/7800 | Vs: v3       | Win Rate (Last 50):  22.0% | Speed: 6,778 steps/s (125 fights/min) | Elapsed: 1508.9s
Battles: 3153/7800 | Vs: x        | Win Rate (Last 50):  22.0% | Speed: 6,777 steps/s (125 fights/min) | Elapsed: 1510.1s
Battles: 3155/7800 | Vs: nigo     | Win Rate (Last 50):  22.0% | Speed: 6,777 steps/s (125 fights/min) | Elapsed: 1511.2s
Battles: 3157/7800 | Vs: riderman | Win Rate (Last 50):  22.0% | Speed: 6,776 steps/s (125 fights/min) | Elapsed: 1512.3s
Battles: 3159/7800 | Vs: amazon   | Win Rate (Last 50):  20.0% | Speed: 6,775 steps/s (125 fights/min) | Elapsed: 1513.5s
Battles: 3161/7800 | Vs: v3       | Win Rate (Last 50):  20.0% | Speed: 6,774 steps/s (125 fights/min) | Elapsed: 1514.7s
Battles: 3163/7800 | Vs: x        | Win Rate (Last 50):  20.0% | Speed: 6,774 steps/s (125 fights/min) | Elapsed: 1515.7s
Battles: 3165/7800 | Vs: nigo     | Win Rate (Last 50):  18.0% | Speed: 6,773 steps/s (125 fights/min) | Elapsed: 1516.8s
Battles: 3167/7800 | Vs: riderman | Win Rate (Last 50):  18.0% | Speed: 6,773 steps/s (125 fights/min) | Elapsed: 1517.8s
Battles: 3169/7800 | Vs: amazon   | Win Rate (Last 50):  20.0% | Speed: 6,772 steps/s (125 fights/min) | Elapsed: 1519.0s
Battles: 3172/7800 | Vs: riderman | Win Rate (Last 50):  22.0% | Speed: 6,771 steps/s (125 fights/min) | Elapsed: 1520.7s
Battles: 3174/7800 | Vs: amazon   | Win Rate (Last 50):  20.0% | Speed: 6,771 steps/s (125 fights/min) | Elapsed: 1521.7s
Battles: 3176/7800 | Vs: v3       | Win Rate (Last 50):  20.0% | Speed: 6,770 steps/s (125 fights/min) | Elapsed: 1522.8s
Battles: 3178/7800 | Vs: x        | Win Rate (Last 50):  20.0% | Speed: 6,769 steps/s (125 fights/min) | Elapsed: 1524.1s
Battles: 3181/7800 | Vs: v3       | Win Rate (Last 50):  20.0% | Speed: 6,768 steps/s (125 fights/min) | Elapsed: 1525.7s
Battles: 3183/7800 | Vs: x        | Win Rate (Last 50):  20.0% | Speed: 6,768 steps/s (125 fights/min) | Elapsed: 1526.7s
Battles: 3186/7800 | Vs: v3       | Win Rate (Last 50):  18.0% | Speed: 6,767 steps/s (125 fights/min) | Elapsed: 1528.2s
Battles: 3188/7800 | Vs: x        | Win Rate (Last 50):  18.0% | Speed: 6,766 steps/s (125 fights/min) | Elapsed: 1529.3s
Battles: 3191/7800 | Vs: v3       | Win Rate (Last 50):  18.0% | Speed: 6,766 steps/s (125 fights/min) | Elapsed: 1530.7s
Battles: 3193/7800 | Vs: x        | Win Rate (Last 50):  18.0% | Speed: 6,765 steps/s (125 fights/min) | Elapsed: 1531.9s
Battles: 3195/7800 | Vs: nigo     | Win Rate (Last 50):  16.0% | Speed: 6,765 steps/s (125 fights/min) | Elapsed: 1533.0s
Battles: 3197/7800 | Vs: riderman | Win Rate (Last 50):  14.0% | Speed: 6,763 steps/s (125 fights/min) | Elapsed: 1534.3s
Battles: 3200/7800 | Vs: nigo     | Win Rate (Last 50):  12.0% | Speed: 6,763 steps/s (125 fights/min) | Elapsed: 1535.8s
Battles: 3202/7800 | Vs: riderman | Win Rate (Last 50):  12.0% | Speed: 6,762 steps/s (124 fights/min) | Elapsed: 1537.0s
Battles: 3204/7800 | Vs: amazon   | Win Rate (Last 50):  12.0% | Speed: 6,762 steps/s (124 fights/min) | Elapsed: 1538.1s
Battles: 3206/7800 | Vs: v3       | Win Rate (Last 50):  14.0% | Speed: 6,761 steps/s (124 fights/min) | Elapsed: 1539.3s
Battles: 3209/7800 | Vs: amazon   | Win Rate (Last 50):  14.0% | Speed: 6,760 steps/s (124 fights/min) | Elapsed: 1540.8s
Battles: 3211/7800 | Vs: v3       | Win Rate (Last 50):  14.0% | Speed: 6,760 steps/s (124 fights/min) | Elapsed: 1541.9s
Battles: 3213/7800 | Vs: x        | Win Rate (Last 50):  14.0% | Speed: 6,759 steps/s (124 fights/min) | Elapsed: 1542.9s
Battles: 3215/7800 | Vs: nigo     | Win Rate (Last 50):  14.0% | Speed: 6,758 steps/s (124 fights/min) | Elapsed: 1544.1s
Battles: 3217/7800 | Vs: riderman | Win Rate (Last 50):  16.0% | Speed: 6,757 steps/s (124 fights/min) | Elapsed: 1545.1s
Battles: 3220/7800 | Vs: nigo     | Win Rate (Last 50):  16.0% | Speed: 6,757 steps/s (124 fights/min) | Elapsed: 1546.5s
Battles: 3222/7800 | Vs: riderman | Win Rate (Last 50):  14.0% | Speed: 6,756 steps/s (124 fights/min) | Elapsed: 1547.6s
Battles: 3225/7800 | Vs: nigo     | Win Rate (Last 50):  16.0% | Speed: 6,755 steps/s (124 fights/min) | Elapsed: 1549.2s
Battles: 3227/7800 | Vs: riderman | Win Rate (Last 50):  16.0% | Speed: 6,755 steps/s (124 fights/min) | Elapsed: 1550.3s
Battles: 3229/7800 | Vs: amazon   | Win Rate (Last 50):  14.0% | Speed: 6,754 steps/s (124 fights/min) | Elapsed: 1551.4s
Battles: 3231/7800 | Vs: v3       | Win Rate (Last 50):  14.0% | Speed: 6,754 steps/s (124 fights/min) | Elapsed: 1552.6s
Battles: 3233/7800 | Vs: x        | Win Rate (Last 50):  14.0% | Speed: 6,753 steps/s (124 fights/min) | Elapsed: 1553.8s
Battles: 3235/7800 | Vs: nigo     | Win Rate (Last 50):  14.0% | Speed: 6,752 steps/s (124 fights/min) | Elapsed: 1555.0s
Battles: 3237/7800 | Vs: riderman | Win Rate (Last 50):  16.0% | Speed: 6,751 steps/s (124 fights/min) | Elapsed: 1556.1s
Battles: 3240/7800 | Vs: nigo     | Win Rate (Last 50):  18.0% | Speed: 6,751 steps/s (124 fights/min) | Elapsed: 1557.7s
Battles: 3242/7800 | Vs: riderman | Win Rate (Last 50):  18.0% | Speed: 6,751 steps/s (124 fights/min) | Elapsed: 1558.7s
Battles: 3244/7800 | Vs: amazon   | Win Rate (Last 50):  18.0% | Speed: 6,749 steps/s (124 fights/min) | Elapsed: 1559.8s
Battles: 3246/7800 | Vs: v3       | Win Rate (Last 50):  18.0% | Speed: 6,749 steps/s (124 fights/min) | Elapsed: 1560.9s
Battles: 3248/7800 | Vs: x        | Win Rate (Last 50):  16.0% | Speed: 6,749 steps/s (124 fights/min) | Elapsed: 1562.0s
Battles: 3251/7800 | Vs: v3       | Win Rate (Last 50):  18.0% | Speed: 6,748 steps/s (124 fights/min) | Elapsed: 1563.5s
Battles: 3253/7800 | Vs: x        | Win Rate (Last 50):  20.0% | Speed: 6,746 steps/s (124 fights/min) | Elapsed: 1565.0s
Battles: 3256/7800 | Vs: v3       | Win Rate (Last 50):  18.0% | Speed: 6,746 steps/s (124 fights/min) | Elapsed: 1566.5s
Battles: 3258/7800 | Vs: x        | Win Rate (Last 50):  18.0% | Speed: 6,745 steps/s (124 fights/min) | Elapsed: 1567.6s
Battles: 3260/7800 | Vs: nigo     | Win Rate (Last 50):  20.0% | Speed: 6,745 steps/s (124 fights/min) | Elapsed: 1568.9s
Battles: 3262/7800 | Vs: riderman | Win Rate (Last 50):  22.0% | Speed: 6,744 steps/s (124 fights/min) | Elapsed: 1570.0s
Battles: 3265/7800 | Vs: nigo     | Win Rate (Last 50):  24.0% | Speed: 6,743 steps/s (124 fights/min) | Elapsed: 1571.5s
Battles: 3267/7800 | Vs: riderman | Win Rate (Last 50):  24.0% | Speed: 6,743 steps/s (124 fights/min) | Elapsed: 1572.6s
Battles: 3270/7800 | Vs: nigo     | Win Rate (Last 50):  24.0% | Speed: 6,742 steps/s (124 fights/min) | Elapsed: 1574.1s
Battles: 3272/7800 | Vs: riderman | Win Rate (Last 50):  26.0% | Speed: 6,741 steps/s (124 fights/min) | Elapsed: 1575.3s
Battles: 3274/7800 | Vs: amazon   | Win Rate (Last 50):  24.0% | Speed: 6,740 steps/s (124 fights/min) | Elapsed: 1576.4s
Battles: 3276/7800 | Vs: v3       | Win Rate (Last 50):  24.0% | Speed: 6,740 steps/s (124 fights/min) | Elapsed: 1577.4s
Battles: 3278/7800 | Vs: x        | Win Rate (Last 50):  24.0% | Speed: 6,739 steps/s (124 fights/min) | Elapsed: 1578.6s
Battles: 3280/7800 | Vs: nigo     | Win Rate (Last 50):  24.0% | Speed: 6,738 steps/s (124 fights/min) | Elapsed: 1579.7s
Battles: 3282/7800 | Vs: riderman | Win Rate (Last 50):  24.0% | Speed: 6,738 steps/s (124 fights/min) | Elapsed: 1580.8s
Battles: 3285/7800 | Vs: nigo     | Win Rate (Last 50):  26.0% | Speed: 6,737 steps/s (124 fights/min) | Elapsed: 1582.3s
Battles: 3287/7800 | Vs: riderman | Win Rate (Last 50):  28.0% | Speed: 6,737 steps/s (124 fights/min) | Elapsed: 1583.4s
Battles: 3289/7800 | Vs: amazon   | Win Rate (Last 50):  28.0% | Speed: 6,736 steps/s (124 fights/min) | Elapsed: 1584.4s
Battles: 3291/7800 | Vs: v3       | Win Rate (Last 50):  28.0% | Speed: 6,735 steps/s (124 fights/min) | Elapsed: 1585.7s
Battles: 3293/7800 | Vs: x        | Win Rate (Last 50):  28.0% | Speed: 6,734 steps/s (124 fights/min) | Elapsed: 1586.7s
Battles: 3295/7800 | Vs: nigo     | Win Rate (Last 50):  28.0% | Speed: 6,734 steps/s (124 fights/min) | Elapsed: 1587.8s
Battles: 3297/7800 | Vs: riderman | Win Rate (Last 50):  30.0% | Speed: 6,733 steps/s (124 fights/min) | Elapsed: 1588.9s
Battles: 3299/7800 | Vs: amazon   | Win Rate (Last 50):  28.0% | Speed: 6,733 steps/s (124 fights/min) | Elapsed: 1590.0s
Battles: 3301/7800 | Vs: v3       | Win Rate (Last 50):  28.0% | Speed: 6,732 steps/s (124 fights/min) | Elapsed: 1591.0s
Battles: 3303/7800 | Vs: x        | Win Rate (Last 50):  28.0% | Speed: 6,732 steps/s (124 fights/min) | Elapsed: 1592.0s
Battles: 3305/7800 | Vs: nigo     | Win Rate (Last 50):  26.0% | Speed: 6,731 steps/s (124 fights/min) | Elapsed: 1593.3s
Battles: 3307/7800 | Vs: riderman | Win Rate (Last 50):  26.0% | Speed: 6,731 steps/s (124 fights/min) | Elapsed: 1594.3s
Battles: 3309/7800 | Vs: amazon   | Win Rate (Last 50):  26.0% | Speed: 6,729 steps/s (124 fights/min) | Elapsed: 1595.6s
Battles: 3311/7800 | Vs: v3       | Win Rate (Last 50):  24.0% | Speed: 6,729 steps/s (124 fights/min) | Elapsed: 1596.6s
Battles: 3313/7800 | Vs: x        | Win Rate (Last 50):  24.0% | Speed: 6,729 steps/s (124 fights/min) | Elapsed: 1597.7s
Battles: 3315/7800 | Vs: nigo     | Win Rate (Last 50):  22.0% | Speed: 6,728 steps/s (124 fights/min) | Elapsed: 1598.7s
Battles: 3318/7800 | Vs: x        | Win Rate (Last 50):  22.0% | Speed: 6,727 steps/s (124 fights/min) | Elapsed: 1600.4s
Battles: 3320/7800 | Vs: nigo     | Win Rate (Last 50):  22.0% | Speed: 6,727 steps/s (124 fights/min) | Elapsed: 1601.4s
Battles: 3322/7800 | Vs: riderman | Win Rate (Last 50):  22.0% | Speed: 6,726 steps/s (124 fights/min) | Elapsed: 1602.4s
Battles: 3324/7800 | Vs: amazon   | Win Rate (Last 50):  22.0% | Speed: 6,726 steps/s (124 fights/min) | Elapsed: 1603.6s
Battles: 3327/7800 | Vs: riderman | Win Rate (Last 50):  24.0% | Speed: 6,725 steps/s (124 fights/min) | Elapsed: 1605.1s
Battles: 3329/7800 | Vs: amazon   | Win Rate (Last 50):  28.0% | Speed: 6,724 steps/s (124 fights/min) | Elapsed: 1606.2s
Battles: 3331/7800 | Vs: v3       | Win Rate (Last 50):  28.0% | Speed: 6,724 steps/s (124 fights/min) | Elapsed: 1607.3s
Battles: 3333/7800 | Vs: x        | Win Rate (Last 50):  30.0% | Speed: 6,723 steps/s (124 fights/min) | Elapsed: 1608.3s
Battles: 3335/7800 | Vs: nigo     | Win Rate (Last 50):  28.0% | Speed: 6,722 steps/s (124 fights/min) | Elapsed: 1609.4s
Battles: 3337/7800 | Vs: riderman | Win Rate (Last 50):  24.0% | Speed: 6,722 steps/s (124 fights/min) | Elapsed: 1610.5s
Battles: 3339/7800 | Vs: amazon   | Win Rate (Last 50):  24.0% | Speed: 6,721 steps/s (124 fights/min) | Elapsed: 1611.6s
Battles: 3341/7800 | Vs: v3       | Win Rate (Last 50):  22.0% | Speed: 6,721 steps/s (124 fights/min) | Elapsed: 1612.8s
Battles: 3343/7800 | Vs: x        | Win Rate (Last 50):  22.0% | Speed: 6,720 steps/s (124 fights/min) | Elapsed: 1613.9s
Battles: 3345/7800 | Vs: nigo     | Win Rate (Last 50):  26.0% | Speed: 6,720 steps/s (124 fights/min) | Elapsed: 1615.0s
Battles: 3347/7800 | Vs: riderman | Win Rate (Last 50):  26.0% | Speed: 6,718 steps/s (124 fights/min) | Elapsed: 1616.3s
Battles: 3349/7800 | Vs: amazon   | Win Rate (Last 50):  26.0% | Speed: 6,717 steps/s (124 fights/min) | Elapsed: 1617.4s
Battles: 3351/7800 | Vs: v3       | Win Rate (Last 50):  28.0% | Speed: 6,717 steps/s (124 fights/min) | Elapsed: 1618.5s
Battles: 3353/7800 | Vs: x        | Win Rate (Last 50):  28.0% | Speed: 6,717 steps/s (124 fights/min) | Elapsed: 1619.6s
Battles: 3355/7800 | Vs: nigo     | Win Rate (Last 50):  30.0% | Speed: 6,715 steps/s (124 fights/min) | Elapsed: 1620.8s
Battles: 3357/7800 | Vs: riderman | Win Rate (Last 50):  30.0% | Speed: 6,715 steps/s (124 fights/min) | Elapsed: 1621.8s
Battles: 3359/7800 | Vs: amazon   | Win Rate (Last 50):  28.0% | Speed: 6,715 steps/s (124 fights/min) | Elapsed: 1622.9s
Battles: 3361/7800 | Vs: v3       | Win Rate (Last 50):  32.0% | Speed: 6,714 steps/s (124 fights/min) | Elapsed: 1624.1s
Battles: 3363/7800 | Vs: x        | Win Rate (Last 50):  32.0% | Speed: 6,714 steps/s (124 fights/min) | Elapsed: 1625.2s
Battles: 3365/7800 | Vs: nigo     | Win Rate (Last 50):  36.0% | Speed: 6,712 steps/s (124 fights/min) | Elapsed: 1626.6s
Battles: 3367/7800 | Vs: riderman | Win Rate (Last 50):  34.0% | Speed: 6,712 steps/s (124 fights/min) | Elapsed: 1627.6s
Battles: 3369/7800 | Vs: amazon   | Win Rate (Last 50):  34.0% | Speed: 6,711 steps/s (124 fights/min) | Elapsed: 1628.7s
Battles: 3371/7800 | Vs: v3       | Win Rate (Last 50):  32.0% | Speed: 6,711 steps/s (124 fights/min) | Elapsed: 1630.0s
Battles: 3373/7800 | Vs: x        | Win Rate (Last 50):  32.0% | Speed: 6,710 steps/s (124 fights/min) | Elapsed: 1631.1s
Battles: 3376/7800 | Vs: v3       | Win Rate (Last 50):  36.0% | Speed: 6,709 steps/s (124 fights/min) | Elapsed: 1632.6s
Battles: 3378/7800 | Vs: x        | Win Rate (Last 50):  32.0% | Speed: 6,709 steps/s (124 fights/min) | Elapsed: 1633.6s
Battles: 3381/7800 | Vs: v3       | Win Rate (Last 50):  32.0% | Speed: 6,708 steps/s (124 fights/min) | Elapsed: 1635.1s
Battles: 3383/7800 | Vs: x        | Win Rate (Last 50):  30.0% | Speed: 6,707 steps/s (124 fights/min) | Elapsed: 1636.5s
Battles: 3385/7800 | Vs: nigo     | Win Rate (Last 50):  32.0% | Speed: 6,706 steps/s (124 fights/min) | Elapsed: 1637.6s
Battles: 3387/7800 | Vs: riderman | Win Rate (Last 50):  32.0% | Speed: 6,706 steps/s (124 fights/min) | Elapsed: 1638.7s
Battles: 3390/7800 | Vs: nigo     | Win Rate (Last 50):  30.0% | Speed: 6,705 steps/s (124 fights/min) | Elapsed: 1640.2s
Battles: 3392/7800 | Vs: riderman | Win Rate (Last 50):  30.0% | Speed: 6,704 steps/s (123 fights/min) | Elapsed: 1641.4s
Battles: 3395/7800 | Vs: nigo     | Win Rate (Last 50):  30.0% | Speed: 6,703 steps/s (123 fights/min) | Elapsed: 1642.8s
Battles: 3398/7800 | Vs: x        | Win Rate (Last 50):  28.0% | Speed: 6,703 steps/s (123 fights/min) | Elapsed: 1644.3s
Battles: 3401/7800 | Vs: v3       | Win Rate (Last 50):  28.0% | Speed: 6,702 steps/s (123 fights/min) | Elapsed: 1645.8s
Battles: 3403/7800 | Vs: x        | Win Rate (Last 50):  26.0% | Speed: 6,701 steps/s (123 fights/min) | Elapsed: 1647.2s
Battles: 3405/7800 | Vs: nigo     | Win Rate (Last 50):  26.0% | Speed: 6,700 steps/s (123 fights/min) | Elapsed: 1648.2s
Battles: 3407/7800 | Vs: riderman | Win Rate (Last 50):  26.0% | Speed: 6,700 steps/s (123 fights/min) | Elapsed: 1649.3s
Battles: 3409/7800 | Vs: amazon   | Win Rate (Last 50):  28.0% | Speed: 6,700 steps/s (123 fights/min) | Elapsed: 1650.4s
Battles: 3411/7800 | Vs: v3       | Win Rate (Last 50):  24.0% | Speed: 6,699 steps/s (123 fights/min) | Elapsed: 1651.4s
Battles: 3413/7800 | Vs: x        | Win Rate (Last 50):  24.0% | Speed: 6,699 steps/s (123 fights/min) | Elapsed: 1652.5s
Battles: 3415/7800 | Vs: nigo     | Win Rate (Last 50):  22.0% | Speed: 6,698 steps/s (123 fights/min) | Elapsed: 1653.7s
Battles: 3417/7800 | Vs: riderman | Win Rate (Last 50):  22.0% | Speed: 6,697 steps/s (123 fights/min) | Elapsed: 1654.7s
Battles: 3419/7800 | Vs: amazon   | Win Rate (Last 50):  24.0% | Speed: 6,697 steps/s (123 fights/min) | Elapsed: 1655.8s
Battles: 3421/7800 | Vs: v3       | Win Rate (Last 50):  26.0% | Speed: 6,696 steps/s (123 fights/min) | Elapsed: 1657.0s
Battles: 3423/7800 | Vs: x        | Win Rate (Last 50):  30.0% | Speed: 6,695 steps/s (123 fights/min) | Elapsed: 1658.1s
Battles: 3425/7800 | Vs: nigo     | Win Rate (Last 50):  30.0% | Speed: 6,695 steps/s (123 fights/min) | Elapsed: 1659.1s
Battles: 3427/7800 | Vs: riderman | Win Rate (Last 50):  30.0% | Speed: 6,694 steps/s (123 fights/min) | Elapsed: 1660.2s
Battles: 3429/7800 | Vs: amazon   | Win Rate (Last 50):  30.0% | Speed: 6,694 steps/s (123 fights/min) | Elapsed: 1661.3s
Battles: 3431/7800 | Vs: v3       | Win Rate (Last 50):  30.0% | Speed: 6,693 steps/s (123 fights/min) | Elapsed: 1662.5s
Battles: 3433/7800 | Vs: x        | Win Rate (Last 50):  30.0% | Speed: 6,693 steps/s (123 fights/min) | Elapsed: 1663.6s
Battles: 3435/7800 | Vs: nigo     | Win Rate (Last 50):  28.0% | Speed: 6,692 steps/s (123 fights/min) | Elapsed: 1664.7s
Battles: 3437/7800 | Vs: riderman | Win Rate (Last 50):  28.0% | Speed: 6,692 steps/s (123 fights/min) | Elapsed: 1665.8s
Battles: 3439/7800 | Vs: amazon   | Win Rate (Last 50):  30.0% | Speed: 6,691 steps/s (123 fights/min) | Elapsed: 1666.9s
Battles: 3441/7800 | Vs: v3       | Win Rate (Last 50):  30.0% | Speed: 6,690 steps/s (123 fights/min) | Elapsed: 1668.1s
Battles: 3444/7800 | Vs: amazon   | Win Rate (Last 50):  32.0% | Speed: 6,689 steps/s (123 fights/min) | Elapsed: 1669.6s
Battles: 3446/7800 | Vs: v3       | Win Rate (Last 50):  30.0% | Speed: 6,689 steps/s (123 fights/min) | Elapsed: 1670.8s
Battles: 3448/7800 | Vs: x        | Win Rate (Last 50):  32.0% | Speed: 6,688 steps/s (123 fights/min) | Elapsed: 1671.9s
Battles: 3450/7800 | Vs: nigo     | Win Rate (Last 50):  30.0% | Speed: 6,688 steps/s (123 fights/min) | Elapsed: 1673.0s
Battles: 3452/7800 | Vs: riderman | Win Rate (Last 50):  30.0% | Speed: 6,687 steps/s (123 fights/min) | Elapsed: 1674.1s
Battles: 3454/7800 | Vs: amazon   | Win Rate (Last 50):  28.0% | Speed: 6,687 steps/s (123 fights/min) | Elapsed: 1675.2s
Battles: 3456/7800 | Vs: v3       | Win Rate (Last 50):  28.0% | Speed: 6,686 steps/s (123 fights/min) | Elapsed: 1676.5s
Battles: 3459/7800 | Vs: amazon   | Win Rate (Last 50):  26.0% | Speed: 6,684 steps/s (123 fights/min) | Elapsed: 1678.1s
Battles: 3461/7800 | Vs: v3       | Win Rate (Last 50):  26.0% | Speed: 6,684 steps/s (123 fights/min) | Elapsed: 1679.1s
Battles: 3464/7800 | Vs: amazon   | Win Rate (Last 50):  28.0% | Speed: 6,684 steps/s (123 fights/min) | Elapsed: 1680.4s
Battles: 3466/7800 | Vs: v3       | Win Rate (Last 50):  28.0% | Speed: 6,682 steps/s (123 fights/min) | Elapsed: 1681.9s
Battles: 3468/7800 | Vs: x        | Win Rate (Last 50):  28.0% | Speed: 6,682 steps/s (123 fights/min) | Elapsed: 1682.9s
Battles: 3471/7800 | Vs: v3       | Win Rate (Last 50):  26.0% | Speed: 6,682 steps/s (123 fights/min) | Elapsed: 1684.3s
Battles: 3474/7800 | Vs: amazon   | Win Rate (Last 50):  22.0% | Speed: 6,681 steps/s (123 fights/min) | Elapsed: 1685.8s
Battles: 3476/7800 | Vs: v3       | Win Rate (Last 50):  22.0% | Speed: 6,680 steps/s (123 fights/min) | Elapsed: 1687.0s
Battles: 3478/7800 | Vs: x        | Win Rate (Last 50):  20.0% | Speed: 6,679 steps/s (123 fights/min) | Elapsed: 1688.2s
Battles: 3480/7800 | Vs: nigo     | Win Rate (Last 50):  18.0% | Speed: 6,679 steps/s (123 fights/min) | Elapsed: 1689.3s
Battles: 3482/7800 | Vs: riderman | Win Rate (Last 50):  18.0% | Speed: 6,678 steps/s (123 fights/min) | Elapsed: 1690.4s
Battles: 3484/7800 | Vs: amazon   | Win Rate (Last 50):  20.0% | Speed: 6,678 steps/s (123 fights/min) | Elapsed: 1691.5s
Battles: 3486/7800 | Vs: v3       | Win Rate (Last 50):  20.0% | Speed: 6,677 steps/s (123 fights/min) | Elapsed: 1692.8s
Battles: 3488/7800 | Vs: x        | Win Rate (Last 50):  20.0% | Speed: 6,676 steps/s (123 fights/min) | Elapsed: 1693.8s
Battles: 3490/7800 | Vs: nigo     | Win Rate (Last 50):  20.0% | Speed: 6,676 steps/s (123 fights/min) | Elapsed: 1694.9s
Battles: 3492/7800 | Vs: riderman | Win Rate (Last 50):  18.0% | Speed: 6,676 steps/s (123 fights/min) | Elapsed: 1696.0s
Battles: 3494/7800 | Vs: amazon   | Win Rate (Last 50):  16.0% | Speed: 6,675 steps/s (123 fights/min) | Elapsed: 1697.3s
Battles: 3496/7800 | Vs: v3       | Win Rate (Last 50):  16.0% | Speed: 6,673 steps/s (123 fights/min) | Elapsed: 1698.7s
Battles: 3498/7800 | Vs: x        | Win Rate (Last 50):  16.0% | Speed: 6,673 steps/s (123 fights/min) | Elapsed: 1699.7s
Battles: 3500/7800 | Vs: nigo     | Win Rate (Last 50):  18.0% | Speed: 6,672 steps/s (123 fights/min) | Elapsed: 1700.9s
Battles: 3502/7800 | Vs: riderman | Win Rate (Last 50):  18.0% | Speed: 6,672 steps/s (123 fights/min) | Elapsed: 1702.0s
Battles: 3504/7800 | Vs: amazon   | Win Rate (Last 50):  20.0% | Speed: 6,671 steps/s (123 fights/min) | Elapsed: 1703.1s
Battles: 3507/7800 | Vs: riderman | Win Rate (Last 50):  20.0% | Speed: 6,670 steps/s (123 fights/min) | Elapsed: 1704.6s
Battles: 3509/7800 | Vs: amazon   | Win Rate (Last 50):  22.0% | Speed: 6,670 steps/s (123 fights/min) | Elapsed: 1705.6s
Battles: 3511/7800 | Vs: v3       | Win Rate (Last 50):  22.0% | Speed: 6,670 steps/s (123 fights/min) | Elapsed: 1706.6s
Battles: 3513/7800 | Vs: x        | Win Rate (Last 50):  22.0% | Speed: 6,669 steps/s (123 fights/min) | Elapsed: 1707.7s
Battles: 3515/7800 | Vs: nigo     | Win Rate (Last 50):  22.0% | Speed: 6,668 steps/s (123 fights/min) | Elapsed: 1708.9s
Battles: 3517/7800 | Vs: riderman | Win Rate (Last 50):  22.0% | Speed: 6,667 steps/s (123 fights/min) | Elapsed: 1709.9s
Battles: 3519/7800 | Vs: amazon   | Win Rate (Last 50):  18.0% | Speed: 6,667 steps/s (123 fights/min) | Elapsed: 1710.9s
Battles: 3521/7800 | Vs: v3       | Win Rate (Last 50):  22.0% | Speed: 6,667 steps/s (123 fights/min) | Elapsed: 1712.0s
Battles: 3523/7800 | Vs: x        | Win Rate (Last 50):  24.0% | Speed: 6,666 steps/s (123 fights/min) | Elapsed: 1713.0s
Battles: 3525/7800 | Vs: nigo     | Win Rate (Last 50):  22.0% | Speed: 6,665 steps/s (123 fights/min) | Elapsed: 1714.1s
Battles: 3527/7800 | Vs: riderman | Win Rate (Last 50):  22.0% | Speed: 6,665 steps/s (123 fights/min) | Elapsed: 1715.2s
Battles: 3530/7800 | Vs: nigo     | Win Rate (Last 50):  24.0% | Speed: 6,664 steps/s (123 fights/min) | Elapsed: 1716.6s
Battles: 3532/7800 | Vs: riderman | Win Rate (Last 50):  26.0% | Speed: 6,664 steps/s (123 fights/min) | Elapsed: 1717.7s
Battles: 3535/7800 | Vs: nigo     | Win Rate (Last 50):  26.0% | Speed: 6,663 steps/s (123 fights/min) | Elapsed: 1719.4s
Battles: 3537/7800 | Vs: riderman | Win Rate (Last 50):  26.0% | Speed: 6,662 steps/s (123 fights/min) | Elapsed: 1720.5s
Battles: 3540/7800 | Vs: nigo     | Win Rate (Last 50):  28.0% | Speed: 6,661 steps/s (123 fights/min) | Elapsed: 1722.0s
Battles: 3542/7800 | Vs: riderman | Win Rate (Last 50):  28.0% | Speed: 6,661 steps/s (123 fights/min) | Elapsed: 1723.1s
Battles: 3545/7800 | Vs: nigo     | Win Rate (Last 50):  30.0% | Speed: 6,660 steps/s (123 fights/min) | Elapsed: 1724.5s
Battles: 3547/7800 | Vs: riderman | Win Rate (Last 50):  28.0% | Speed: 6,659 steps/s (123 fights/min) | Elapsed: 1725.8s
Battles: 3550/7800 | Vs: nigo     | Win Rate (Last 50):  26.0% | Speed: 6,659 steps/s (123 fights/min) | Elapsed: 1727.3s
Battles: 3552/7800 | Vs: riderman | Win Rate (Last 50):  28.0% | Speed: 6,658 steps/s (123 fights/min) | Elapsed: 1728.5s
Battles: 3554/7800 | Vs: amazon   | Win Rate (Last 50):  26.0% | Speed: 6,657 steps/s (123 fights/min) | Elapsed: 1729.7s
Battles: 3556/7800 | Vs: v3       | Win Rate (Last 50):  26.0% | Speed: 6,656 steps/s (123 fights/min) | Elapsed: 1730.8s
Battles: 3558/7800 | Vs: x        | Win Rate (Last 50):  30.0% | Speed: 6,656 steps/s (123 fights/min) | Elapsed: 1732.0s
Battles: 3560/7800 | Vs: nigo     | Win Rate (Last 50):  30.0% | Speed: 6,655 steps/s (123 fights/min) | Elapsed: 1733.0s
Battles: 3562/7800 | Vs: riderman | Win Rate (Last 50):  32.0% | Speed: 6,655 steps/s (123 fights/min) | Elapsed: 1734.1s
Battles: 3564/7800 | Vs: amazon   | Win Rate (Last 50):  32.0% | Speed: 6,655 steps/s (123 fights/min) | Elapsed: 1735.1s
Battles: 3566/7800 | Vs: v3       | Win Rate (Last 50):  34.0% | Speed: 6,654 steps/s (123 fights/min) | Elapsed: 1736.3s
Battles: 3568/7800 | Vs: x        | Win Rate (Last 50):  36.0% | Speed: 6,653 steps/s (123 fights/min) | Elapsed: 1737.4s
Battles: 3570/7800 | Vs: nigo     | Win Rate (Last 50):  38.0% | Speed: 6,653 steps/s (123 fights/min) | Elapsed: 1738.6s
Battles: 3572/7800 | Vs: riderman | Win Rate (Last 50):  36.0% | Speed: 6,652 steps/s (123 fights/min) | Elapsed: 1739.8s
Battles: 3574/7800 | Vs: amazon   | Win Rate (Last 50):  40.0% | Speed: 6,651 steps/s (123 fights/min) | Elapsed: 1740.9s
Battles: 3576/7800 | Vs: v3       | Win Rate (Last 50):  40.0% | Speed: 6,650 steps/s (123 fights/min) | Elapsed: 1742.2s
Battles: 3578/7800 | Vs: x        | Win Rate (Last 50):  42.0% | Speed: 6,650 steps/s (123 fights/min) | Elapsed: 1743.3s
Battles: 3581/7800 | Vs: v3       | Win Rate (Last 50):  42.0% | Speed: 6,649 steps/s (123 fights/min) | Elapsed: 1744.8s
Battles: 3584/7800 | Vs: amazon   | Win Rate (Last 50):  42.0% | Speed: 6,649 steps/s (123 fights/min) | Elapsed: 1746.2s
Battles: 3586/7800 | Vs: v3       | Win Rate (Last 50):  44.0% | Speed: 6,648 steps/s (123 fights/min) | Elapsed: 1747.3s
Battles: 3588/7800 | Vs: x        | Win Rate (Last 50):  44.0% | Speed: 6,647 steps/s (123 fights/min) | Elapsed: 1748.5s
Battles: 3590/7800 | Vs: nigo     | Win Rate (Last 50):  40.0% | Speed: 6,647 steps/s (123 fights/min) | Elapsed: 1749.5s
Battles: 3592/7800 | Vs: riderman | Win Rate (Last 50):  40.0% | Speed: 6,646 steps/s (123 fights/min) | Elapsed: 1750.7s
Battles: 3595/7800 | Vs: nigo     | Win Rate (Last 50):  40.0% | Speed: 6,646 steps/s (123 fights/min) | Elapsed: 1752.0s
Battles: 3597/7800 | Vs: riderman | Win Rate (Last 50):  42.0% | Speed: 6,645 steps/s (123 fights/min) | Elapsed: 1753.4s
Battles: 3599/7800 | Vs: amazon   | Win Rate (Last 50):  44.0% | Speed: 6,644 steps/s (123 fights/min) | Elapsed: 1754.5s
Battles: 3601/7800 | Vs: v3       | Win Rate (Last 50):  42.0% | Speed: 6,644 steps/s (123 fights/min) | Elapsed: 1755.6s
Battles: 3603/7800 | Vs: x        | Win Rate (Last 50):  42.0% | Speed: 6,643 steps/s (123 fights/min) | Elapsed: 1756.6s
Battles: 3606/7800 | Vs: v3       | Win Rate (Last 50):  46.0% | Speed: 6,643 steps/s (123 fights/min) | Elapsed: 1758.0s
Battles: 3608/7800 | Vs: x        | Win Rate (Last 50):  42.0% | Speed: 6,642 steps/s (123 fights/min) | Elapsed: 1759.1s
Battles: 3610/7800 | Vs: nigo     | Win Rate (Last 50):  44.0% | Speed: 6,641 steps/s (123 fights/min) | Elapsed: 1760.3s
Battles: 3612/7800 | Vs: riderman | Win Rate (Last 50):  42.0% | Speed: 6,640 steps/s (123 fights/min) | Elapsed: 1761.4s
Battles: 3615/7800 | Vs: nigo     | Win Rate (Last 50):  40.0% | Speed: 6,640 steps/s (123 fights/min) | Elapsed: 1762.9s
Battles: 3617/7800 | Vs: riderman | Win Rate (Last 50):  40.0% | Speed: 6,639 steps/s (123 fights/min) | Elapsed: 1764.0s
Battles: 3620/7800 | Vs: nigo     | Win Rate (Last 50):  38.0% | Speed: 6,638 steps/s (123 fights/min) | Elapsed: 1765.6s
Battles: 3623/7800 | Vs: x        | Win Rate (Last 50):  38.0% | Speed: 6,638 steps/s (123 fights/min) | Elapsed: 1767.1s
Battles: 3626/7800 | Vs: v3       | Win Rate (Last 50):  38.0% | Speed: 6,637 steps/s (123 fights/min) | Elapsed: 1768.7s
Battles: 3628/7800 | Vs: x        | Win Rate (Last 50):  38.0% | Speed: 6,636 steps/s (122 fights/min) | Elapsed: 1770.0s
Battles: 3630/7800 | Vs: nigo     | Win Rate (Last 50):  38.0% | Speed: 6,635 steps/s (122 fights/min) | Elapsed: 1771.1s
Battles: 3632/7800 | Vs: riderman | Win Rate (Last 50):  36.0% | Speed: 6,635 steps/s (122 fights/min) | Elapsed: 1772.3s
Battles: 3634/7800 | Vs: amazon   | Win Rate (Last 50):  38.0% | Speed: 6,634 steps/s (122 fights/min) | Elapsed: 1773.3s
Battles: 3636/7800 | Vs: v3       | Win Rate (Last 50):  36.0% | Speed: 6,634 steps/s (122 fights/min) | Elapsed: 1774.5s
Battles: 3638/7800 | Vs: x        | Win Rate (Last 50):  36.0% | Speed: 6,633 steps/s (122 fights/min) | Elapsed: 1775.7s
Battles: 3640/7800 | Vs: nigo     | Win Rate (Last 50):  38.0% | Speed: 6,633 steps/s (122 fights/min) | Elapsed: 1776.8s
Battles: 3642/7800 | Vs: riderman | Win Rate (Last 50):  38.0% | Speed: 6,632 steps/s (122 fights/min) | Elapsed: 1778.0s
Battles: 3644/7800 | Vs: amazon   | Win Rate (Last 50):  40.0% | Speed: 6,631 steps/s (122 fights/min) | Elapsed: 1779.0s
Battles: 3646/7800 | Vs: v3       | Win Rate (Last 50):  42.0% | Speed: 6,631 steps/s (122 fights/min) | Elapsed: 1780.2s
Battles: 3648/7800 | Vs: x        | Win Rate (Last 50):  40.0% | Speed: 6,629 steps/s (122 fights/min) | Elapsed: 1781.5s
Battles: 3650/7800 | Vs: nigo     | Win Rate (Last 50):  40.0% | Speed: 6,629 steps/s (122 fights/min) | Elapsed: 1782.5s
Battles: 3652/7800 | Vs: riderman | Win Rate (Last 50):  40.0% | Speed: 6,629 steps/s (122 fights/min) | Elapsed: 1783.6s
Battles: 3654/7800 | Vs: amazon   | Win Rate (Last 50):  40.0% | Speed: 6,628 steps/s (122 fights/min) | Elapsed: 1784.6s
Battles: 3656/7800 | Vs: v3       | Win Rate (Last 50):  40.0% | Speed: 6,628 steps/s (122 fights/min) | Elapsed: 1785.8s
Battles: 3658/7800 | Vs: x        | Win Rate (Last 50):  40.0% | Speed: 6,627 steps/s (122 fights/min) | Elapsed: 1786.8s
Battles: 3661/7800 | Vs: v3       | Win Rate (Last 50):  40.0% | Speed: 6,626 steps/s (122 fights/min) | Elapsed: 1788.2s
Battles: 3663/7800 | Vs: x        | Win Rate (Last 50):  40.0% | Speed: 6,626 steps/s (122 fights/min) | Elapsed: 1789.4s
Battles: 3665/7800 | Vs: nigo     | Win Rate (Last 50):  40.0% | Speed: 6,625 steps/s (122 fights/min) | Elapsed: 1790.5s
Battles: 3667/7800 | Vs: riderman | Win Rate (Last 50):  40.0% | Speed: 6,624 steps/s (122 fights/min) | Elapsed: 1791.6s
Battles: 3669/7800 | Vs: amazon   | Win Rate (Last 50):  40.0% | Speed: 6,624 steps/s (122 fights/min) | Elapsed: 1792.7s
Battles: 3671/7800 | Vs: v3       | Win Rate (Last 50):  40.0% | Speed: 6,623 steps/s (122 fights/min) | Elapsed: 1793.7s
Battles: 3673/7800 | Vs: x        | Win Rate (Last 50):  36.0% | Speed: 6,623 steps/s (122 fights/min) | Elapsed: 1794.9s
Battles: 3675/7800 | Vs: nigo     | Win Rate (Last 50):  36.0% | Speed: 6,622 steps/s (122 fights/min) | Elapsed: 1795.9s
Battles: 3677/7800 | Vs: riderman | Win Rate (Last 50):  36.0% | Speed: 6,622 steps/s (122 fights/min) | Elapsed: 1796.9s
Battles: 3679/7800 | Vs: amazon   | Win Rate (Last 50):  34.0% | Speed: 6,621 steps/s (122 fights/min) | Elapsed: 1797.9s
Battles: 3681/7800 | Vs: v3       | Win Rate (Last 50):  36.0% | Speed: 6,621 steps/s (122 fights/min) | Elapsed: 1799.0s
Battles: 3684/7800 | Vs: amazon   | Win Rate (Last 50):  38.0% | Speed: 6,620 steps/s (122 fights/min) | Elapsed: 1800.5s
Battles: 3686/7800 | Vs: v3       | Win Rate (Last 50):  38.0% | Speed: 6,619 steps/s (122 fights/min) | Elapsed: 1801.7s
Battles: 3688/7800 | Vs: x        | Win Rate (Last 50):  40.0% | Speed: 6,619 steps/s (122 fights/min) | Elapsed: 1802.8s
Battles: 3690/7800 | Vs: nigo     | Win Rate (Last 50):  40.0% | Speed: 6,618 steps/s (122 fights/min) | Elapsed: 1803.9s
Battles: 3692/7800 | Vs: riderman | Win Rate (Last 50):  40.0% | Speed: 6,617 steps/s (122 fights/min) | Elapsed: 1805.0s
Battles: 3694/7800 | Vs: amazon   | Win Rate (Last 50):  40.0% | Speed: 6,617 steps/s (122 fights/min) | Elapsed: 1806.0s
Battles: 3697/7800 | Vs: riderman | Win Rate (Last 50):  38.0% | Speed: 6,617 steps/s (122 fights/min) | Elapsed: 1807.6s
Battles: 3699/7800 | Vs: amazon   | Win Rate (Last 50):  36.0% | Speed: 6,616 steps/s (122 fights/min) | Elapsed: 1808.8s
Battles: 3701/7800 | Vs: v3       | Win Rate (Last 50):  38.0% | Speed: 6,615 steps/s (122 fights/min) | Elapsed: 1809.9s
Battles: 3703/7800 | Vs: x        | Win Rate (Last 50):  38.0% | Speed: 6,615 steps/s (122 fights/min) | Elapsed: 1811.0s
Battles: 3705/7800 | Vs: nigo     | Win Rate (Last 50):  38.0% | Speed: 6,614 steps/s (122 fights/min) | Elapsed: 1812.3s
Battles: 3707/7800 | Vs: riderman | Win Rate (Last 50):  38.0% | Speed: 6,613 steps/s (122 fights/min) | Elapsed: 1813.3s
Battles: 3709/7800 | Vs: amazon   | Win Rate (Last 50):  38.0% | Speed: 6,613 steps/s (122 fights/min) | Elapsed: 1814.4s
Battles: 3711/7800 | Vs: v3       | Win Rate (Last 50):  36.0% | Speed: 6,612 steps/s (122 fights/min) | Elapsed: 1815.7s
Battles: 3713/7800 | Vs: x        | Win Rate (Last 50):  36.0% | Speed: 6,612 steps/s (122 fights/min) | Elapsed: 1816.8s
Battles: 3716/7800 | Vs: v3       | Win Rate (Last 50):  36.0% | Speed: 6,611 steps/s (122 fights/min) | Elapsed: 1818.3s
Battles: 3718/7800 | Vs: x        | Win Rate (Last 50):  32.0% | Speed: 6,611 steps/s (122 fights/min) | Elapsed: 1819.4s
Battles: 3720/7800 | Vs: nigo     | Win Rate (Last 50):  30.0% | Speed: 6,610 steps/s (122 fights/min) | Elapsed: 1820.6s
Battles: 3722/7800 | Vs: riderman | Win Rate (Last 50):  30.0% | Speed: 6,609 steps/s (122 fights/min) | Elapsed: 1821.6s
Battles: 3724/7800 | Vs: amazon   | Win Rate (Last 50):  30.0% | Speed: 6,608 steps/s (122 fights/min) | Elapsed: 1822.7s
Battles: 3726/7800 | Vs: v3       | Win Rate (Last 50):  30.0% | Speed: 6,608 steps/s (122 fights/min) | Elapsed: 1823.8s
Battles: 3728/7800 | Vs: x        | Win Rate (Last 50):  30.0% | Speed: 6,607 steps/s (122 fights/min) | Elapsed: 1825.0s
Battles: 3730/7800 | Vs: nigo     | Win Rate (Last 50):  30.0% | Speed: 6,607 steps/s (122 fights/min) | Elapsed: 1826.1s
Battles: 3732/7800 | Vs: riderman | Win Rate (Last 50):  26.0% | Speed: 6,606 steps/s (122 fights/min) | Elapsed: 1827.3s
Battles: 3734/7800 | Vs: amazon   | Win Rate (Last 50):  26.0% | Speed: 6,606 steps/s (122 fights/min) | Elapsed: 1828.4s
Battles: 3736/7800 | Vs: v3       | Win Rate (Last 50):  28.0% | Speed: 6,605 steps/s (122 fights/min) | Elapsed: 1829.5s
Battles: 3738/7800 | Vs: x        | Win Rate (Last 50):  26.0% | Speed: 6,605 steps/s (122 fights/min) | Elapsed: 1830.8s
Battles: 3740/7800 | Vs: nigo     | Win Rate (Last 50):  24.0% | Speed: 6,604 steps/s (122 fights/min) | Elapsed: 1831.8s
Battles: 3742/7800 | Vs: riderman | Win Rate (Last 50):  24.0% | Speed: 6,603 steps/s (122 fights/min) | Elapsed: 1833.1s
Battles: 3745/7800 | Vs: nigo     | Win Rate (Last 50):  24.0% | Speed: 6,603 steps/s (122 fights/min) | Elapsed: 1834.6s
Battles: 3748/7800 | Vs: x        | Win Rate (Last 50):  28.0% | Speed: 6,602 steps/s (122 fights/min) | Elapsed: 1836.2s
Battles: 3750/7800 | Vs: nigo     | Win Rate (Last 50):  28.0% | Speed: 6,601 steps/s (122 fights/min) | Elapsed: 1837.2s
Battles: 3752/7800 | Vs: riderman | Win Rate (Last 50):  28.0% | Speed: 6,601 steps/s (122 fights/min) | Elapsed: 1838.2s
Battles: 3754/7800 | Vs: amazon   | Win Rate (Last 50):  30.0% | Speed: 6,600 steps/s (122 fights/min) | Elapsed: 1839.3s
Battles: 3756/7800 | Vs: v3       | Win Rate (Last 50):  30.0% | Speed: 6,600 steps/s (122 fights/min) | Elapsed: 1840.4s
Battles: 3758/7800 | Vs: x        | Win Rate (Last 50):  28.0% | Speed: 6,599 steps/s (122 fights/min) | Elapsed: 1841.5s
Battles: 3760/7800 | Vs: nigo     | Win Rate (Last 50):  28.0% | Speed: 6,598 steps/s (122 fights/min) | Elapsed: 1842.7s
Battles: 3762/7800 | Vs: riderman | Win Rate (Last 50):  30.0% | Speed: 6,598 steps/s (122 fights/min) | Elapsed: 1843.9s
Battles: 3764/7800 | Vs: amazon   | Win Rate (Last 50):  30.0% | Speed: 6,597 steps/s (122 fights/min) | Elapsed: 1845.0s
Battles: 3766/7800 | Vs: v3       | Win Rate (Last 50):  28.0% | Speed: 6,597 steps/s (122 fights/min) | Elapsed: 1846.1s
Battles: 3768/7800 | Vs: x        | Win Rate (Last 50):  30.0% | Speed: 6,596 steps/s (122 fights/min) | Elapsed: 1847.2s
Battles: 3770/7800 | Vs: nigo     | Win Rate (Last 50):  32.0% | Speed: 6,596 steps/s (122 fights/min) | Elapsed: 1848.2s
Battles: 3772/7800 | Vs: riderman | Win Rate (Last 50):  32.0% | Speed: 6,595 steps/s (122 fights/min) | Elapsed: 1849.4s
Battles: 3775/7800 | Vs: nigo     | Win Rate (Last 50):  32.0% | Speed: 6,594 steps/s (122 fights/min) | Elapsed: 1851.0s
Battles: 3777/7800 | Vs: riderman | Win Rate (Last 50):  32.0% | Speed: 6,594 steps/s (122 fights/min) | Elapsed: 1852.1s
Battles: 3779/7800 | Vs: amazon   | Win Rate (Last 50):  32.0% | Speed: 6,593 steps/s (122 fights/min) | Elapsed: 1853.3s
Battles: 3781/7800 | Vs: v3       | Win Rate (Last 50):  32.0% | Speed: 6,593 steps/s (122 fights/min) | Elapsed: 1854.4s
Battles: 3783/7800 | Vs: x        | Win Rate (Last 50):  30.0% | Speed: 6,592 steps/s (122 fights/min) | Elapsed: 1855.5s
Battles: 3786/7800 | Vs: v3       | Win Rate (Last 50):  32.0% | Speed: 6,591 steps/s (122 fights/min) | Elapsed: 1857.0s
Battles: 3788/7800 | Vs: x        | Win Rate (Last 50):  34.0% | Speed: 6,591 steps/s (122 fights/min) | Elapsed: 1858.2s
Battles: 3790/7800 | Vs: nigo     | Win Rate (Last 50):  36.0% | Speed: 6,590 steps/s (122 fights/min) | Elapsed: 1859.2s
Battles: 3792/7800 | Vs: riderman | Win Rate (Last 50):  36.0% | Speed: 6,590 steps/s (122 fights/min) | Elapsed: 1860.4s
Battles: 3794/7800 | Vs: amazon   | Win Rate (Last 50):  34.0% | Speed: 6,589 steps/s (122 fights/min) | Elapsed: 1861.5s
Battles: 3796/7800 | Vs: v3       | Win Rate (Last 50):  30.0% | Speed: 6,589 steps/s (122 fights/min) | Elapsed: 1862.7s
Battles: 3798/7800 | Vs: x        | Win Rate (Last 50):  30.0% | Speed: 6,588 steps/s (122 fights/min) | Elapsed: 1863.9s
Battles: 3801/7800 | Vs: v3       | Win Rate (Last 50):  32.0% | Speed: 6,587 steps/s (122 fights/min) | Elapsed: 1865.4s
Battles: 3803/7800 | Vs: x        | Win Rate (Last 50):  34.0% | Speed: 6,586 steps/s (122 fights/min) | Elapsed: 1866.5s
Battles: 3806/7800 | Vs: v3       | Win Rate (Last 50):  32.0% | Speed: 6,586 steps/s (122 fights/min) | Elapsed: 1867.9s
Battles: 3808/7800 | Vs: x        | Win Rate (Last 50):  32.0% | Speed: 6,585 steps/s (122 fights/min) | Elapsed: 1869.2s
Battles: 3810/7800 | Vs: nigo     | Win Rate (Last 50):  30.0% | Speed: 6,585 steps/s (122 fights/min) | Elapsed: 1870.2s
Battles: 3812/7800 | Vs: riderman | Win Rate (Last 50):  28.0% | Speed: 6,584 steps/s (122 fights/min) | Elapsed: 1871.5s
Battles: 3814/7800 | Vs: amazon   | Win Rate (Last 50):  32.0% | Speed: 6,583 steps/s (122 fights/min) | Elapsed: 1872.6s
Battles: 3816/7800 | Vs: v3       | Win Rate (Last 50):  34.0% | Speed: 6,583 steps/s (122 fights/min) | Elapsed: 1873.8s
Battles: 3818/7800 | Vs: x        | Win Rate (Last 50):  32.0% | Speed: 6,582 steps/s (122 fights/min) | Elapsed: 1875.0s
Battles: 3820/7800 | Vs: nigo     | Win Rate (Last 50):  32.0% | Speed: 6,582 steps/s (122 fights/min) | Elapsed: 1876.0s
Battles: 3822/7800 | Vs: riderman | Win Rate (Last 50):  34.0% | Speed: 6,581 steps/s (122 fights/min) | Elapsed: 1877.2s
Battles: 3825/7800 | Vs: nigo     | Win Rate (Last 50):  32.0% | Speed: 6,580 steps/s (122 fights/min) | Elapsed: 1878.8s
Battles: 3827/7800 | Vs: riderman | Win Rate (Last 50):  32.0% | Speed: 6,580 steps/s (122 fights/min) | Elapsed: 1879.9s
Battles: 3829/7800 | Vs: amazon   | Win Rate (Last 50):  34.0% | Speed: 6,579 steps/s (122 fights/min) | Elapsed: 1881.0s
Battles: 3831/7800 | Vs: v3       | Win Rate (Last 50):  34.0% | Speed: 6,579 steps/s (122 fights/min) | Elapsed: 1882.1s
Battles: 3833/7800 | Vs: x        | Win Rate (Last 50):  38.0% | Speed: 6,578 steps/s (122 fights/min) | Elapsed: 1883.2s
Battles: 3835/7800 | Vs: nigo     | Win Rate (Last 50):  36.0% | Speed: 6,577 steps/s (122 fights/min) | Elapsed: 1884.3s
Battles: 3837/7800 | Vs: riderman | Win Rate (Last 50):  32.0% | Speed: 6,577 steps/s (122 fights/min) | Elapsed: 1885.4s
Battles: 3839/7800 | Vs: amazon   | Win Rate (Last 50):  30.0% | Speed: 6,576 steps/s (122 fights/min) | Elapsed: 1886.7s
Battles: 3841/7800 | Vs: v3       | Win Rate (Last 50):  30.0% | Speed: 6,576 steps/s (122 fights/min) | Elapsed: 1887.7s
Battles: 3843/7800 | Vs: x        | Win Rate (Last 50):  30.0% | Speed: 6,575 steps/s (122 fights/min) | Elapsed: 1888.8s
Battles: 3846/7800 | Vs: v3       | Win Rate (Last 50):  32.0% | Speed: 6,575 steps/s (122 fights/min) | Elapsed: 1890.2s
Battles: 3848/7800 | Vs: x        | Win Rate (Last 50):  30.0% | Speed: 6,574 steps/s (122 fights/min) | Elapsed: 1891.5s
Battles: 3850/7800 | Vs: nigo     | Win Rate (Last 50):  28.0% | Speed: 6,573 steps/s (122 fights/min) | Elapsed: 1892.5s
Battles: 3852/7800 | Vs: riderman | Win Rate (Last 50):  28.0% | Speed: 6,573 steps/s (122 fights/min) | Elapsed: 1893.6s
Battles: 3854/7800 | Vs: amazon   | Win Rate (Last 50):  28.0% | Speed: 6,572 steps/s (122 fights/min) | Elapsed: 1894.8s
Battles: 3856/7800 | Vs: v3       | Win Rate (Last 50):  28.0% | Speed: 6,572 steps/s (122 fights/min) | Elapsed: 1895.9s
Battles: 3858/7800 | Vs: x        | Win Rate (Last 50):  28.0% | Speed: 6,571 steps/s (122 fights/min) | Elapsed: 1897.0s
Battles: 3860/7800 | Vs: nigo     | Win Rate (Last 50):  30.0% | Speed: 6,570 steps/s (122 fights/min) | Elapsed: 1898.2s
Battles: 3862/7800 | Vs: riderman | Win Rate (Last 50):  30.0% | Speed: 6,570 steps/s (122 fights/min) | Elapsed: 1899.3s
Battles: 3865/7800 | Vs: nigo     | Win Rate (Last 50):  28.0% | Speed: 6,569 steps/s (122 fights/min) | Elapsed: 1900.8s
Battles: 3867/7800 | Vs: riderman | Win Rate (Last 50):  28.0% | Speed: 6,569 steps/s (121 fights/min) | Elapsed: 1901.9s
Battles: 3869/7800 | Vs: amazon   | Win Rate (Last 50):  30.0% | Speed: 6,568 steps/s (121 fights/min) | Elapsed: 1902.9s
Battles: 3871/7800 | Vs: v3       | Win Rate (Last 50):  28.0% | Speed: 6,568 steps/s (121 fights/min) | Elapsed: 1904.0s
Battles: 3873/7800 | Vs: x        | Win Rate (Last 50):  26.0% | Speed: 6,567 steps/s (121 fights/min) | Elapsed: 1905.1s
Battles: 3875/7800 | Vs: nigo     | Win Rate (Last 50):  28.0% | Speed: 6,566 steps/s (121 fights/min) | Elapsed: 1906.2s
Battles: 3877/7800 | Vs: riderman | Win Rate (Last 50):  32.0% | Speed: 6,566 steps/s (121 fights/min) | Elapsed: 1907.3s
Battles: 3879/7800 | Vs: amazon   | Win Rate (Last 50):  32.0% | Speed: 6,565 steps/s (121 fights/min) | Elapsed: 1908.5s
Battles: 3881/7800 | Vs: v3       | Win Rate (Last 50):  34.0% | Speed: 6,565 steps/s (121 fights/min) | Elapsed: 1909.7s
Battles: 3883/7800 | Vs: x        | Win Rate (Last 50):  30.0% | Speed: 6,564 steps/s (121 fights/min) | Elapsed: 1910.8s
Battles: 3885/7800 | Vs: nigo     | Win Rate (Last 50):  30.0% | Speed: 6,564 steps/s (121 fights/min) | Elapsed: 1911.9s
Battles: 3888/7800 | Vs: x        | Win Rate (Last 50):  30.0% | Speed: 6,563 steps/s (121 fights/min) | Elapsed: 1913.4s
Battles: 3890/7800 | Vs: nigo     | Win Rate (Last 50):  30.0% | Speed: 6,562 steps/s (121 fights/min) | Elapsed: 1914.8s
Battles: 3892/7800 | Vs: riderman | Win Rate (Last 50):  30.0% | Speed: 6,561 steps/s (121 fights/min) | Elapsed: 1916.0s
Battles: 3894/7800 | Vs: amazon   | Win Rate (Last 50):  28.0% | Speed: 6,560 steps/s (121 fights/min) | Elapsed: 1917.1s
Battles: 3896/7800 | Vs: v3       | Win Rate (Last 50):  28.0% | Speed: 6,560 steps/s (121 fights/min) | Elapsed: 1918.3s
Battles: 3898/7800 | Vs: x        | Win Rate (Last 50):  30.0% | Speed: 6,559 steps/s (121 fights/min) | Elapsed: 1919.5s
Battles: 3900/7800 | Vs: nigo     | Win Rate (Last 50):  28.0% | Speed: 6,559 steps/s (121 fights/min) | Elapsed: 1920.6s
Battles: 3902/7800 | Vs: riderman | Win Rate (Last 50):  28.0% | Speed: 6,558 steps/s (121 fights/min) | Elapsed: 1921.6s
Battles: 3904/7800 | Vs: amazon   | Win Rate (Last 50):  28.0% | Speed: 6,558 steps/s (121 fights/min) | Elapsed: 1922.9s
Battles: 3906/7800 | Vs: v3       | Win Rate (Last 50):  30.0% | Speed: 6,557 steps/s (121 fights/min) | Elapsed: 1923.9s
Battles: 3908/7800 | Vs: x        | Win Rate (Last 50):  32.0% | Speed: 6,556 steps/s (121 fights/min) | Elapsed: 1925.1s
Battles: 3910/7800 | Vs: nigo     | Win Rate (Last 50):  32.0% | Speed: 6,556 steps/s (121 fights/min) | Elapsed: 1926.1s
Battles: 3912/7800 | Vs: riderman | Win Rate (Last 50):  34.0% | Speed: 6,555 steps/s (121 fights/min) | Elapsed: 1927.2s
Battles: 3914/7800 | Vs: amazon   | Win Rate (Last 50):  32.0% | Speed: 6,555 steps/s (121 fights/min) | Elapsed: 1928.3s
Battles: 3916/7800 | Vs: v3       | Win Rate (Last 50):  32.0% | Speed: 6,555 steps/s (121 fights/min) | Elapsed: 1929.4s
Battles: 3918/7800 | Vs: x        | Win Rate (Last 50):  30.0% | Speed: 6,554 steps/s (121 fights/min) | Elapsed: 1930.5s
Battles: 3920/7800 | Vs: nigo     | Win Rate (Last 50):  30.0% | Speed: 6,554 steps/s (121 fights/min) | Elapsed: 1931.5s
Battles: 3922/7800 | Vs: riderman | Win Rate (Last 50):  30.0% | Speed: 6,553 steps/s (121 fights/min) | Elapsed: 1932.6s
Battles: 3925/7800 | Vs: nigo     | Win Rate (Last 50):  30.0% | Speed: 6,552 steps/s (121 fights/min) | Elapsed: 1934.1s
Battles: 3927/7800 | Vs: riderman | Win Rate (Last 50):  26.0% | Speed: 6,551 steps/s (121 fights/min) | Elapsed: 1935.3s
Battles: 3930/7800 | Vs: nigo     | Win Rate (Last 50):  24.0% | Speed: 6,551 steps/s (121 fights/min) | Elapsed: 1936.8s
Battles: 3932/7800 | Vs: riderman | Win Rate (Last 50):  22.0% | Speed: 6,550 steps/s (121 fights/min) | Elapsed: 1937.9s
Battles: 3934/7800 | Vs: amazon   | Win Rate (Last 50):  24.0% | Speed: 6,550 steps/s (121 fights/min) | Elapsed: 1938.9s
Battles: 3936/7800 | Vs: v3       | Win Rate (Last 50):  24.0% | Speed: 6,549 steps/s (121 fights/min) | Elapsed: 1940.1s
Battles: 3938/7800 | Vs: x        | Win Rate (Last 50):  24.0% | Speed: 6,549 steps/s (121 fights/min) | Elapsed: 1941.3s
Battles: 3941/7800 | Vs: v3       | Win Rate (Last 50):  26.0% | Speed: 6,548 steps/s (121 fights/min) | Elapsed: 1942.8s
Battles: 3943/7800 | Vs: x        | Win Rate (Last 50):  26.0% | Speed: 6,547 steps/s (121 fights/min) | Elapsed: 1943.9s
Battles: 3946/7800 | Vs: v3       | Win Rate (Last 50):  28.0% | Speed: 6,546 steps/s (121 fights/min) | Elapsed: 1945.5s
Battles: 3948/7800 | Vs: x        | Win Rate (Last 50):  28.0% | Speed: 6,546 steps/s (121 fights/min) | Elapsed: 1946.7s
Battles: 3950/7800 | Vs: nigo     | Win Rate (Last 50):  28.0% | Speed: 6,545 steps/s (121 fights/min) | Elapsed: 1947.9s
Battles: 3952/7800 | Vs: riderman | Win Rate (Last 50):  26.0% | Speed: 6,545 steps/s (121 fights/min) | Elapsed: 1949.1s
Battles: 3955/7800 | Vs: nigo     | Win Rate (Last 50):  26.0% | Speed: 6,544 steps/s (121 fights/min) | Elapsed: 1950.6s
Battles: 3957/7800 | Vs: riderman | Win Rate (Last 50):  24.0% | Speed: 6,544 steps/s (121 fights/min) | Elapsed: 1951.6s
Battles: 3959/7800 | Vs: amazon   | Win Rate (Last 50):  24.0% | Speed: 6,543 steps/s (121 fights/min) | Elapsed: 1952.9s
Battles: 3961/7800 | Vs: v3       | Win Rate (Last 50):  24.0% | Speed: 6,542 steps/s (121 fights/min) | Elapsed: 1954.0s
Battles: 3963/7800 | Vs: x        | Win Rate (Last 50):  22.0% | Speed: 6,542 steps/s (121 fights/min) | Elapsed: 1955.1s
Battles: 3965/7800 | Vs: nigo     | Win Rate (Last 50):  22.0% | Speed: 6,541 steps/s (121 fights/min) | Elapsed: 1956.4s
Battles: 3967/7800 | Vs: riderman | Win Rate (Last 50):  22.0% | Speed: 6,540 steps/s (121 fights/min) | Elapsed: 1957.5s
Battles: 3969/7800 | Vs: amazon   | Win Rate (Last 50):  22.0% | Speed: 6,540 steps/s (121 fights/min) | Elapsed: 1958.6s
Battles: 3971/7800 | Vs: v3       | Win Rate (Last 50):  22.0% | Speed: 6,539 steps/s (121 fights/min) | Elapsed: 1959.6s
Battles: 3973/7800 | Vs: x        | Win Rate (Last 50):  24.0% | Speed: 6,539 steps/s (121 fights/min) | Elapsed: 1960.7s
Battles: 3975/7800 | Vs: nigo     | Win Rate (Last 50):  24.0% | Speed: 6,539 steps/s (121 fights/min) | Elapsed: 1961.7s
Battles: 3977/7800 | Vs: riderman | Win Rate (Last 50):  24.0% | Speed: 6,538 steps/s (121 fights/min) | Elapsed: 1962.9s
Battles: 3979/7800 | Vs: amazon   | Win Rate (Last 50):  26.0% | Speed: 6,537 steps/s (121 fights/min) | Elapsed: 1964.0s
Battles: 3981/7800 | Vs: v3       | Win Rate (Last 50):  28.0% | Speed: 6,537 steps/s (121 fights/min) | Elapsed: 1965.1s
Battles: 3983/7800 | Vs: x        | Win Rate (Last 50):  28.0% | Speed: 6,536 steps/s (121 fights/min) | Elapsed: 1966.4s
Battles: 3985/7800 | Vs: nigo     | Win Rate (Last 50):  30.0% | Speed: 6,535 steps/s (121 fights/min) | Elapsed: 1967.5s
Battles: 3987/7800 | Vs: riderman | Win Rate (Last 50):  30.0% | Speed: 6,535 steps/s (121 fights/min) | Elapsed: 1968.6s
Battles: 3989/7800 | Vs: amazon   | Win Rate (Last 50):  32.0% | Speed: 6,534 steps/s (121 fights/min) | Elapsed: 1969.6s
Battles: 3991/7800 | Vs: v3       | Win Rate (Last 50):  32.0% | Speed: 6,534 steps/s (121 fights/min) | Elapsed: 1970.7s
Battles: 3994/7800 | Vs: amazon   | Win Rate (Last 50):  34.0% | Speed: 6,533 steps/s (121 fights/min) | Elapsed: 1972.2s
Battles: 3996/7800 | Vs: v3       | Win Rate (Last 50):  34.0% | Speed: 6,533 steps/s (121 fights/min) | Elapsed: 1973.4s
Battles: 3998/7800 | Vs: x        | Win Rate (Last 50):  36.0% | Speed: 6,532 steps/s (121 fights/min) | Elapsed: 1974.6s
Battles: 4000/7800 | Vs: nigo     | Win Rate (Last 50):  38.0% | Speed: 6,532 steps/s (121 fights/min) | Elapsed: 1975.6s
Battles: 4002/7800 | Vs: riderman | Win Rate (Last 50):  40.0% | Speed: 6,531 steps/s (121 fights/min) | Elapsed: 1976.7s
Battles: 4004/7800 | Vs: amazon   | Win Rate (Last 50):  42.0% | Speed: 6,530 steps/s (121 fights/min) | Elapsed: 1977.9s
Battles: 4006/7800 | Vs: v3       | Win Rate (Last 50):  42.0% | Speed: 6,530 steps/s (121 fights/min) | Elapsed: 1979.2s
Battles: 4008/7800 | Vs: x        | Win Rate (Last 50):  44.0% | Speed: 6,529 steps/s (121 fights/min) | Elapsed: 1980.3s
Battles: 4010/7800 | Vs: nigo     | Win Rate (Last 50):  44.0% | Speed: 6,529 steps/s (121 fights/min) | Elapsed: 1981.3s
Battles: 4012/7800 | Vs: riderman | Win Rate (Last 50):  44.0% | Speed: 6,528 steps/s (121 fights/min) | Elapsed: 1982.6s
Battles: 4015/7800 | Vs: nigo     | Win Rate (Last 50):  48.0% | Speed: 6,527 steps/s (121 fights/min) | Elapsed: 1984.1s
Battles: 4017/7800 | Vs: riderman | Win Rate (Last 50):  48.0% | Speed: 6,527 steps/s (121 fights/min) | Elapsed: 1985.2s
Battles: 4019/7800 | Vs: amazon   | Win Rate (Last 50):  48.0% | Speed: 6,526 steps/s (121 fights/min) | Elapsed: 1986.3s
Battles: 4021/7800 | Vs: v3       | Win Rate (Last 50):  50.0% | Speed: 6,525 steps/s (121 fights/min) | Elapsed: 1987.5s
Battles: 4023/7800 | Vs: x        | Win Rate (Last 50):  52.0% | Speed: 6,525 steps/s (121 fights/min) | Elapsed: 1988.7s
Battles: 4025/7800 | Vs: nigo     | Win Rate (Last 50):  52.0% | Speed: 6,525 steps/s (121 fights/min) | Elapsed: 1989.7s
Battles: 4027/7800 | Vs: riderman | Win Rate (Last 50):  54.0% | Speed: 6,524 steps/s (121 fights/min) | Elapsed: 1990.9s
Battles: 4029/7800 | Vs: amazon   | Win Rate (Last 50):  52.0% | Speed: 6,524 steps/s (121 fights/min) | Elapsed: 1992.0s
Battles: 4031/7800 | Vs: v3       | Win Rate (Last 50):  52.0% | Speed: 6,523 steps/s (121 fights/min) | Elapsed: 1993.1s
Battles: 4033/7800 | Vs: x        | Win Rate (Last 50):  50.0% | Speed: 6,522 steps/s (121 fights/min) | Elapsed: 1994.3s
Battles: 4035/7800 | Vs: nigo     | Win Rate (Last 50):  48.0% | Speed: 6,522 steps/s (121 fights/min) | Elapsed: 1995.3s
Battles: 4037/7800 | Vs: riderman | Win Rate (Last 50):  48.0% | Speed: 6,521 steps/s (121 fights/min) | Elapsed: 1996.5s
Battles: 4039/7800 | Vs: amazon   | Win Rate (Last 50):  46.0% | Speed: 6,520 steps/s (121 fights/min) | Elapsed: 1997.7s
Battles: 4041/7800 | Vs: v3       | Win Rate (Last 50):  46.0% | Speed: 6,520 steps/s (121 fights/min) | Elapsed: 1998.9s
Battles: 4043/7800 | Vs: x        | Win Rate (Last 50):  42.0% | Speed: 6,519 steps/s (121 fights/min) | Elapsed: 2000.0s
Battles: 4045/7800 | Vs: nigo     | Win Rate (Last 50):  46.0% | Speed: 6,519 steps/s (121 fights/min) | Elapsed: 2001.0s
Battles: 4047/7800 | Vs: riderman | Win Rate (Last 50):  44.0% | Speed: 6,518 steps/s (121 fights/min) | Elapsed: 2002.1s
Battles: 4049/7800 | Vs: amazon   | Win Rate (Last 50):  42.0% | Speed: 6,518 steps/s (121 fights/min) | Elapsed: 2003.2s
Battles: 4052/7800 | Vs: riderman | Win Rate (Last 50):  44.0% | Speed: 6,517 steps/s (121 fights/min) | Elapsed: 2004.7s
Battles: 4055/7800 | Vs: nigo     | Win Rate (Last 50):  42.0% | Speed: 6,516 steps/s (121 fights/min) | Elapsed: 2006.2s
Battles: 4057/7800 | Vs: riderman | Win Rate (Last 50):  42.0% | Speed: 6,516 steps/s (121 fights/min) | Elapsed: 2007.3s
Battles: 4059/7800 | Vs: amazon   | Win Rate (Last 50):  42.0% | Speed: 6,515 steps/s (121 fights/min) | Elapsed: 2008.3s
Battles: 4061/7800 | Vs: v3       | Win Rate (Last 50):  42.0% | Speed: 6,514 steps/s (121 fights/min) | Elapsed: 2009.5s
Battles: 4063/7800 | Vs: x        | Win Rate (Last 50):  40.0% | Speed: 6,514 steps/s (121 fights/min) | Elapsed: 2010.5s
Battles: 4065/7800 | Vs: nigo     | Win Rate (Last 50):  40.0% | Speed: 6,514 steps/s (121 fights/min) | Elapsed: 2011.6s
Battles: 4067/7800 | Vs: riderman | Win Rate (Last 50):  44.0% | Speed: 6,513 steps/s (121 fights/min) | Elapsed: 2012.6s
Battles: 4069/7800 | Vs: amazon   | Win Rate (Last 50):  42.0% | Speed: 6,512 steps/s (121 fights/min) | Elapsed: 2013.8s
Battles: 4071/7800 | Vs: v3       | Win Rate (Last 50):  42.0% | Speed: 6,512 steps/s (121 fights/min) | Elapsed: 2015.1s
Battles: 4073/7800 | Vs: x        | Win Rate (Last 50):  40.0% | Speed: 6,512 steps/s (121 fights/min) | Elapsed: 2016.1s
Battles: 4075/7800 | Vs: nigo     | Win Rate (Last 50):  40.0% | Speed: 6,511 steps/s (121 fights/min) | Elapsed: 2017.2s
Battles: 4077/7800 | Vs: riderman | Win Rate (Last 50):  40.0% | Speed: 6,510 steps/s (121 fights/min) | Elapsed: 2018.2s
Battles: 4079/7800 | Vs: amazon   | Win Rate (Last 50):  40.0% | Speed: 6,509 steps/s (121 fights/min) | Elapsed: 2019.4s
Battles: 4081/7800 | Vs: v3       | Win Rate (Last 50):  38.0% | Speed: 6,509 steps/s (121 fights/min) | Elapsed: 2020.4s
Battles: 4083/7800 | Vs: x        | Win Rate (Last 50):  38.0% | Speed: 6,509 steps/s (121 fights/min) | Elapsed: 2021.5s
Battles: 4086/7800 | Vs: v3       | Win Rate (Last 50):  38.0% | Speed: 6,508 steps/s (121 fights/min) | Elapsed: 2023.1s
Battles: 4088/7800 | Vs: x        | Win Rate (Last 50):  38.0% | Speed: 6,508 steps/s (121 fights/min) | Elapsed: 2024.3s
Battles: 4090/7800 | Vs: nigo     | Win Rate (Last 50):  36.0% | Speed: 6,507 steps/s (121 fights/min) | Elapsed: 2025.4s
Battles: 4092/7800 | Vs: riderman | Win Rate (Last 50):  36.0% | Speed: 6,507 steps/s (121 fights/min) | Elapsed: 2026.5s
Battles: 4094/7800 | Vs: amazon   | Win Rate (Last 50):  36.0% | Speed: 6,506 steps/s (121 fights/min) | Elapsed: 2027.7s
Battles: 4096/7800 | Vs: v3       | Win Rate (Last 50):  34.0% | Speed: 6,505 steps/s (121 fights/min) | Elapsed: 2028.8s
Battles: 4098/7800 | Vs: x        | Win Rate (Last 50):  36.0% | Speed: 6,505 steps/s (121 fights/min) | Elapsed: 2030.0s
Battles: 4101/7800 | Vs: v3       | Win Rate (Last 50):  34.0% | Speed: 6,504 steps/s (121 fights/min) | Elapsed: 2031.5s
Battles: 4103/7800 | Vs: x        | Win Rate (Last 50):  32.0% | Speed: 6,504 steps/s (121 fights/min) | Elapsed: 2032.7s
Battles: 4106/7800 | Vs: v3       | Win Rate (Last 50):  30.0% | Speed: 6,503 steps/s (121 fights/min) | Elapsed: 2034.2s
Battles: 4108/7800 | Vs: x        | Win Rate (Last 50):  28.0% | Speed: 6,502 steps/s (121 fights/min) | Elapsed: 2035.3s
Battles: 4110/7800 | Vs: nigo     | Win Rate (Last 50):  28.0% | Speed: 6,502 steps/s (121 fights/min) | Elapsed: 2036.5s
Battles: 4113/7800 | Vs: x        | Win Rate (Last 50):  32.0% | Speed: 6,501 steps/s (121 fights/min) | Elapsed: 2038.2s
Battles: 4115/7800 | Vs: nigo     | Win Rate (Last 50):  32.0% | Speed: 6,500 steps/s (121 fights/min) | Elapsed: 2039.3s
Battles: 4117/7800 | Vs: riderman | Win Rate (Last 50):  30.0% | Speed: 6,500 steps/s (121 fights/min) | Elapsed: 2040.5s
Battles: 4120/7800 | Vs: nigo     | Win Rate (Last 50):  34.0% | Speed: 6,499 steps/s (121 fights/min) | Elapsed: 2042.0s
Battles: 4122/7800 | Vs: riderman | Win Rate (Last 50):  34.0% | Speed: 6,499 steps/s (121 fights/min) | Elapsed: 2043.1s
Battles: 4125/7800 | Vs: nigo     | Win Rate (Last 50):  32.0% | Speed: 6,498 steps/s (121 fights/min) | Elapsed: 2044.8s
Battles: 4127/7800 | Vs: riderman | Win Rate (Last 50):  32.0% | Speed: 6,497 steps/s (121 fights/min) | Elapsed: 2045.9s
Battles: 4129/7800 | Vs: amazon   | Win Rate (Last 50):  32.0% | Speed: 6,497 steps/s (121 fights/min) | Elapsed: 2047.1s
Battles: 4131/7800 | Vs: v3       | Win Rate (Last 50):  34.0% | Speed: 6,496 steps/s (120 fights/min) | Elapsed: 2048.4s
Battles: 4133/7800 | Vs: x        | Win Rate (Last 50):  34.0% | Speed: 6,495 steps/s (120 fights/min) | Elapsed: 2049.6s
Battles: 4135/7800 | Vs: nigo     | Win Rate (Last 50):  32.0% | Speed: 6,495 steps/s (120 fights/min) | Elapsed: 2050.7s
Battles: 4137/7800 | Vs: riderman | Win Rate (Last 50):  34.0% | Speed: 6,494 steps/s (120 fights/min) | Elapsed: 2051.8s
Battles: 4139/7800 | Vs: amazon   | Win Rate (Last 50):  36.0% | Speed: 6,494 steps/s (120 fights/min) | Elapsed: 2052.9s
Battles: 4141/7800 | Vs: v3       | Win Rate (Last 50):  36.0% | Speed: 6,493 steps/s (120 fights/min) | Elapsed: 2054.0s
Battles: 4143/7800 | Vs: x        | Win Rate (Last 50):  38.0% | Speed: 6,493 steps/s (120 fights/min) | Elapsed: 2055.1s
Battles: 4146/7800 | Vs: v3       | Win Rate (Last 50):  40.0% | Speed: 6,492 steps/s (120 fights/min) | Elapsed: 2056.7s
Battles: 4148/7800 | Vs: x        | Win Rate (Last 50):  40.0% | Speed: 6,491 steps/s (120 fights/min) | Elapsed: 2058.0s
Battles: 4150/7800 | Vs: nigo     | Win Rate (Last 50):  40.0% | Speed: 6,490 steps/s (120 fights/min) | Elapsed: 2059.2s
Battles: 4152/7800 | Vs: riderman | Win Rate (Last 50):  42.0% | Speed: 6,490 steps/s (120 fights/min) | Elapsed: 2060.2s
Battles: 4154/7800 | Vs: amazon   | Win Rate (Last 50):  42.0% | Speed: 6,489 steps/s (120 fights/min) | Elapsed: 2061.4s
Battles: 4156/7800 | Vs: v3       | Win Rate (Last 50):  42.0% | Speed: 6,489 steps/s (120 fights/min) | Elapsed: 2062.4s
Battles: 4158/7800 | Vs: x        | Win Rate (Last 50):  42.0% | Speed: 6,488 steps/s (120 fights/min) | Elapsed: 2063.6s
Battles: 4160/7800 | Vs: nigo     | Win Rate (Last 50):  40.0% | Speed: 6,488 steps/s (120 fights/min) | Elapsed: 2064.7s
Battles: 4162/7800 | Vs: riderman | Win Rate (Last 50):  40.0% | Speed: 6,487 steps/s (120 fights/min) | Elapsed: 2065.8s
Battles: 4164/7800 | Vs: amazon   | Win Rate (Last 50):  40.0% | Speed: 6,487 steps/s (120 fights/min) | Elapsed: 2066.9s
Battles: 4166/7800 | Vs: v3       | Win Rate (Last 50):  42.0% | Speed: 6,487 steps/s (120 fights/min) | Elapsed: 2067.9s
Battles: 4168/7800 | Vs: x        | Win Rate (Last 50):  40.0% | Speed: 6,485 steps/s (120 fights/min) | Elapsed: 2069.3s
Battles: 4170/7800 | Vs: nigo     | Win Rate (Last 50):  38.0% | Speed: 6,485 steps/s (120 fights/min) | Elapsed: 2070.5s
Battles: 4172/7800 | Vs: riderman | Win Rate (Last 50):  36.0% | Speed: 6,484 steps/s (120 fights/min) | Elapsed: 2071.6s
Battles: 4174/7800 | Vs: amazon   | Win Rate (Last 50):  34.0% | Speed: 6,484 steps/s (120 fights/min) | Elapsed: 2072.7s
Battles: 4176/7800 | Vs: v3       | Win Rate (Last 50):  34.0% | Speed: 6,483 steps/s (120 fights/min) | Elapsed: 2073.7s
Battles: 4178/7800 | Vs: x        | Win Rate (Last 50):  34.0% | Speed: 6,483 steps/s (120 fights/min) | Elapsed: 2074.9s
Battles: 4180/7800 | Vs: nigo     | Win Rate (Last 50):  34.0% | Speed: 6,482 steps/s (120 fights/min) | Elapsed: 2075.9s
Battles: 4182/7800 | Vs: riderman | Win Rate (Last 50):  34.0% | Speed: 6,482 steps/s (120 fights/min) | Elapsed: 2077.0s
Battles: 4184/7800 | Vs: amazon   | Win Rate (Last 50):  34.0% | Speed: 6,482 steps/s (120 fights/min) | Elapsed: 2078.2s
Battles: 4186/7800 | Vs: v3       | Win Rate (Last 50):  32.0% | Speed: 6,480 steps/s (120 fights/min) | Elapsed: 2079.6s
Battles: 4188/7800 | Vs: x        | Win Rate (Last 50):  34.0% | Speed: 6,480 steps/s (120 fights/min) | Elapsed: 2080.7s
Battles: 4190/7800 | Vs: nigo     | Win Rate (Last 50):  36.0% | Speed: 6,479 steps/s (120 fights/min) | Elapsed: 2081.8s
Battles: 4192/7800 | Vs: riderman | Win Rate (Last 50):  40.0% | Speed: 6,479 steps/s (120 fights/min) | Elapsed: 2083.0s
Battles: 4194/7800 | Vs: amazon   | Win Rate (Last 50):  38.0% | Speed: 6,478 steps/s (120 fights/min) | Elapsed: 2084.1s
Battles: 4196/7800 | Vs: v3       | Win Rate (Last 50):  38.0% | Speed: 6,478 steps/s (120 fights/min) | Elapsed: 2085.3s
Battles: 4198/7800 | Vs: x        | Win Rate (Last 50):  38.0% | Speed: 6,477 steps/s (120 fights/min) | Elapsed: 2086.3s
Battles: 4200/7800 | Vs: nigo     | Win Rate (Last 50):  40.0% | Speed: 6,477 steps/s (120 fights/min) | Elapsed: 2087.4s
Battles: 4202/7800 | Vs: riderman | Win Rate (Last 50):  40.0% | Speed: 6,477 steps/s (120 fights/min) | Elapsed: 2088.4s
Battles: 4204/7800 | Vs: amazon   | Win Rate (Last 50):  42.0% | Speed: 6,476 steps/s (120 fights/min) | Elapsed: 2089.6s
Battles: 4206/7800 | Vs: v3       | Win Rate (Last 50):  44.0% | Speed: 6,475 steps/s (120 fights/min) | Elapsed: 2090.8s
Battles: 4208/7800 | Vs: x        | Win Rate (Last 50):  46.0% | Speed: 6,474 steps/s (120 fights/min) | Elapsed: 2092.0s
Battles: 4211/7800 | Vs: v3       | Win Rate (Last 50):  46.0% | Speed: 6,474 steps/s (120 fights/min) | Elapsed: 2093.5s
Battles: 4213/7800 | Vs: x        | Win Rate (Last 50):  48.0% | Speed: 6,473 steps/s (120 fights/min) | Elapsed: 2094.7s
Battles: 4215/7800 | Vs: nigo     | Win Rate (Last 50):  48.0% | Speed: 6,473 steps/s (120 fights/min) | Elapsed: 2095.7s
Battles: 4217/7800 | Vs: riderman | Win Rate (Last 50):  48.0% | Speed: 6,472 steps/s (120 fights/min) | Elapsed: 2096.9s
Battles: 4219/7800 | Vs: amazon   | Win Rate (Last 50):  48.0% | Speed: 6,472 steps/s (120 fights/min) | Elapsed: 2098.0s
Battles: 4221/7800 | Vs: v3       | Win Rate (Last 50):  50.0% | Speed: 6,471 steps/s (120 fights/min) | Elapsed: 2099.1s
Battles: 4223/7800 | Vs: x        | Win Rate (Last 50):  50.0% | Speed: 6,470 steps/s (120 fights/min) | Elapsed: 2100.4s
Battles: 4225/7800 | Vs: nigo     | Win Rate (Last 50):  50.0% | Speed: 6,470 steps/s (120 fights/min) | Elapsed: 2101.4s
Battles: 4227/7800 | Vs: riderman | Win Rate (Last 50):  52.0% | Speed: 6,469 steps/s (120 fights/min) | Elapsed: 2102.8s
Battles: 4230/7800 | Vs: nigo     | Win Rate (Last 50):  54.0% | Speed: 6,469 steps/s (120 fights/min) | Elapsed: 2104.3s
Battles: 4232/7800 | Vs: riderman | Win Rate (Last 50):  52.0% | Speed: 6,468 steps/s (120 fights/min) | Elapsed: 2105.4s
Battles: 4235/7800 | Vs: nigo     | Win Rate (Last 50):  54.0% | Speed: 6,468 steps/s (120 fights/min) | Elapsed: 2106.8s
Battles: 4237/7800 | Vs: riderman | Win Rate (Last 50):  54.0% | Speed: 6,467 steps/s (120 fights/min) | Elapsed: 2108.0s
Battles: 4239/7800 | Vs: amazon   | Win Rate (Last 50):  54.0% | Speed: 6,466 steps/s (120 fights/min) | Elapsed: 2109.2s
Battles: 4241/7800 | Vs: v3       | Win Rate (Last 50):  54.0% | Speed: 6,465 steps/s (120 fights/min) | Elapsed: 2110.5s
Battles: 4243/7800 | Vs: x        | Win Rate (Last 50):  52.0% | Speed: 6,465 steps/s (120 fights/min) | Elapsed: 2111.6s
Battles: 4245/7800 | Vs: nigo     | Win Rate (Last 50):  50.0% | Speed: 6,464 steps/s (120 fights/min) | Elapsed: 2112.7s
Battles: 4247/7800 | Vs: riderman | Win Rate (Last 50):  46.0% | Speed: 6,464 steps/s (120 fights/min) | Elapsed: 2114.0s
Battles: 4249/7800 | Vs: amazon   | Win Rate (Last 50):  44.0% | Speed: 6,463 steps/s (120 fights/min) | Elapsed: 2115.1s
Battles: 4251/7800 | Vs: v3       | Win Rate (Last 50):  44.0% | Speed: 6,463 steps/s (120 fights/min) | Elapsed: 2116.4s
Battles: 4254/7800 | Vs: amazon   | Win Rate (Last 50):  44.0% | Speed: 6,462 steps/s (120 fights/min) | Elapsed: 2117.8s
Battles: 4256/7800 | Vs: v3       | Win Rate (Last 50):  42.0% | Speed: 6,461 steps/s (120 fights/min) | Elapsed: 2119.0s
Battles: 4258/7800 | Vs: x        | Win Rate (Last 50):  42.0% | Speed: 6,461 steps/s (120 fights/min) | Elapsed: 2120.2s
Battles: 4260/7800 | Vs: nigo     | Win Rate (Last 50):  44.0% | Speed: 6,460 steps/s (120 fights/min) | Elapsed: 2121.4s
Battles: 4262/7800 | Vs: riderman | Win Rate (Last 50):  44.0% | Speed: 6,460 steps/s (120 fights/min) | Elapsed: 2122.4s
Battles: 4264/7800 | Vs: amazon   | Win Rate (Last 50):  44.0% | Speed: 6,459 steps/s (120 fights/min) | Elapsed: 2123.5s
Battles: 4266/7800 | Vs: v3       | Win Rate (Last 50):  44.0% | Speed: 6,459 steps/s (120 fights/min) | Elapsed: 2124.8s
Battles: 4268/7800 | Vs: x        | Win Rate (Last 50):  42.0% | Speed: 6,458 steps/s (120 fights/min) | Elapsed: 2126.1s
Battles: 4270/7800 | Vs: nigo     | Win Rate (Last 50):  40.0% | Speed: 6,458 steps/s (120 fights/min) | Elapsed: 2127.1s
Battles: 4272/7800 | Vs: riderman | Win Rate (Last 50):  44.0% | Speed: 6,457 steps/s (120 fights/min) | Elapsed: 2128.1s
Battles: 4274/7800 | Vs: amazon   | Win Rate (Last 50):  46.0% | Speed: 6,457 steps/s (120 fights/min) | Elapsed: 2129.2s
Battles: 4276/7800 | Vs: v3       | Win Rate (Last 50):  46.0% | Speed: 6,456 steps/s (120 fights/min) | Elapsed: 2130.4s
Battles: 4278/7800 | Vs: x        | Win Rate (Last 50):  44.0% | Speed: 6,455 steps/s (120 fights/min) | Elapsed: 2131.7s
Battles: 4281/7800 | Vs: v3       | Win Rate (Last 50):  44.0% | Speed: 6,455 steps/s (120 fights/min) | Elapsed: 2133.2s
Battles: 4284/7800 | Vs: amazon   | Win Rate (Last 50):  48.0% | Speed: 6,454 steps/s (120 fights/min) | Elapsed: 2134.6s
Battles: 4286/7800 | Vs: v3       | Win Rate (Last 50):  52.0% | Speed: 6,453 steps/s (120 fights/min) | Elapsed: 2135.8s
Battles: 4288/7800 | Vs: x        | Win Rate (Last 50):  52.0% | Speed: 6,453 steps/s (120 fights/min) | Elapsed: 2137.0s
Battles: 4291/7800 | Vs: v3       | Win Rate (Last 50):  50.0% | Speed: 6,452 steps/s (120 fights/min) | Elapsed: 2138.6s
Battles: 4293/7800 | Vs: x        | Win Rate (Last 50):  52.0% | Speed: 6,452 steps/s (120 fights/min) | Elapsed: 2139.7s
Battles: 4296/7800 | Vs: v3       | Win Rate (Last 50):  54.0% | Speed: 6,451 steps/s (120 fights/min) | Elapsed: 2141.4s
Battles: 4298/7800 | Vs: x        | Win Rate (Last 50):  58.0% | Speed: 6,450 steps/s (120 fights/min) | Elapsed: 2142.5s
Battles: 4300/7800 | Vs: nigo     | Win Rate (Last 50):  60.0% | Speed: 6,450 steps/s (120 fights/min) | Elapsed: 2143.5s
Battles: 4302/7800 | Vs: riderman | Win Rate (Last 50):  58.0% | Speed: 6,450 steps/s (120 fights/min) | Elapsed: 2144.7s
Battles: 4304/7800 | Vs: amazon   | Win Rate (Last 50):  54.0% | Speed: 6,449 steps/s (120 fights/min) | Elapsed: 2145.7s
Battles: 4306/7800 | Vs: v3       | Win Rate (Last 50):  54.0% | Speed: 6,448 steps/s (120 fights/min) | Elapsed: 2147.2s
Battles: 4308/7800 | Vs: x        | Win Rate (Last 50):  56.0% | Speed: 6,448 steps/s (120 fights/min) | Elapsed: 2148.2s
Battles: 4310/7800 | Vs: nigo     | Win Rate (Last 50):  54.0% | Speed: 6,448 steps/s (120 fights/min) | Elapsed: 2149.2s
Battles: 4312/7800 | Vs: riderman | Win Rate (Last 50):  52.0% | Speed: 6,447 steps/s (120 fights/min) | Elapsed: 2150.3s
Battles: 4314/7800 | Vs: amazon   | Win Rate (Last 50):  50.0% | Speed: 6,446 steps/s (120 fights/min) | Elapsed: 2151.5s
Battles: 4316/7800 | Vs: v3       | Win Rate (Last 50):  52.0% | Speed: 6,446 steps/s (120 fights/min) | Elapsed: 2152.8s
Battles: 4318/7800 | Vs: x        | Win Rate (Last 50):  54.0% | Speed: 6,445 steps/s (120 fights/min) | Elapsed: 2153.8s
Battles: 4321/7800 | Vs: v3       | Win Rate (Last 50):  54.0% | Speed: 6,445 steps/s (120 fights/min) | Elapsed: 2155.3s
Battles: 4323/7800 | Vs: x        | Win Rate (Last 50):  54.0% | Speed: 6,444 steps/s (120 fights/min) | Elapsed: 2156.4s
Battles: 4325/7800 | Vs: nigo     | Win Rate (Last 50):  52.0% | Speed: 6,444 steps/s (120 fights/min) | Elapsed: 2157.6s
Battles: 4327/7800 | Vs: riderman | Win Rate (Last 50):  52.0% | Speed: 6,443 steps/s (120 fights/min) | Elapsed: 2158.7s
Battles: 4330/7800 | Vs: nigo     | Win Rate (Last 50):  54.0% | Speed: 6,443 steps/s (120 fights/min) | Elapsed: 2160.3s
Battles: 4332/7800 | Vs: riderman | Win Rate (Last 50):  54.0% | Speed: 6,442 steps/s (120 fights/min) | Elapsed: 2161.4s
Battles: 4334/7800 | Vs: amazon   | Win Rate (Last 50):  52.0% | Speed: 6,441 steps/s (120 fights/min) | Elapsed: 2162.5s
Battles: 4336/7800 | Vs: v3       | Win Rate (Last 50):  52.0% | Speed: 6,441 steps/s (120 fights/min) | Elapsed: 2163.7s
Battles: 4338/7800 | Vs: x        | Win Rate (Last 50):  54.0% | Speed: 6,440 steps/s (120 fights/min) | Elapsed: 2164.8s
Battles: 4340/7800 | Vs: nigo     | Win Rate (Last 50):  56.0% | Speed: 6,440 steps/s (120 fights/min) | Elapsed: 2165.9s
Battles: 4342/7800 | Vs: riderman | Win Rate (Last 50):  54.0% | Speed: 6,439 steps/s (120 fights/min) | Elapsed: 2167.0s
Battles: 4344/7800 | Vs: amazon   | Win Rate (Last 50):  54.0% | Speed: 6,439 steps/s (120 fights/min) | Elapsed: 2168.0s
Battles: 4346/7800 | Vs: v3       | Win Rate (Last 50):  56.0% | Speed: 6,438 steps/s (120 fights/min) | Elapsed: 2169.3s
Battles: 4348/7800 | Vs: x        | Win Rate (Last 50):  52.0% | Speed: 6,438 steps/s (120 fights/min) | Elapsed: 2170.5s
Battles: 4351/7800 | Vs: v3       | Win Rate (Last 50):  56.0% | Speed: 6,437 steps/s (120 fights/min) | Elapsed: 2172.2s
Battles: 4353/7800 | Vs: x        | Win Rate (Last 50):  56.0% | Speed: 6,437 steps/s (120 fights/min) | Elapsed: 2173.2s
Battles: 4355/7800 | Vs: nigo     | Win Rate (Last 50):  60.0% | Speed: 6,436 steps/s (120 fights/min) | Elapsed: 2174.3s
Battles: 4357/7800 | Vs: riderman | Win Rate (Last 50):  60.0% | Speed: 6,436 steps/s (120 fights/min) | Elapsed: 2175.4s
Battles: 4359/7800 | Vs: amazon   | Win Rate (Last 50):  60.0% | Speed: 6,435 steps/s (120 fights/min) | Elapsed: 2176.4s
Battles: 4361/7800 | Vs: v3       | Win Rate (Last 50):  58.0% | Speed: 6,435 steps/s (120 fights/min) | Elapsed: 2177.6s
Battles: 4363/7800 | Vs: x        | Win Rate (Last 50):  62.0% | Speed: 6,434 steps/s (120 fights/min) | Elapsed: 2178.8s
Battles: 4365/7800 | Vs: nigo     | Win Rate (Last 50):  62.0% | Speed: 6,434 steps/s (120 fights/min) | Elapsed: 2180.1s
Battles: 4367/7800 | Vs: riderman | Win Rate (Last 50):  60.0% | Speed: 6,433 steps/s (120 fights/min) | Elapsed: 2181.2s
Battles: 4369/7800 | Vs: amazon   | Win Rate (Last 50):  56.0% | Speed: 6,432 steps/s (120 fights/min) | Elapsed: 2182.4s
Battles: 4371/7800 | Vs: v3       | Win Rate (Last 50):  54.0% | Speed: 6,432 steps/s (120 fights/min) | Elapsed: 2183.5s
Battles: 4373/7800 | Vs: x        | Win Rate (Last 50):  50.0% | Speed: 6,431 steps/s (120 fights/min) | Elapsed: 2184.6s
Battles: 4375/7800 | Vs: nigo     | Win Rate (Last 50):  52.0% | Speed: 6,431 steps/s (120 fights/min) | Elapsed: 2185.8s
Battles: 4377/7800 | Vs: riderman | Win Rate (Last 50):  52.0% | Speed: 6,430 steps/s (120 fights/min) | Elapsed: 2186.8s
Battles: 4379/7800 | Vs: amazon   | Win Rate (Last 50):  52.0% | Speed: 6,430 steps/s (120 fights/min) | Elapsed: 2187.8s
Battles: 4381/7800 | Vs: v3       | Win Rate (Last 50):  52.0% | Speed: 6,430 steps/s (120 fights/min) | Elapsed: 2189.1s
Battles: 4383/7800 | Vs: x        | Win Rate (Last 50):  54.0% | Speed: 6,429 steps/s (120 fights/min) | Elapsed: 2190.4s
Battles: 4385/7800 | Vs: nigo     | Win Rate (Last 50):  54.0% | Speed: 6,428 steps/s (120 fights/min) | Elapsed: 2191.5s
Battles: 4387/7800 | Vs: riderman | Win Rate (Last 50):  52.0% | Speed: 6,428 steps/s (120 fights/min) | Elapsed: 2192.8s
Battles: 4390/7800 | Vs: nigo     | Win Rate (Last 50):  50.0% | Speed: 6,427 steps/s (120 fights/min) | Elapsed: 2194.3s
Battles: 4392/7800 | Vs: riderman | Win Rate (Last 50):  52.0% | Speed: 6,427 steps/s (120 fights/min) | Elapsed: 2195.3s
Battles: 4394/7800 | Vs: amazon   | Win Rate (Last 50):  50.0% | Speed: 6,426 steps/s (120 fights/min) | Elapsed: 2196.6s
Battles: 4396/7800 | Vs: v3       | Win Rate (Last 50):  50.0% | Speed: 6,425 steps/s (120 fights/min) | Elapsed: 2197.9s
Battles: 4398/7800 | Vs: x        | Win Rate (Last 50):  50.0% | Speed: 6,425 steps/s (120 fights/min) | Elapsed: 2198.9s
Battles: 4401/7800 | Vs: v3       | Win Rate (Last 50):  46.0% | Speed: 6,425 steps/s (120 fights/min) | Elapsed: 2200.5s
Battles: 4403/7800 | Vs: x        | Win Rate (Last 50):  46.0% | Speed: 6,424 steps/s (119 fights/min) | Elapsed: 2201.6s
Battles: 4405/7800 | Vs: nigo     | Win Rate (Last 50):  46.0% | Speed: 6,423 steps/s (119 fights/min) | Elapsed: 2202.8s
Battles: 4407/7800 | Vs: riderman | Win Rate (Last 50):  44.0% | Speed: 6,423 steps/s (119 fights/min) | Elapsed: 2203.9s
Battles: 4410/7800 | Vs: nigo     | Win Rate (Last 50):  46.0% | Speed: 6,422 steps/s (119 fights/min) | Elapsed: 2205.6s
Battles: 4412/7800 | Vs: riderman | Win Rate (Last 50):  48.0% | Speed: 6,422 steps/s (119 fights/min) | Elapsed: 2206.7s
Battles: 4414/7800 | Vs: amazon   | Win Rate (Last 50):  48.0% | Speed: 6,421 steps/s (119 fights/min) | Elapsed: 2207.9s
Battles: 4416/7800 | Vs: v3       | Win Rate (Last 50):  48.0% | Speed: 6,421 steps/s (119 fights/min) | Elapsed: 2208.9s
Battles: 4418/7800 | Vs: x        | Win Rate (Last 50):  50.0% | Speed: 6,420 steps/s (119 fights/min) | Elapsed: 2210.1s
Battles: 4420/7800 | Vs: nigo     | Win Rate (Last 50):  52.0% | Speed: 6,420 steps/s (119 fights/min) | Elapsed: 2211.2s
Battles: 4422/7800 | Vs: riderman | Win Rate (Last 50):  52.0% | Speed: 6,419 steps/s (119 fights/min) | Elapsed: 2212.5s
Battles: 4424/7800 | Vs: amazon   | Win Rate (Last 50):  54.0% | Speed: 6,418 steps/s (119 fights/min) | Elapsed: 2213.7s
Battles: 4426/7800 | Vs: v3       | Win Rate (Last 50):  56.0% | Speed: 6,418 steps/s (119 fights/min) | Elapsed: 2214.8s
Battles: 4428/7800 | Vs: x        | Win Rate (Last 50):  54.0% | Speed: 6,417 steps/s (119 fights/min) | Elapsed: 2215.9s
Battles: 4430/7800 | Vs: nigo     | Win Rate (Last 50):  50.0% | Speed: 6,417 steps/s (119 fights/min) | Elapsed: 2217.0s
Battles: 4432/7800 | Vs: riderman | Win Rate (Last 50):  52.0% | Speed: 6,416 steps/s (119 fights/min) | Elapsed: 2218.1s
Battles: 4435/7800 | Vs: nigo     | Win Rate (Last 50):  52.0% | Speed: 6,416 steps/s (119 fights/min) | Elapsed: 2219.6s
Battles: 4437/7800 | Vs: riderman | Win Rate (Last 50):  54.0% | Speed: 6,415 steps/s (119 fights/min) | Elapsed: 2220.8s
Battles: 4440/7800 | Vs: nigo     | Win Rate (Last 50):  52.0% | Speed: 6,414 steps/s (119 fights/min) | Elapsed: 2222.3s
Battles: 4442/7800 | Vs: riderman | Win Rate (Last 50):  52.0% | Speed: 6,413 steps/s (119 fights/min) | Elapsed: 2223.8s
Battles: 4444/7800 | Vs: amazon   | Win Rate (Last 50):  54.0% | Speed: 6,413 steps/s (119 fights/min) | Elapsed: 2224.8s
Battles: 4446/7800 | Vs: v3       | Win Rate (Last 50):  54.0% | Speed: 6,412 steps/s (119 fights/min) | Elapsed: 2226.0s
Battles: 4448/7800 | Vs: x        | Win Rate (Last 50):  54.0% | Speed: 6,412 steps/s (119 fights/min) | Elapsed: 2227.1s
Battles: 4450/7800 | Vs: nigo     | Win Rate (Last 50):  56.0% | Speed: 6,411 steps/s (119 fights/min) | Elapsed: 2228.3s
Battles: 4452/7800 | Vs: riderman | Win Rate (Last 50):  54.0% | Speed: 6,411 steps/s (119 fights/min) | Elapsed: 2229.5s
Battles: 4454/7800 | Vs: amazon   | Win Rate (Last 50):  56.0% | Speed: 6,410 steps/s (119 fights/min) | Elapsed: 2230.5s
Battles: 4456/7800 | Vs: v3       | Win Rate (Last 50):  56.0% | Speed: 6,410 steps/s (119 fights/min) | Elapsed: 2231.6s
Battles: 4458/7800 | Vs: x        | Win Rate (Last 50):  56.0% | Speed: 6,410 steps/s (119 fights/min) | Elapsed: 2232.7s
Battles: 4460/7800 | Vs: nigo     | Win Rate (Last 50):  56.0% | Speed: 6,409 steps/s (119 fights/min) | Elapsed: 2233.8s
Battles: 4462/7800 | Vs: riderman | Win Rate (Last 50):  56.0% | Speed: 6,408 steps/s (119 fights/min) | Elapsed: 2235.0s
Battles: 4464/7800 | Vs: amazon   | Win Rate (Last 50):  54.0% | Speed: 6,408 steps/s (119 fights/min) | Elapsed: 2236.2s
Battles: 4466/7800 | Vs: v3       | Win Rate (Last 50):  54.0% | Speed: 6,407 steps/s (119 fights/min) | Elapsed: 2237.4s
Battles: 4468/7800 | Vs: x        | Win Rate (Last 50):  56.0% | Speed: 6,407 steps/s (119 fights/min) | Elapsed: 2238.5s
Battles: 4470/7800 | Vs: nigo     | Win Rate (Last 50):  54.0% | Speed: 6,406 steps/s (119 fights/min) | Elapsed: 2239.7s
Battles: 4472/7800 | Vs: riderman | Win Rate (Last 50):  56.0% | Speed: 6,406 steps/s (119 fights/min) | Elapsed: 2241.0s
Battles: 4474/7800 | Vs: amazon   | Win Rate (Last 50):  56.0% | Speed: 6,405 steps/s (119 fights/min) | Elapsed: 2242.1s
Battles: 4476/7800 | Vs: v3       | Win Rate (Last 50):  54.0% | Speed: 6,405 steps/s (119 fights/min) | Elapsed: 2243.2s
Battles: 4478/7800 | Vs: x        | Win Rate (Last 50):  54.0% | Speed: 6,404 steps/s (119 fights/min) | Elapsed: 2244.5s
Battles: 4480/7800 | Vs: nigo     | Win Rate (Last 50):  58.0% | Speed: 6,404 steps/s (119 fights/min) | Elapsed: 2245.5s
Battles: 4482/7800 | Vs: riderman | Win Rate (Last 50):  60.0% | Speed: 6,403 steps/s (119 fights/min) | Elapsed: 2246.7s
Battles: 4484/7800 | Vs: amazon   | Win Rate (Last 50):  58.0% | Speed: 6,403 steps/s (119 fights/min) | Elapsed: 2247.8s
Battles: 4486/7800 | Vs: v3       | Win Rate (Last 50):  56.0% | Speed: 6,402 steps/s (119 fights/min) | Elapsed: 2248.9s
Battles: 4489/7800 | Vs: amazon   | Win Rate (Last 50):  56.0% | Speed: 6,402 steps/s (119 fights/min) | Elapsed: 2250.2s
Battles: 4491/7800 | Vs: v3       | Win Rate (Last 50):  54.0% | Speed: 6,401 steps/s (119 fights/min) | Elapsed: 2251.5s
Battles: 4493/7800 | Vs: x        | Win Rate (Last 50):  52.0% | Speed: 6,401 steps/s (119 fights/min) | Elapsed: 2252.6s
Battles: 4495/7800 | Vs: nigo     | Win Rate (Last 50):  50.0% | Speed: 6,400 steps/s (119 fights/min) | Elapsed: 2253.6s
Battles: 4497/7800 | Vs: riderman | Win Rate (Last 50):  54.0% | Speed: 6,399 steps/s (119 fights/min) | Elapsed: 2254.8s
Battles: 4499/7800 | Vs: amazon   | Win Rate (Last 50):  56.0% | Speed: 6,399 steps/s (119 fights/min) | Elapsed: 2255.9s
Battles: 4501/7800 | Vs: v3       | Win Rate (Last 50):  56.0% | Speed: 6,398 steps/s (119 fights/min) | Elapsed: 2257.0s
Battles: 4503/7800 | Vs: x        | Win Rate (Last 50):  58.0% | Speed: 6,398 steps/s (119 fights/min) | Elapsed: 2258.1s
Battles: 4505/7800 | Vs: nigo     | Win Rate (Last 50):  60.0% | Speed: 6,397 steps/s (119 fights/min) | Elapsed: 2259.1s
Battles: 4507/7800 | Vs: riderman | Win Rate (Last 50):  60.0% | Speed: 6,397 steps/s (119 fights/min) | Elapsed: 2260.2s
Battles: 4509/7800 | Vs: amazon   | Win Rate (Last 50):  56.0% | Speed: 6,397 steps/s (119 fights/min) | Elapsed: 2261.4s
Battles: 4511/7800 | Vs: v3       | Win Rate (Last 50):  54.0% | Speed: 6,396 steps/s (119 fights/min) | Elapsed: 2262.5s
Battles: 4513/7800 | Vs: x        | Win Rate (Last 50):  52.0% | Speed: 6,395 steps/s (119 fights/min) | Elapsed: 2263.7s
Battles: 4515/7800 | Vs: nigo     | Win Rate (Last 50):  56.0% | Speed: 6,395 steps/s (119 fights/min) | Elapsed: 2265.0s
Battles: 4517/7800 | Vs: riderman | Win Rate (Last 50):  56.0% | Speed: 6,394 steps/s (119 fights/min) | Elapsed: 2266.2s
Battles: 4520/7800 | Vs: nigo     | Win Rate (Last 50):  56.0% | Speed: 6,394 steps/s (119 fights/min) | Elapsed: 2267.8s
Battles: 4522/7800 | Vs: riderman | Win Rate (Last 50):  56.0% | Speed: 6,393 steps/s (119 fights/min) | Elapsed: 2269.0s
Battles: 4524/7800 | Vs: amazon   | Win Rate (Last 50):  54.0% | Speed: 6,393 steps/s (119 fights/min) | Elapsed: 2270.1s
Battles: 4526/7800 | Vs: v3       | Win Rate (Last 50):  54.0% | Speed: 6,392 steps/s (119 fights/min) | Elapsed: 2271.3s
Battles: 4528/7800 | Vs: x        | Win Rate (Last 50):  52.0% | Speed: 6,392 steps/s (119 fights/min) | Elapsed: 2272.5s
Battles: 4530/7800 | Vs: nigo     | Win Rate (Last 50):  52.0% | Speed: 6,391 steps/s (119 fights/min) | Elapsed: 2273.7s
Battles: 4532/7800 | Vs: riderman | Win Rate (Last 50):  50.0% | Speed: 6,390 steps/s (119 fights/min) | Elapsed: 2275.2s
Battles: 4534/7800 | Vs: amazon   | Win Rate (Last 50):  50.0% | Speed: 6,390 steps/s (119 fights/min) | Elapsed: 2276.2s
Battles: 4536/7800 | Vs: v3       | Win Rate (Last 50):  48.0% | Speed: 6,389 steps/s (119 fights/min) | Elapsed: 2277.5s
Battles: 4538/7800 | Vs: x        | Win Rate (Last 50):  50.0% | Speed: 6,389 steps/s (119 fights/min) | Elapsed: 2278.5s
Battles: 4540/7800 | Vs: nigo     | Win Rate (Last 50):  50.0% | Speed: 6,388 steps/s (119 fights/min) | Elapsed: 2279.6s
Battles: 4542/7800 | Vs: riderman | Win Rate (Last 50):  50.0% | Speed: 6,388 steps/s (119 fights/min) | Elapsed: 2280.6s
Battles: 4544/7800 | Vs: amazon   | Win Rate (Last 50):  50.0% | Speed: 6,388 steps/s (119 fights/min) | Elapsed: 2281.8s
Battles: 4546/7800 | Vs: v3       | Win Rate (Last 50):  50.0% | Speed: 6,387 steps/s (119 fights/min) | Elapsed: 2282.9s
Battles: 4549/7800 | Vs: amazon   | Win Rate (Last 50):  46.0% | Speed: 6,387 steps/s (119 fights/min) | Elapsed: 2284.5s
Battles: 4551/7800 | Vs: v3       | Win Rate (Last 50):  44.0% | Speed: 6,386 steps/s (119 fights/min) | Elapsed: 2285.7s
Battles: 4553/7800 | Vs: x        | Win Rate (Last 50):  42.0% | Speed: 6,385 steps/s (119 fights/min) | Elapsed: 2286.9s
Battles: 4556/7800 | Vs: v3       | Win Rate (Last 50):  40.0% | Speed: 6,385 steps/s (119 fights/min) | Elapsed: 2288.4s
Battles: 4558/7800 | Vs: x        | Win Rate (Last 50):  40.0% | Speed: 6,384 steps/s (119 fights/min) | Elapsed: 2289.6s
Battles: 4560/7800 | Vs: nigo     | Win Rate (Last 50):  40.0% | Speed: 6,384 steps/s (119 fights/min) | Elapsed: 2290.9s
Battles: 4562/7800 | Vs: riderman | Win Rate (Last 50):  40.0% | Speed: 6,383 steps/s (119 fights/min) | Elapsed: 2292.1s
Battles: 4565/7800 | Vs: nigo     | Win Rate (Last 50):  38.0% | Speed: 6,383 steps/s (119 fights/min) | Elapsed: 2293.6s
Battles: 4567/7800 | Vs: riderman | Win Rate (Last 50):  36.0% | Speed: 6,382 steps/s (119 fights/min) | Elapsed: 2294.9s
Battles: 4569/7800 | Vs: amazon   | Win Rate (Last 50):  38.0% | Speed: 6,381 steps/s (119 fights/min) | Elapsed: 2296.0s
Battles: 4571/7800 | Vs: v3       | Win Rate (Last 50):  42.0% | Speed: 6,381 steps/s (119 fights/min) | Elapsed: 2297.2s
Battles: 4573/7800 | Vs: x        | Win Rate (Last 50):  44.0% | Speed: 6,380 steps/s (119 fights/min) | Elapsed: 2298.3s
Battles: 4575/7800 | Vs: nigo     | Win Rate (Last 50):  44.0% | Speed: 6,380 steps/s (119 fights/min) | Elapsed: 2299.4s
Battles: 4577/7800 | Vs: riderman | Win Rate (Last 50):  44.0% | Speed: 6,379 steps/s (119 fights/min) | Elapsed: 2300.5s
Battles: 4579/7800 | Vs: amazon   | Win Rate (Last 50):  44.0% | Speed: 6,379 steps/s (119 fights/min) | Elapsed: 2301.6s
Battles: 4581/7800 | Vs: v3       | Win Rate (Last 50):  42.0% | Speed: 6,378 steps/s (119 fights/min) | Elapsed: 2302.7s
Battles: 4583/7800 | Vs: x        | Win Rate (Last 50):  42.0% | Speed: 6,378 steps/s (119 fights/min) | Elapsed: 2303.8s
Battles: 4585/7800 | Vs: nigo     | Win Rate (Last 50):  44.0% | Speed: 6,377 steps/s (119 fights/min) | Elapsed: 2304.9s
Battles: 4587/7800 | Vs: riderman | Win Rate (Last 50):  44.0% | Speed: 6,377 steps/s (119 fights/min) | Elapsed: 2306.0s
Battles: 4589/7800 | Vs: amazon   | Win Rate (Last 50):  42.0% | Speed: 6,376 steps/s (119 fights/min) | Elapsed: 2307.3s
Battles: 4591/7800 | Vs: v3       | Win Rate (Last 50):  44.0% | Speed: 6,376 steps/s (119 fights/min) | Elapsed: 2308.3s
Battles: 4593/7800 | Vs: x        | Win Rate (Last 50):  48.0% | Speed: 6,375 steps/s (119 fights/min) | Elapsed: 2309.3s
Battles: 4596/7800 | Vs: v3       | Win Rate (Last 50):  46.0% | Speed: 6,375 steps/s (119 fights/min) | Elapsed: 2310.8s
Battles: 4598/7800 | Vs: x        | Win Rate (Last 50):  48.0% | Speed: 6,374 steps/s (119 fights/min) | Elapsed: 2311.9s
Battles: 4600/7800 | Vs: nigo     | Win Rate (Last 50):  50.0% | Speed: 6,374 steps/s (119 fights/min) | Elapsed: 2313.0s
Battles: 4602/7800 | Vs: riderman | Win Rate (Last 50):  50.0% | Speed: 6,373 steps/s (119 fights/min) | Elapsed: 2314.2s
Battles: 4604/7800 | Vs: amazon   | Win Rate (Last 50):  50.0% | Speed: 6,373 steps/s (119 fights/min) | Elapsed: 2315.2s
Battles: 4606/7800 | Vs: v3       | Win Rate (Last 50):  52.0% | Speed: 6,372 steps/s (119 fights/min) | Elapsed: 2316.5s
Battles: 4608/7800 | Vs: x        | Win Rate (Last 50):  52.0% | Speed: 6,372 steps/s (119 fights/min) | Elapsed: 2317.7s
Battles: 4610/7800 | Vs: nigo     | Win Rate (Last 50):  54.0% | Speed: 6,371 steps/s (119 fights/min) | Elapsed: 2318.8s
Battles: 4612/7800 | Vs: riderman | Win Rate (Last 50):  56.0% | Speed: 6,371 steps/s (119 fights/min) | Elapsed: 2319.9s
Battles: 4615/7800 | Vs: nigo     | Win Rate (Last 50):  56.0% | Speed: 6,370 steps/s (119 fights/min) | Elapsed: 2321.4s
Battles: 4617/7800 | Vs: riderman | Win Rate (Last 50):  58.0% | Speed: 6,370 steps/s (119 fights/min) | Elapsed: 2322.6s
Battles: 4619/7800 | Vs: amazon   | Win Rate (Last 50):  56.0% | Speed: 6,369 steps/s (119 fights/min) | Elapsed: 2323.7s
Battles: 4621/7800 | Vs: v3       | Win Rate (Last 50):  52.0% | Speed: 6,369 steps/s (119 fights/min) | Elapsed: 2324.9s
Battles: 4623/7800 | Vs: x        | Win Rate (Last 50):  48.0% | Speed: 6,368 steps/s (119 fights/min) | Elapsed: 2326.1s
Battles: 4625/7800 | Vs: nigo     | Win Rate (Last 50):  48.0% | Speed: 6,367 steps/s (119 fights/min) | Elapsed: 2327.2s
Battles: 4627/7800 | Vs: riderman | Win Rate (Last 50):  52.0% | Speed: 6,367 steps/s (119 fights/min) | Elapsed: 2328.2s
Battles: 4629/7800 | Vs: amazon   | Win Rate (Last 50):  52.0% | Speed: 6,367 steps/s (119 fights/min) | Elapsed: 2329.3s
Battles: 4631/7800 | Vs: v3       | Win Rate (Last 50):  54.0% | Speed: 6,366 steps/s (119 fights/min) | Elapsed: 2330.5s
Battles: 4633/7800 | Vs: x        | Win Rate (Last 50):  52.0% | Speed: 6,366 steps/s (119 fights/min) | Elapsed: 2331.6s
Battles: 4636/7800 | Vs: v3       | Win Rate (Last 50):  54.0% | Speed: 6,365 steps/s (119 fights/min) | Elapsed: 2333.0s
Battles: 4638/7800 | Vs: x        | Win Rate (Last 50):  52.0% | Speed: 6,365 steps/s (119 fights/min) | Elapsed: 2334.3s
Battles: 4640/7800 | Vs: nigo     | Win Rate (Last 50):  52.0% | Speed: 6,364 steps/s (119 fights/min) | Elapsed: 2335.5s
Battles: 4642/7800 | Vs: riderman | Win Rate (Last 50):  48.0% | Speed: 6,363 steps/s (119 fights/min) | Elapsed: 2336.8s
Battles: 4644/7800 | Vs: amazon   | Win Rate (Last 50):  46.0% | Speed: 6,363 steps/s (119 fights/min) | Elapsed: 2337.9s
Battles: 4646/7800 | Vs: v3       | Win Rate (Last 50):  48.0% | Speed: 6,362 steps/s (119 fights/min) | Elapsed: 2339.0s
Battles: 4648/7800 | Vs: x        | Win Rate (Last 50):  44.0% | Speed: 6,362 steps/s (119 fights/min) | Elapsed: 2340.2s
Battles: 4650/7800 | Vs: nigo     | Win Rate (Last 50):  44.0% | Speed: 6,361 steps/s (119 fights/min) | Elapsed: 2341.4s
Battles: 4652/7800 | Vs: riderman | Win Rate (Last 50):  46.0% | Speed: 6,361 steps/s (119 fights/min) | Elapsed: 2342.5s
Battles: 4654/7800 | Vs: amazon   | Win Rate (Last 50):  44.0% | Speed: 6,360 steps/s (119 fights/min) | Elapsed: 2343.6s
Battles: 4656/7800 | Vs: v3       | Win Rate (Last 50):  42.0% | Speed: 6,360 steps/s (119 fights/min) | Elapsed: 2344.7s
Battles: 4658/7800 | Vs: x        | Win Rate (Last 50):  42.0% | Speed: 6,359 steps/s (119 fights/min) | Elapsed: 2346.1s
Battles: 4660/7800 | Vs: nigo     | Win Rate (Last 50):  42.0% | Speed: 6,358 steps/s (119 fights/min) | Elapsed: 2347.3s
Battles: 4662/7800 | Vs: riderman | Win Rate (Last 50):  40.0% | Speed: 6,358 steps/s (119 fights/min) | Elapsed: 2348.6s
Battles: 4664/7800 | Vs: amazon   | Win Rate (Last 50):  42.0% | Speed: 6,358 steps/s (119 fights/min) | Elapsed: 2349.6s
Battles: 4666/7800 | Vs: v3       | Win Rate (Last 50):  42.0% | Speed: 6,357 steps/s (119 fights/min) | Elapsed: 2350.9s
Battles: 4668/7800 | Vs: x        | Win Rate (Last 50):  44.0% | Speed: 6,357 steps/s (119 fights/min) | Elapsed: 2352.0s
Battles: 4670/7800 | Vs: nigo     | Win Rate (Last 50):  44.0% | Speed: 6,356 steps/s (119 fights/min) | Elapsed: 2353.0s
Battles: 4672/7800 | Vs: riderman | Win Rate (Last 50):  44.0% | Speed: 6,356 steps/s (119 fights/min) | Elapsed: 2354.3s
Battles: 4674/7800 | Vs: amazon   | Win Rate (Last 50):  46.0% | Speed: 6,355 steps/s (119 fights/min) | Elapsed: 2355.3s
Battles: 4676/7800 | Vs: v3       | Win Rate (Last 50):  46.0% | Speed: 6,355 steps/s (119 fights/min) | Elapsed: 2356.6s
Battles: 4678/7800 | Vs: x        | Win Rate (Last 50):  46.0% | Speed: 6,354 steps/s (119 fights/min) | Elapsed: 2357.9s
Battles: 4680/7800 | Vs: nigo     | Win Rate (Last 50):  46.0% | Speed: 6,353 steps/s (119 fights/min) | Elapsed: 2359.2s
Battles: 4682/7800 | Vs: riderman | Win Rate (Last 50):  44.0% | Speed: 6,353 steps/s (119 fights/min) | Elapsed: 2360.5s
Battles: 4684/7800 | Vs: amazon   | Win Rate (Last 50):  44.0% | Speed: 6,352 steps/s (119 fights/min) | Elapsed: 2361.5s
Battles: 4686/7800 | Vs: v3       | Win Rate (Last 50):  40.0% | Speed: 6,352 steps/s (118 fights/min) | Elapsed: 2362.7s
Battles: 4688/7800 | Vs: x        | Win Rate (Last 50):  42.0% | Speed: 6,351 steps/s (118 fights/min) | Elapsed: 2363.9s
Battles: 4690/7800 | Vs: nigo     | Win Rate (Last 50):  42.0% | Speed: 6,351 steps/s (118 fights/min) | Elapsed: 2364.9s
Battles: 4692/7800 | Vs: riderman | Win Rate (Last 50):  42.0% | Speed: 6,350 steps/s (118 fights/min) | Elapsed: 2365.9s
Battles: 4695/7800 | Vs: nigo     | Win Rate (Last 50):  42.0% | Speed: 6,349 steps/s (118 fights/min) | Elapsed: 2367.7s
Battles: 4697/7800 | Vs: riderman | Win Rate (Last 50):  40.0% | Speed: 6,349 steps/s (118 fights/min) | Elapsed: 2369.0s
Battles: 4699/7800 | Vs: amazon   | Win Rate (Last 50):  42.0% | Speed: 6,348 steps/s (118 fights/min) | Elapsed: 2370.2s
Battles: 4701/7800 | Vs: v3       | Win Rate (Last 50):  40.0% | Speed: 6,348 steps/s (118 fights/min) | Elapsed: 2371.3s
Battles: 4703/7800 | Vs: x        | Win Rate (Last 50):  38.0% | Speed: 6,348 steps/s (118 fights/min) | Elapsed: 2372.4s
Battles: 4705/7800 | Vs: nigo     | Win Rate (Last 50):  38.0% | Speed: 6,347 steps/s (118 fights/min) | Elapsed: 2373.5s
Battles: 4707/7800 | Vs: riderman | Win Rate (Last 50):  40.0% | Speed: 6,347 steps/s (118 fights/min) | Elapsed: 2374.6s
Battles: 4710/7800 | Vs: nigo     | Win Rate (Last 50):  42.0% | Speed: 6,346 steps/s (118 fights/min) | Elapsed: 2376.2s
Battles: 4712/7800 | Vs: riderman | Win Rate (Last 50):  42.0% | Speed: 6,346 steps/s (118 fights/min) | Elapsed: 2377.4s
Battles: 4714/7800 | Vs: amazon   | Win Rate (Last 50):  40.0% | Speed: 6,345 steps/s (118 fights/min) | Elapsed: 2378.6s
Battles: 4716/7800 | Vs: v3       | Win Rate (Last 50):  40.0% | Speed: 6,344 steps/s (118 fights/min) | Elapsed: 2379.9s
Battles: 4718/7800 | Vs: x        | Win Rate (Last 50):  42.0% | Speed: 6,343 steps/s (118 fights/min) | Elapsed: 2381.2s
Battles: 4720/7800 | Vs: nigo     | Win Rate (Last 50):  42.0% | Speed: 6,343 steps/s (118 fights/min) | Elapsed: 2382.2s
Battles: 4722/7800 | Vs: riderman | Win Rate (Last 50):  42.0% | Speed: 6,343 steps/s (118 fights/min) | Elapsed: 2383.4s
Battles: 4725/7800 | Vs: nigo     | Win Rate (Last 50):  42.0% | Speed: 6,342 steps/s (118 fights/min) | Elapsed: 2385.1s
Battles: 4727/7800 | Vs: riderman | Win Rate (Last 50):  40.0% | Speed: 6,341 steps/s (118 fights/min) | Elapsed: 2386.2s
Battles: 4729/7800 | Vs: amazon   | Win Rate (Last 50):  38.0% | Speed: 6,341 steps/s (118 fights/min) | Elapsed: 2387.3s
Battles: 4731/7800 | Vs: v3       | Win Rate (Last 50):  38.0% | Speed: 6,340 steps/s (118 fights/min) | Elapsed: 2388.7s
Battles: 4733/7800 | Vs: x        | Win Rate (Last 50):  38.0% | Speed: 6,340 steps/s (118 fights/min) | Elapsed: 2389.9s
Battles: 4735/7800 | Vs: nigo     | Win Rate (Last 50):  38.0% | Speed: 6,339 steps/s (118 fights/min) | Elapsed: 2390.9s
Battles: 4737/7800 | Vs: riderman | Win Rate (Last 50):  38.0% | Speed: 6,339 steps/s (118 fights/min) | Elapsed: 2392.0s
Battles: 4740/7800 | Vs: nigo     | Win Rate (Last 50):  38.0% | Speed: 6,338 steps/s (118 fights/min) | Elapsed: 2393.5s
Battles: 4742/7800 | Vs: riderman | Win Rate (Last 50):  42.0% | Speed: 6,338 steps/s (118 fights/min) | Elapsed: 2394.5s
Battles: 4744/7800 | Vs: amazon   | Win Rate (Last 50):  42.0% | Speed: 6,337 steps/s (118 fights/min) | Elapsed: 2395.7s
Battles: 4746/7800 | Vs: v3       | Win Rate (Last 50):  42.0% | Speed: 6,337 steps/s (118 fights/min) | Elapsed: 2396.8s
Battles: 4748/7800 | Vs: x        | Win Rate (Last 50):  44.0% | Speed: 6,336 steps/s (118 fights/min) | Elapsed: 2397.9s
Battles: 4750/7800 | Vs: nigo     | Win Rate (Last 50):  44.0% | Speed: 6,336 steps/s (118 fights/min) | Elapsed: 2399.2s
Battles: 4753/7800 | Vs: x        | Win Rate (Last 50):  50.0% | Speed: 6,335 steps/s (118 fights/min) | Elapsed: 2400.7s
Battles: 4755/7800 | Vs: nigo     | Win Rate (Last 50):  48.0% | Speed: 6,334 steps/s (118 fights/min) | Elapsed: 2401.8s
Battles: 4757/7800 | Vs: riderman | Win Rate (Last 50):  48.0% | Speed: 6,334 steps/s (118 fights/min) | Elapsed: 2402.8s
Battles: 4759/7800 | Vs: amazon   | Win Rate (Last 50):  46.0% | Speed: 6,333 steps/s (118 fights/min) | Elapsed: 2403.9s
Battles: 4762/7800 | Vs: riderman | Win Rate (Last 50):  46.0% | Speed: 6,333 steps/s (118 fights/min) | Elapsed: 2405.5s
Battles: 4764/7800 | Vs: amazon   | Win Rate (Last 50):  48.0% | Speed: 6,332 steps/s (118 fights/min) | Elapsed: 2406.6s
Battles: 4766/7800 | Vs: v3       | Win Rate (Last 50):  46.0% | Speed: 6,332 steps/s (118 fights/min) | Elapsed: 2407.9s
Battles: 4768/7800 | Vs: x        | Win Rate (Last 50):  44.0% | Speed: 6,331 steps/s (118 fights/min) | Elapsed: 2409.1s
Battles: 4771/7800 | Vs: v3       | Win Rate (Last 50):  46.0% | Speed: 6,331 steps/s (118 fights/min) | Elapsed: 2410.6s
Battles: 4773/7800 | Vs: x        | Win Rate (Last 50):  46.0% | Speed: 6,330 steps/s (118 fights/min) | Elapsed: 2411.8s
Battles: 4775/7800 | Vs: nigo     | Win Rate (Last 50):  46.0% | Speed: 6,330 steps/s (118 fights/min) | Elapsed: 2412.8s
Battles: 4777/7800 | Vs: riderman | Win Rate (Last 50):  44.0% | Speed: 6,329 steps/s (118 fights/min) | Elapsed: 2414.1s
Battles: 4780/7800 | Vs: nigo     | Win Rate (Last 50):  50.0% | Speed: 6,329 steps/s (118 fights/min) | Elapsed: 2415.6s
Battles: 4782/7800 | Vs: riderman | Win Rate (Last 50):  52.0% | Speed: 6,328 steps/s (118 fights/min) | Elapsed: 2416.9s
Battles: 4784/7800 | Vs: amazon   | Win Rate (Last 50):  52.0% | Speed: 6,327 steps/s (118 fights/min) | Elapsed: 2418.0s
Battles: 4786/7800 | Vs: v3       | Win Rate (Last 50):  52.0% | Speed: 6,327 steps/s (118 fights/min) | Elapsed: 2419.5s
Battles: 4788/7800 | Vs: x        | Win Rate (Last 50):  56.0% | Speed: 6,326 steps/s (118 fights/min) | Elapsed: 2420.5s
Battles: 4790/7800 | Vs: nigo     | Win Rate (Last 50):  56.0% | Speed: 6,326 steps/s (118 fights/min) | Elapsed: 2421.6s
Battles: 4792/7800 | Vs: riderman | Win Rate (Last 50):  54.0% | Speed: 6,325 steps/s (118 fights/min) | Elapsed: 2422.6s
Battles: 4794/7800 | Vs: amazon   | Win Rate (Last 50):  54.0% | Speed: 6,325 steps/s (118 fights/min) | Elapsed: 2423.8s
Battles: 4796/7800 | Vs: v3       | Win Rate (Last 50):  54.0% | Speed: 6,324 steps/s (118 fights/min) | Elapsed: 2425.0s
Battles: 4799/7800 | Vs: amazon   | Win Rate (Last 50):  56.0% | Speed: 6,324 steps/s (118 fights/min) | Elapsed: 2426.5s
Battles: 4801/7800 | Vs: v3       | Win Rate (Last 50):  56.0% | Speed: 6,323 steps/s (118 fights/min) | Elapsed: 2427.6s
Battles: 4803/7800 | Vs: x        | Win Rate (Last 50):  52.0% | Speed: 6,323 steps/s (118 fights/min) | Elapsed: 2428.9s
Battles: 4805/7800 | Vs: nigo     | Win Rate (Last 50):  52.0% | Speed: 6,322 steps/s (118 fights/min) | Elapsed: 2430.0s
Battles: 4807/7800 | Vs: riderman | Win Rate (Last 50):  52.0% | Speed: 6,322 steps/s (118 fights/min) | Elapsed: 2431.0s
Battles: 4809/7800 | Vs: amazon   | Win Rate (Last 50):  52.0% | Speed: 6,321 steps/s (118 fights/min) | Elapsed: 2432.2s
Battles: 4811/7800 | Vs: v3       | Win Rate (Last 50):  52.0% | Speed: 6,321 steps/s (118 fights/min) | Elapsed: 2433.3s
Battles: 4813/7800 | Vs: x        | Win Rate (Last 50):  54.0% | Speed: 6,320 steps/s (118 fights/min) | Elapsed: 2434.4s
Battles: 4816/7800 | Vs: v3       | Win Rate (Last 50):  56.0% | Speed: 6,320 steps/s (118 fights/min) | Elapsed: 2435.9s
Battles: 4818/7800 | Vs: x        | Win Rate (Last 50):  58.0% | Speed: 6,319 steps/s (118 fights/min) | Elapsed: 2437.1s
Battles: 4820/7800 | Vs: nigo     | Win Rate (Last 50):  58.0% | Speed: 6,319 steps/s (118 fights/min) | Elapsed: 2438.2s
Battles: 4822/7800 | Vs: riderman | Win Rate (Last 50):  58.0% | Speed: 6,318 steps/s (118 fights/min) | Elapsed: 2439.5s
Battles: 4825/7800 | Vs: nigo     | Win Rate (Last 50):  56.0% | Speed: 6,317 steps/s (118 fights/min) | Elapsed: 2441.2s
Battles: 4827/7800 | Vs: riderman | Win Rate (Last 50):  60.0% | Speed: 6,317 steps/s (118 fights/min) | Elapsed: 2442.2s
Battles: 4829/7800 | Vs: amazon   | Win Rate (Last 50):  58.0% | Speed: 6,316 steps/s (118 fights/min) | Elapsed: 2443.4s
Battles: 4831/7800 | Vs: v3       | Win Rate (Last 50):  58.0% | Speed: 6,316 steps/s (118 fights/min) | Elapsed: 2444.6s
Battles: 4833/7800 | Vs: x        | Win Rate (Last 50):  56.0% | Speed: 6,315 steps/s (118 fights/min) | Elapsed: 2445.8s
Battles: 4835/7800 | Vs: nigo     | Win Rate (Last 50):  56.0% | Speed: 6,315 steps/s (118 fights/min) | Elapsed: 2447.0s
Battles: 4837/7800 | Vs: riderman | Win Rate (Last 50):  52.0% | Speed: 6,315 steps/s (118 fights/min) | Elapsed: 2448.2s
Battles: 4839/7800 | Vs: amazon   | Win Rate (Last 50):  50.0% | Speed: 6,314 steps/s (118 fights/min) | Elapsed: 2449.3s
Battles: 4841/7800 | Vs: v3       | Win Rate (Last 50):  52.0% | Speed: 6,313 steps/s (118 fights/min) | Elapsed: 2450.6s
Battles: 4843/7800 | Vs: x        | Win Rate (Last 50):  52.0% | Speed: 6,313 steps/s (118 fights/min) | Elapsed: 2451.9s
Battles: 4845/7800 | Vs: nigo     | Win Rate (Last 50):  54.0% | Speed: 6,312 steps/s (118 fights/min) | Elapsed: 2452.9s
Battles: 4847/7800 | Vs: riderman | Win Rate (Last 50):  52.0% | Speed: 6,312 steps/s (118 fights/min) | Elapsed: 2454.0s
Battles: 4849/7800 | Vs: amazon   | Win Rate (Last 50):  50.0% | Speed: 6,312 steps/s (118 fights/min) | Elapsed: 2455.1s
Battles: 4851/7800 | Vs: v3       | Win Rate (Last 50):  52.0% | Speed: 6,311 steps/s (118 fights/min) | Elapsed: 2456.3s
Battles: 4853/7800 | Vs: x        | Win Rate (Last 50):  56.0% | Speed: 6,310 steps/s (118 fights/min) | Elapsed: 2457.5s
Battles: 4855/7800 | Vs: nigo     | Win Rate (Last 50):  58.0% | Speed: 6,310 steps/s (118 fights/min) | Elapsed: 2458.6s
Battles: 4857/7800 | Vs: riderman | Win Rate (Last 50):  58.0% | Speed: 6,310 steps/s (118 fights/min) | Elapsed: 2459.8s
Battles: 4859/7800 | Vs: amazon   | Win Rate (Last 50):  58.0% | Speed: 6,309 steps/s (118 fights/min) | Elapsed: 2460.9s
Battles: 4861/7800 | Vs: v3       | Win Rate (Last 50):  58.0% | Speed: 6,308 steps/s (118 fights/min) | Elapsed: 2462.1s
Battles: 4863/7800 | Vs: x        | Win Rate (Last 50):  56.0% | Speed: 6,308 steps/s (118 fights/min) | Elapsed: 2463.4s
Battles: 4865/7800 | Vs: nigo     | Win Rate (Last 50):  56.0% | Speed: 6,307 steps/s (118 fights/min) | Elapsed: 2464.6s
Battles: 4867/7800 | Vs: riderman | Win Rate (Last 50):  52.0% | Speed: 6,307 steps/s (118 fights/min) | Elapsed: 2465.8s
Battles: 4869/7800 | Vs: amazon   | Win Rate (Last 50):  50.0% | Speed: 6,307 steps/s (118 fights/min) | Elapsed: 2466.8s
Battles: 4871/7800 | Vs: v3       | Win Rate (Last 50):  52.0% | Speed: 6,306 steps/s (118 fights/min) | Elapsed: 2468.1s
Battles: 4874/7800 | Vs: amazon   | Win Rate (Last 50):  54.0% | Speed: 6,305 steps/s (118 fights/min) | Elapsed: 2469.6s
Battles: 4876/7800 | Vs: v3       | Win Rate (Last 50):  52.0% | Speed: 6,305 steps/s (118 fights/min) | Elapsed: 2470.9s
Battles: 4878/7800 | Vs: x        | Win Rate (Last 50):  52.0% | Speed: 6,304 steps/s (118 fights/min) | Elapsed: 2472.1s
Battles: 4880/7800 | Vs: nigo     | Win Rate (Last 50):  52.0% | Speed: 6,304 steps/s (118 fights/min) | Elapsed: 2473.2s
Battles: 4882/7800 | Vs: riderman | Win Rate (Last 50):  50.0% | Speed: 6,303 steps/s (118 fights/min) | Elapsed: 2474.4s
Battles: 4884/7800 | Vs: amazon   | Win Rate (Last 50):  52.0% | Speed: 6,303 steps/s (118 fights/min) | Elapsed: 2475.5s
Battles: 4886/7800 | Vs: v3       | Win Rate (Last 50):  52.0% | Speed: 6,302 steps/s (118 fights/min) | Elapsed: 2476.6s
Battles: 4888/7800 | Vs: x        | Win Rate (Last 50):  56.0% | Speed: 6,302 steps/s (118 fights/min) | Elapsed: 2477.7s
Battles: 4890/7800 | Vs: nigo     | Win Rate (Last 50):  54.0% | Speed: 6,301 steps/s (118 fights/min) | Elapsed: 2478.9s
Battles: 4892/7800 | Vs: riderman | Win Rate (Last 50):  54.0% | Speed: 6,301 steps/s (118 fights/min) | Elapsed: 2480.0s
Battles: 4894/7800 | Vs: amazon   | Win Rate (Last 50):  54.0% | Speed: 6,300 steps/s (118 fights/min) | Elapsed: 2481.1s
Battles: 4896/7800 | Vs: v3       | Win Rate (Last 50):  52.0% | Speed: 6,300 steps/s (118 fights/min) | Elapsed: 2482.2s
Battles: 4898/7800 | Vs: x        | Win Rate (Last 50):  54.0% | Speed: 6,299 steps/s (118 fights/min) | Elapsed: 2483.3s
Battles: 4900/7800 | Vs: nigo     | Win Rate (Last 50):  54.0% | Speed: 6,299 steps/s (118 fights/min) | Elapsed: 2484.3s
Battles: 4902/7800 | Vs: riderman | Win Rate (Last 50):  52.0% | Speed: 6,298 steps/s (118 fights/min) | Elapsed: 2485.6s
Battles: 4905/7800 | Vs: nigo     | Win Rate (Last 50):  50.0% | Speed: 6,298 steps/s (118 fights/min) | Elapsed: 2486.9s
Battles: 4907/7800 | Vs: riderman | Win Rate (Last 50):  48.0% | Speed: 6,298 steps/s (118 fights/min) | Elapsed: 2488.1s
Battles: 4909/7800 | Vs: amazon   | Win Rate (Last 50):  48.0% | Speed: 6,297 steps/s (118 fights/min) | Elapsed: 2489.2s
Battles: 4911/7800 | Vs: v3       | Win Rate (Last 50):  48.0% | Speed: 6,297 steps/s (118 fights/min) | Elapsed: 2490.4s
Battles: 4913/7800 | Vs: x        | Win Rate (Last 50):  50.0% | Speed: 6,296 steps/s (118 fights/min) | Elapsed: 2491.6s
Battles: 4916/7800 | Vs: v3       | Win Rate (Last 50):  50.0% | Speed: 6,295 steps/s (118 fights/min) | Elapsed: 2493.2s
Battles: 4918/7800 | Vs: x        | Win Rate (Last 50):  50.0% | Speed: 6,295 steps/s (118 fights/min) | Elapsed: 2494.3s
Battles: 4920/7800 | Vs: nigo     | Win Rate (Last 50):  50.0% | Speed: 6,294 steps/s (118 fights/min) | Elapsed: 2495.6s
Battles: 4922/7800 | Vs: riderman | Win Rate (Last 50):  50.0% | Speed: 6,294 steps/s (118 fights/min) | Elapsed: 2496.6s
Battles: 4924/7800 | Vs: amazon   | Win Rate (Last 50):  50.0% | Speed: 6,294 steps/s (118 fights/min) | Elapsed: 2497.8s
Battles: 4926/7800 | Vs: v3       | Win Rate (Last 50):  52.0% | Speed: 6,293 steps/s (118 fights/min) | Elapsed: 2499.0s
Battles: 4928/7800 | Vs: x        | Win Rate (Last 50):  52.0% | Speed: 6,293 steps/s (118 fights/min) | Elapsed: 2500.1s
Battles: 4930/7800 | Vs: nigo     | Win Rate (Last 50):  52.0% | Speed: 6,292 steps/s (118 fights/min) | Elapsed: 2501.4s
Battles: 4932/7800 | Vs: riderman | Win Rate (Last 50):  56.0% | Speed: 6,291 steps/s (118 fights/min) | Elapsed: 2502.5s
Battles: 4934/7800 | Vs: amazon   | Win Rate (Last 50):  58.0% | Speed: 6,291 steps/s (118 fights/min) | Elapsed: 2503.7s
Battles: 4936/7800 | Vs: v3       | Win Rate (Last 50):  58.0% | Speed: 6,290 steps/s (118 fights/min) | Elapsed: 2504.9s
Battles: 4938/7800 | Vs: x        | Win Rate (Last 50):  58.0% | Speed: 6,290 steps/s (118 fights/min) | Elapsed: 2506.0s
Battles: 4940/7800 | Vs: nigo     | Win Rate (Last 50):  58.0% | Speed: 6,289 steps/s (118 fights/min) | Elapsed: 2507.3s
Battles: 4942/7800 | Vs: riderman | Win Rate (Last 50):  56.0% | Speed: 6,289 steps/s (118 fights/min) | Elapsed: 2508.5s
Battles: 4944/7800 | Vs: amazon   | Win Rate (Last 50):  56.0% | Speed: 6,289 steps/s (118 fights/min) | Elapsed: 2509.5s
Battles: 4946/7800 | Vs: v3       | Win Rate (Last 50):  56.0% | Speed: 6,288 steps/s (118 fights/min) | Elapsed: 2510.6s
Battles: 4948/7800 | Vs: x        | Win Rate (Last 50):  54.0% | Speed: 6,287 steps/s (118 fights/min) | Elapsed: 2511.9s
Battles: 4950/7800 | Vs: nigo     | Win Rate (Last 50):  54.0% | Speed: 6,287 steps/s (118 fights/min) | Elapsed: 2513.0s
Battles: 4952/7800 | Vs: riderman | Win Rate (Last 50):  54.0% | Speed: 6,286 steps/s (118 fights/min) | Elapsed: 2514.2s
Battles: 4955/7800 | Vs: nigo     | Win Rate (Last 50):  52.0% | Speed: 6,286 steps/s (118 fights/min) | Elapsed: 2515.7s
Battles: 4958/7800 | Vs: x        | Win Rate (Last 50):  56.0% | Speed: 6,285 steps/s (118 fights/min) | Elapsed: 2517.5s
Battles: 4960/7800 | Vs: nigo     | Win Rate (Last 50):  56.0% | Speed: 6,284 steps/s (118 fights/min) | Elapsed: 2518.8s
Battles: 4962/7800 | Vs: riderman | Win Rate (Last 50):  56.0% | Speed: 6,284 steps/s (118 fights/min) | Elapsed: 2520.1s
Battles: 4964/7800 | Vs: amazon   | Win Rate (Last 50):  54.0% | Speed: 6,284 steps/s (118 fights/min) | Elapsed: 2521.1s
Battles: 4966/7800 | Vs: v3       | Win Rate (Last 50):  56.0% | Speed: 6,283 steps/s (118 fights/min) | Elapsed: 2522.5s
Battles: 4968/7800 | Vs: x        | Win Rate (Last 50):  56.0% | Speed: 6,282 steps/s (118 fights/min) | Elapsed: 2523.9s
Battles: 4970/7800 | Vs: nigo     | Win Rate (Last 50):  54.0% | Speed: 6,282 steps/s (118 fights/min) | Elapsed: 2525.0s
Battles: 4972/7800 | Vs: riderman | Win Rate (Last 50):  52.0% | Speed: 6,281 steps/s (118 fights/min) | Elapsed: 2526.2s
Battles: 4974/7800 | Vs: amazon   | Win Rate (Last 50):  54.0% | Speed: 6,281 steps/s (118 fights/min) | Elapsed: 2527.2s
Battles: 4976/7800 | Vs: v3       | Win Rate (Last 50):  54.0% | Speed: 6,280 steps/s (118 fights/min) | Elapsed: 2528.3s
Battles: 4978/7800 | Vs: x        | Win Rate (Last 50):  54.0% | Speed: 6,280 steps/s (118 fights/min) | Elapsed: 2529.5s
Battles: 4980/7800 | Vs: nigo     | Win Rate (Last 50):  56.0% | Speed: 6,279 steps/s (118 fights/min) | Elapsed: 2530.7s
Battles: 4982/7800 | Vs: riderman | Win Rate (Last 50):  54.0% | Speed: 6,279 steps/s (118 fights/min) | Elapsed: 2531.7s
Battles: 4984/7800 | Vs: amazon   | Win Rate (Last 50):  54.0% | Speed: 6,278 steps/s (118 fights/min) | Elapsed: 2532.8s
Battles: 4986/7800 | Vs: v3       | Win Rate (Last 50):  52.0% | Speed: 6,278 steps/s (118 fights/min) | Elapsed: 2534.1s
Battles: 4988/7800 | Vs: x        | Win Rate (Last 50):  52.0% | Speed: 6,277 steps/s (118 fights/min) | Elapsed: 2535.3s
Battles: 4991/7800 | Vs: v3       | Win Rate (Last 50):  54.0% | Speed: 6,277 steps/s (118 fights/min) | Elapsed: 2536.8s
Battles: 4993/7800 | Vs: x        | Win Rate (Last 50):  54.0% | Speed: 6,277 steps/s (118 fights/min) | Elapsed: 2537.9s
Battles: 4995/7800 | Vs: nigo     | Win Rate (Last 50):  54.0% | Speed: 6,276 steps/s (118 fights/min) | Elapsed: 2539.1s
Battles: 4997/7800 | Vs: riderman | Win Rate (Last 50):  54.0% | Speed: 6,275 steps/s (118 fights/min) | Elapsed: 2540.4s
Battles: 5000/7800 | Vs: nigo     | Win Rate (Last 50):  56.0% | Speed: 6,275 steps/s (118 fights/min) | Elapsed: 2542.1s
Battles: 5002/7800 | Vs: riderman | Win Rate (Last 50):  54.0% | Speed: 6,274 steps/s (117 fights/min) | Elapsed: 2543.4s
Battles: 5004/7800 | Vs: amazon   | Win Rate (Last 50):  54.0% | Speed: 6,274 steps/s (117 fights/min) | Elapsed: 2544.5s
Battles: 5006/7800 | Vs: v3       | Win Rate (Last 50):  54.0% | Speed: 6,273 steps/s (117 fights/min) | Elapsed: 2545.8s
Battles: 5008/7800 | Vs: x        | Win Rate (Last 50):  56.0% | Speed: 6,273 steps/s (117 fights/min) | Elapsed: 2546.9s
Battles: 5010/7800 | Vs: nigo     | Win Rate (Last 50):  56.0% | Speed: 6,272 steps/s (117 fights/min) | Elapsed: 2547.9s
Battles: 5012/7800 | Vs: riderman | Win Rate (Last 50):  52.0% | Speed: 6,272 steps/s (117 fights/min) | Elapsed: 2549.2s
Battles: 5015/7800 | Vs: nigo     | Win Rate (Last 50):  54.0% | Speed: 6,271 steps/s (117 fights/min) | Elapsed: 2550.8s
Battles: 5017/7800 | Vs: riderman | Win Rate (Last 50):  54.0% | Speed: 6,271 steps/s (117 fights/min) | Elapsed: 2551.9s
Battles: 5019/7800 | Vs: amazon   | Win Rate (Last 50):  56.0% | Speed: 6,270 steps/s (117 fights/min) | Elapsed: 2553.1s
Battles: 5021/7800 | Vs: v3       | Win Rate (Last 50):  56.0% | Speed: 6,270 steps/s (117 fights/min) | Elapsed: 2554.3s
Battles: 5023/7800 | Vs: x        | Win Rate (Last 50):  54.0% | Speed: 6,269 steps/s (117 fights/min) | Elapsed: 2555.5s
Battles: 5025/7800 | Vs: nigo     | Win Rate (Last 50):  56.0% | Speed: 6,269 steps/s (117 fights/min) | Elapsed: 2556.5s
Battles: 5027/7800 | Vs: riderman | Win Rate (Last 50):  58.0% | Speed: 6,268 steps/s (117 fights/min) | Elapsed: 2557.8s
Battles: 5029/7800 | Vs: amazon   | Win Rate (Last 50):  56.0% | Speed: 6,268 steps/s (117 fights/min) | Elapsed: 2558.9s
Battles: 5031/7800 | Vs: v3       | Win Rate (Last 50):  58.0% | Speed: 6,267 steps/s (117 fights/min) | Elapsed: 2560.1s
Battles: 5033/7800 | Vs: x        | Win Rate (Last 50):  58.0% | Speed: 6,267 steps/s (117 fights/min) | Elapsed: 2561.2s
Battles: 5035/7800 | Vs: nigo     | Win Rate (Last 50):  58.0% | Speed: 6,266 steps/s (117 fights/min) | Elapsed: 2562.3s
Battles: 5037/7800 | Vs: riderman | Win Rate (Last 50):  58.0% | Speed: 6,266 steps/s (117 fights/min) | Elapsed: 2563.5s
Battles: 5040/7800 | Vs: nigo     | Win Rate (Last 50):  56.0% | Speed: 6,265 steps/s (117 fights/min) | Elapsed: 2565.2s
Battles: 5042/7800 | Vs: riderman | Win Rate (Last 50):  60.0% | Speed: 6,265 steps/s (117 fights/min) | Elapsed: 2566.3s
Battles: 5044/7800 | Vs: amazon   | Win Rate (Last 50):  60.0% | Speed: 6,264 steps/s (117 fights/min) | Elapsed: 2567.4s
Battles: 5046/7800 | Vs: v3       | Win Rate (Last 50):  64.0% | Speed: 6,264 steps/s (117 fights/min) | Elapsed: 2568.6s
Battles: 5048/7800 | Vs: x        | Win Rate (Last 50):  64.0% | Speed: 6,263 steps/s (117 fights/min) | Elapsed: 2569.8s
Battles: 5051/7800 | Vs: v3       | Win Rate (Last 50):  66.0% | Speed: 6,263 steps/s (117 fights/min) | Elapsed: 2571.3s
Battles: 5053/7800 | Vs: x        | Win Rate (Last 50):  70.0% | Speed: 6,263 steps/s (117 fights/min) | Elapsed: 2572.3s
Battles: 5055/7800 | Vs: nigo     | Win Rate (Last 50):  70.0% | Speed: 6,262 steps/s (117 fights/min) | Elapsed: 2573.6s
Battles: 5057/7800 | Vs: riderman | Win Rate (Last 50):  68.0% | Speed: 6,261 steps/s (117 fights/min) | Elapsed: 2574.7s
Battles: 5059/7800 | Vs: amazon   | Win Rate (Last 50):  66.0% | Speed: 6,261 steps/s (117 fights/min) | Elapsed: 2575.9s
Battles: 5061/7800 | Vs: v3       | Win Rate (Last 50):  68.0% | Speed: 6,260 steps/s (117 fights/min) | Elapsed: 2577.1s
Battles: 5063/7800 | Vs: x        | Win Rate (Last 50):  70.0% | Speed: 6,260 steps/s (117 fights/min) | Elapsed: 2578.2s
Battles: 5065/7800 | Vs: nigo     | Win Rate (Last 50):  70.0% | Speed: 6,260 steps/s (117 fights/min) | Elapsed: 2579.3s
Battles: 5067/7800 | Vs: riderman | Win Rate (Last 50):  70.0% | Speed: 6,259 steps/s (117 fights/min) | Elapsed: 2580.4s
Battles: 5070/7800 | Vs: nigo     | Win Rate (Last 50):  70.0% | Speed: 6,259 steps/s (117 fights/min) | Elapsed: 2582.0s
Battles: 5072/7800 | Vs: riderman | Win Rate (Last 50):  70.0% | Speed: 6,258 steps/s (117 fights/min) | Elapsed: 2583.3s
Battles: 5074/7800 | Vs: amazon   | Win Rate (Last 50):  70.0% | Speed: 6,257 steps/s (117 fights/min) | Elapsed: 2584.5s
Battles: 5076/7800 | Vs: v3       | Win Rate (Last 50):  66.0% | Speed: 6,257 steps/s (117 fights/min) | Elapsed: 2585.6s
Battles: 5078/7800 | Vs: x        | Win Rate (Last 50):  66.0% | Speed: 6,256 steps/s (117 fights/min) | Elapsed: 2586.9s
Battles: 5081/7800 | Vs: v3       | Win Rate (Last 50):  62.0% | Speed: 6,256 steps/s (117 fights/min) | Elapsed: 2588.5s
Battles: 5083/7800 | Vs: x        | Win Rate (Last 50):  58.0% | Speed: 6,255 steps/s (117 fights/min) | Elapsed: 2589.8s
Battles: 5085/7800 | Vs: nigo     | Win Rate (Last 50):  58.0% | Speed: 6,255 steps/s (117 fights/min) | Elapsed: 2590.9s
Battles: 5087/7800 | Vs: riderman | Win Rate (Last 50):  56.0% | Speed: 6,254 steps/s (117 fights/min) | Elapsed: 2592.1s
Battles: 5089/7800 | Vs: amazon   | Win Rate (Last 50):  56.0% | Speed: 6,254 steps/s (117 fights/min) | Elapsed: 2593.2s
Battles: 5091/7800 | Vs: v3       | Win Rate (Last 50):  54.0% | Speed: 6,253 steps/s (117 fights/min) | Elapsed: 2594.5s
Battles: 5093/7800 | Vs: x        | Win Rate (Last 50):  54.0% | Speed: 6,253 steps/s (117 fights/min) | Elapsed: 2595.8s
Battles: 5095/7800 | Vs: nigo     | Win Rate (Last 50):  52.0% | Speed: 6,252 steps/s (117 fights/min) | Elapsed: 2597.0s
Battles: 5097/7800 | Vs: riderman | Win Rate (Last 50):  50.0% | Speed: 6,252 steps/s (117 fights/min) | Elapsed: 2598.3s
Battles: 5099/7800 | Vs: amazon   | Win Rate (Last 50):  52.0% | Speed: 6,251 steps/s (117 fights/min) | Elapsed: 2599.4s
Battles: 5101/7800 | Vs: v3       | Win Rate (Last 50):  52.0% | Speed: 6,251 steps/s (117 fights/min) | Elapsed: 2600.5s
Battles: 5103/7800 | Vs: x        | Win Rate (Last 50):  50.0% | Speed: 6,250 steps/s (117 fights/min) | Elapsed: 2601.8s
Battles: 5105/7800 | Vs: nigo     | Win Rate (Last 50):  50.0% | Speed: 6,250 steps/s (117 fights/min) | Elapsed: 2602.8s
Battles: 5107/7800 | Vs: riderman | Win Rate (Last 50):  52.0% | Speed: 6,250 steps/s (117 fights/min) | Elapsed: 2603.8s
Battles: 5109/7800 | Vs: amazon   | Win Rate (Last 50):  54.0% | Speed: 6,249 steps/s (117 fights/min) | Elapsed: 2605.2s
Battles: 5111/7800 | Vs: v3       | Win Rate (Last 50):  52.0% | Speed: 6,248 steps/s (117 fights/min) | Elapsed: 2606.6s
Battles: 5114/7800 | Vs: amazon   | Win Rate (Last 50):  54.0% | Speed: 6,248 steps/s (117 fights/min) | Elapsed: 2608.1s
Battles: 5116/7800 | Vs: v3       | Win Rate (Last 50):  54.0% | Speed: 6,247 steps/s (117 fights/min) | Elapsed: 2609.3s
Battles: 5118/7800 | Vs: x        | Win Rate (Last 50):  52.0% | Speed: 6,247 steps/s (117 fights/min) | Elapsed: 2610.4s
Battles: 5120/7800 | Vs: nigo     | Win Rate (Last 50):  52.0% | Speed: 6,246 steps/s (117 fights/min) | Elapsed: 2611.6s
Battles: 5122/7800 | Vs: riderman | Win Rate (Last 50):  54.0% | Speed: 6,246 steps/s (117 fights/min) | Elapsed: 2612.7s
Battles: 5124/7800 | Vs: amazon   | Win Rate (Last 50):  52.0% | Speed: 6,245 steps/s (117 fights/min) | Elapsed: 2613.8s
Battles: 5126/7800 | Vs: v3       | Win Rate (Last 50):  54.0% | Speed: 6,245 steps/s (117 fights/min) | Elapsed: 2615.1s
Battles: 5128/7800 | Vs: x        | Win Rate (Last 50):  56.0% | Speed: 6,244 steps/s (117 fights/min) | Elapsed: 2616.2s
Battles: 5130/7800 | Vs: nigo     | Win Rate (Last 50):  56.0% | Speed: 6,244 steps/s (117 fights/min) | Elapsed: 2617.3s
Battles: 5132/7800 | Vs: riderman | Win Rate (Last 50):  60.0% | Speed: 6,243 steps/s (117 fights/min) | Elapsed: 2618.4s
Battles: 5134/7800 | Vs: amazon   | Win Rate (Last 50):  58.0% | Speed: 6,243 steps/s (117 fights/min) | Elapsed: 2619.5s
Battles: 5136/7800 | Vs: v3       | Win Rate (Last 50):  58.0% | Speed: 6,243 steps/s (117 fights/min) | Elapsed: 2620.7s
Battles: 5138/7800 | Vs: x        | Win Rate (Last 50):  60.0% | Speed: 6,242 steps/s (117 fights/min) | Elapsed: 2622.0s
Battles: 5140/7800 | Vs: nigo     | Win Rate (Last 50):  60.0% | Speed: 6,242 steps/s (117 fights/min) | Elapsed: 2623.1s
Battles: 5142/7800 | Vs: riderman | Win Rate (Last 50):  60.0% | Speed: 6,241 steps/s (117 fights/min) | Elapsed: 2624.2s
Battles: 5144/7800 | Vs: amazon   | Win Rate (Last 50):  62.0% | Speed: 6,241 steps/s (117 fights/min) | Elapsed: 2625.2s
Battles: 5146/7800 | Vs: v3       | Win Rate (Last 50):  62.0% | Speed: 6,240 steps/s (117 fights/min) | Elapsed: 2626.3s
Battles: 5148/7800 | Vs: x        | Win Rate (Last 50):  62.0% | Speed: 6,240 steps/s (117 fights/min) | Elapsed: 2627.5s
Battles: 5150/7800 | Vs: nigo     | Win Rate (Last 50):  60.0% | Speed: 6,239 steps/s (117 fights/min) | Elapsed: 2628.6s
Battles: 5152/7800 | Vs: riderman | Win Rate (Last 50):  60.0% | Speed: 6,239 steps/s (117 fights/min) | Elapsed: 2629.8s
Battles: 5154/7800 | Vs: amazon   | Win Rate (Last 50):  60.0% | Speed: 6,239 steps/s (117 fights/min) | Elapsed: 2630.8s
Battles: 5156/7800 | Vs: v3       | Win Rate (Last 50):  58.0% | Speed: 6,238 steps/s (117 fights/min) | Elapsed: 2631.9s
Battles: 5158/7800 | Vs: x        | Win Rate (Last 50):  54.0% | Speed: 6,238 steps/s (117 fights/min) | Elapsed: 2633.0s
Battles: 5160/7800 | Vs: nigo     | Win Rate (Last 50):  54.0% | Speed: 6,237 steps/s (117 fights/min) | Elapsed: 2634.2s
Battles: 5162/7800 | Vs: riderman | Win Rate (Last 50):  54.0% | Speed: 6,237 steps/s (117 fights/min) | Elapsed: 2635.4s
Battles: 5164/7800 | Vs: amazon   | Win Rate (Last 50):  52.0% | Speed: 6,236 steps/s (117 fights/min) | Elapsed: 2636.4s
Battles: 5166/7800 | Vs: v3       | Win Rate (Last 50):  54.0% | Speed: 6,236 steps/s (117 fights/min) | Elapsed: 2637.6s
Battles: 5168/7800 | Vs: x        | Win Rate (Last 50):  54.0% | Speed: 6,236 steps/s (117 fights/min) | Elapsed: 2638.6s
Battles: 5170/7800 | Vs: nigo     | Win Rate (Last 50):  54.0% | Speed: 6,235 steps/s (117 fights/min) | Elapsed: 2639.7s
Battles: 5172/7800 | Vs: riderman | Win Rate (Last 50):  52.0% | Speed: 6,235 steps/s (117 fights/min) | Elapsed: 2641.0s
Battles: 5175/7800 | Vs: nigo     | Win Rate (Last 50):  50.0% | Speed: 6,234 steps/s (117 fights/min) | Elapsed: 2642.5s
Battles: 5178/7800 | Vs: x        | Win Rate (Last 50):  50.0% | Speed: 6,233 steps/s (117 fights/min) | Elapsed: 2644.0s
Battles: 5180/7800 | Vs: nigo     | Win Rate (Last 50):  52.0% | Speed: 6,233 steps/s (117 fights/min) | Elapsed: 2645.5s
Battles: 5182/7800 | Vs: riderman | Win Rate (Last 50):  52.0% | Speed: 6,232 steps/s (117 fights/min) | Elapsed: 2646.7s
Battles: 5185/7800 | Vs: nigo     | Win Rate (Last 50):  54.0% | Speed: 6,232 steps/s (117 fights/min) | Elapsed: 2648.2s
Battles: 5187/7800 | Vs: riderman | Win Rate (Last 50):  54.0% | Speed: 6,231 steps/s (117 fights/min) | Elapsed: 2649.3s
Battles: 5189/7800 | Vs: amazon   | Win Rate (Last 50):  54.0% | Speed: 6,231 steps/s (117 fights/min) | Elapsed: 2650.6s
Battles: 5191/7800 | Vs: v3       | Win Rate (Last 50):  56.0% | Speed: 6,230 steps/s (117 fights/min) | Elapsed: 2651.7s
Battles: 5193/7800 | Vs: x        | Win Rate (Last 50):  54.0% | Speed: 6,230 steps/s (117 fights/min) | Elapsed: 2652.9s
Battles: 5195/7800 | Vs: nigo     | Win Rate (Last 50):  52.0% | Speed: 6,230 steps/s (117 fights/min) | Elapsed: 2653.9s
Battles: 5197/7800 | Vs: riderman | Win Rate (Last 50):  54.0% | Speed: 6,229 steps/s (117 fights/min) | Elapsed: 2655.1s
Battles: 5199/7800 | Vs: amazon   | Win Rate (Last 50):  54.0% | Speed: 6,228 steps/s (117 fights/min) | Elapsed: 2656.3s
Battles: 5201/7800 | Vs: v3       | Win Rate (Last 50):  52.0% | Speed: 6,228 steps/s (117 fights/min) | Elapsed: 2657.5s
Battles: 5203/7800 | Vs: x        | Win Rate (Last 50):  52.0% | Speed: 6,227 steps/s (117 fights/min) | Elapsed: 2658.8s
Battles: 5205/7800 | Vs: nigo     | Win Rate (Last 50):  52.0% | Speed: 6,227 steps/s (117 fights/min) | Elapsed: 2659.8s
Battles: 5207/7800 | Vs: riderman | Win Rate (Last 50):  52.0% | Speed: 6,227 steps/s (117 fights/min) | Elapsed: 2660.9s
Battles: 5209/7800 | Vs: amazon   | Win Rate (Last 50):  54.0% | Speed: 6,226 steps/s (117 fights/min) | Elapsed: 2662.0s
Battles: 5211/7800 | Vs: v3       | Win Rate (Last 50):  56.0% | Speed: 6,226 steps/s (117 fights/min) | Elapsed: 2663.3s
Battles: 5213/7800 | Vs: x        | Win Rate (Last 50):  58.0% | Speed: 6,225 steps/s (117 fights/min) | Elapsed: 2664.4s
Battles: 5215/7800 | Vs: nigo     | Win Rate (Last 50):  58.0% | Speed: 6,225 steps/s (117 fights/min) | Elapsed: 2665.5s
Battles: 5217/7800 | Vs: riderman | Win Rate (Last 50):  58.0% | Speed: 6,224 steps/s (117 fights/min) | Elapsed: 2666.7s
Battles: 5219/7800 | Vs: amazon   | Win Rate (Last 50):  60.0% | Speed: 6,224 steps/s (117 fights/min) | Elapsed: 2667.9s
Battles: 5221/7800 | Vs: v3       | Win Rate (Last 50):  60.0% | Speed: 6,223 steps/s (117 fights/min) | Elapsed: 2669.1s
Battles: 5223/7800 | Vs: x        | Win Rate (Last 50):  62.0% | Speed: 6,223 steps/s (117 fights/min) | Elapsed: 2670.2s
Battles: 5225/7800 | Vs: nigo     | Win Rate (Last 50):  60.0% | Speed: 6,222 steps/s (117 fights/min) | Elapsed: 2671.5s
Battles: 5227/7800 | Vs: riderman | Win Rate (Last 50):  58.0% | Speed: 6,222 steps/s (117 fights/min) | Elapsed: 2672.6s
Battles: 5229/7800 | Vs: amazon   | Win Rate (Last 50):  58.0% | Speed: 6,221 steps/s (117 fights/min) | Elapsed: 2673.7s
Battles: 5231/7800 | Vs: v3       | Win Rate (Last 50):  54.0% | Speed: 6,221 steps/s (117 fights/min) | Elapsed: 2675.0s
Battles: 5233/7800 | Vs: x        | Win Rate (Last 50):  54.0% | Speed: 6,220 steps/s (117 fights/min) | Elapsed: 2676.2s
Battles: 5235/7800 | Vs: nigo     | Win Rate (Last 50):  56.0% | Speed: 6,220 steps/s (117 fights/min) | Elapsed: 2677.3s
Battles: 5237/7800 | Vs: riderman | Win Rate (Last 50):  56.0% | Speed: 6,219 steps/s (117 fights/min) | Elapsed: 2678.5s
Battles: 5239/7800 | Vs: amazon   | Win Rate (Last 50):  58.0% | Speed: 6,219 steps/s (117 fights/min) | Elapsed: 2679.6s
Battles: 5241/7800 | Vs: v3       | Win Rate (Last 50):  54.0% | Speed: 6,219 steps/s (117 fights/min) | Elapsed: 2680.8s
Battles: 5243/7800 | Vs: x        | Win Rate (Last 50):  54.0% | Speed: 6,218 steps/s (117 fights/min) | Elapsed: 2681.9s
Battles: 5245/7800 | Vs: nigo     | Win Rate (Last 50):  56.0% | Speed: 6,218 steps/s (117 fights/min) | Elapsed: 2683.1s
Battles: 5247/7800 | Vs: riderman | Win Rate (Last 50):  56.0% | Speed: 6,217 steps/s (117 fights/min) | Elapsed: 2684.3s
Battles: 5249/7800 | Vs: amazon   | Win Rate (Last 50):  54.0% | Speed: 6,217 steps/s (117 fights/min) | Elapsed: 2685.3s
Battles: 5251/7800 | Vs: v3       | Win Rate (Last 50):  56.0% | Speed: 6,216 steps/s (117 fights/min) | Elapsed: 2686.7s
Battles: 5253/7800 | Vs: x        | Win Rate (Last 50):  58.0% | Speed: 6,216 steps/s (117 fights/min) | Elapsed: 2687.8s
Battles: 5255/7800 | Vs: nigo     | Win Rate (Last 50):  56.0% | Speed: 6,215 steps/s (117 fights/min) | Elapsed: 2689.2s
Battles: 5257/7800 | Vs: riderman | Win Rate (Last 50):  56.0% | Speed: 6,215 steps/s (117 fights/min) | Elapsed: 2690.4s
Battles: 5260/7800 | Vs: nigo     | Win Rate (Last 50):  56.0% | Speed: 6,214 steps/s (117 fights/min) | Elapsed: 2691.9s
Battles: 5262/7800 | Vs: riderman | Win Rate (Last 50):  58.0% | Speed: 6,214 steps/s (117 fights/min) | Elapsed: 2693.0s
Battles: 5264/7800 | Vs: amazon   | Win Rate (Last 50):  56.0% | Speed: 6,213 steps/s (117 fights/min) | Elapsed: 2694.1s
Battles: 5266/7800 | Vs: v3       | Win Rate (Last 50):  54.0% | Speed: 6,213 steps/s (117 fights/min) | Elapsed: 2695.4s
Battles: 5268/7800 | Vs: x        | Win Rate (Last 50):  52.0% | Speed: 6,213 steps/s (117 fights/min) | Elapsed: 2696.6s
Battles: 5270/7800 | Vs: nigo     | Win Rate (Last 50):  54.0% | Speed: 6,212 steps/s (117 fights/min) | Elapsed: 2697.9s
Battles: 5272/7800 | Vs: riderman | Win Rate (Last 50):  56.0% | Speed: 6,211 steps/s (117 fights/min) | Elapsed: 2699.0s
Battles: 5274/7800 | Vs: amazon   | Win Rate (Last 50):  56.0% | Speed: 6,211 steps/s (117 fights/min) | Elapsed: 2700.2s
Battles: 5276/7800 | Vs: v3       | Win Rate (Last 50):  58.0% | Speed: 6,210 steps/s (117 fights/min) | Elapsed: 2701.3s
Battles: 5278/7800 | Vs: x        | Win Rate (Last 50):  60.0% | Speed: 6,210 steps/s (117 fights/min) | Elapsed: 2702.4s
Battles: 5280/7800 | Vs: nigo     | Win Rate (Last 50):  60.0% | Speed: 6,210 steps/s (117 fights/min) | Elapsed: 2703.4s
Battles: 5282/7800 | Vs: riderman | Win Rate (Last 50):  60.0% | Speed: 6,209 steps/s (117 fights/min) | Elapsed: 2704.6s
Battles: 5284/7800 | Vs: amazon   | Win Rate (Last 50):  62.0% | Speed: 6,209 steps/s (117 fights/min) | Elapsed: 2705.7s
Battles: 5286/7800 | Vs: v3       | Win Rate (Last 50):  58.0% | Speed: 6,208 steps/s (117 fights/min) | Elapsed: 2706.9s
Battles: 5288/7800 | Vs: x        | Win Rate (Last 50):  56.0% | Speed: 6,207 steps/s (117 fights/min) | Elapsed: 2708.3s
Battles: 5291/7800 | Vs: v3       | Win Rate (Last 50):  56.0% | Speed: 6,207 steps/s (117 fights/min) | Elapsed: 2709.8s
Battles: 5293/7800 | Vs: x        | Win Rate (Last 50):  56.0% | Speed: 6,207 steps/s (117 fights/min) | Elapsed: 2711.0s
Battles: 5295/7800 | Vs: nigo     | Win Rate (Last 50):  54.0% | Speed: 6,206 steps/s (117 fights/min) | Elapsed: 2712.0s
Battles: 5297/7800 | Vs: riderman | Win Rate (Last 50):  52.0% | Speed: 6,206 steps/s (117 fights/min) | Elapsed: 2713.3s
Battles: 5299/7800 | Vs: amazon   | Win Rate (Last 50):  52.0% | Speed: 6,205 steps/s (117 fights/min) | Elapsed: 2714.4s
Battles: 5301/7800 | Vs: v3       | Win Rate (Last 50):  54.0% | Speed: 6,205 steps/s (117 fights/min) | Elapsed: 2715.6s
Battles: 5303/7800 | Vs: x        | Win Rate (Last 50):  50.0% | Speed: 6,204 steps/s (117 fights/min) | Elapsed: 2716.8s
Battles: 5305/7800 | Vs: nigo     | Win Rate (Last 50):  54.0% | Speed: 6,204 steps/s (117 fights/min) | Elapsed: 2718.0s
Battles: 5307/7800 | Vs: riderman | Win Rate (Last 50):  54.0% | Speed: 6,203 steps/s (117 fights/min) | Elapsed: 2719.2s
Battles: 5309/7800 | Vs: amazon   | Win Rate (Last 50):  54.0% | Speed: 6,203 steps/s (117 fights/min) | Elapsed: 2720.3s
Battles: 5311/7800 | Vs: v3       | Win Rate (Last 50):  52.0% | Speed: 6,202 steps/s (117 fights/min) | Elapsed: 2721.4s
Battles: 5313/7800 | Vs: x        | Win Rate (Last 50):  52.0% | Speed: 6,202 steps/s (117 fights/min) | Elapsed: 2722.6s
Battles: 5315/7800 | Vs: nigo     | Win Rate (Last 50):  54.0% | Speed: 6,201 steps/s (117 fights/min) | Elapsed: 2723.6s
Battles: 5317/7800 | Vs: riderman | Win Rate (Last 50):  50.0% | Speed: 6,201 steps/s (117 fights/min) | Elapsed: 2724.7s
Battles: 5319/7800 | Vs: amazon   | Win Rate (Last 50):  52.0% | Speed: 6,201 steps/s (117 fights/min) | Elapsed: 2725.8s
Battles: 5321/7800 | Vs: v3       | Win Rate (Last 50):  50.0% | Speed: 6,200 steps/s (117 fights/min) | Elapsed: 2727.1s
Battles: 5323/7800 | Vs: x        | Win Rate (Last 50):  52.0% | Speed: 6,199 steps/s (117 fights/min) | Elapsed: 2728.5s
Battles: 5325/7800 | Vs: nigo     | Win Rate (Last 50):  52.0% | Speed: 6,199 steps/s (117 fights/min) | Elapsed: 2729.7s
Battles: 5327/7800 | Vs: riderman | Win Rate (Last 50):  50.0% | Speed: 6,199 steps/s (117 fights/min) | Elapsed: 2730.8s
Battles: 5329/7800 | Vs: amazon   | Win Rate (Last 50):  50.0% | Speed: 6,198 steps/s (117 fights/min) | Elapsed: 2731.9s
Battles: 5331/7800 | Vs: v3       | Win Rate (Last 50):  52.0% | Speed: 6,198 steps/s (117 fights/min) | Elapsed: 2733.1s
Battles: 5333/7800 | Vs: x        | Win Rate (Last 50):  52.0% | Speed: 6,197 steps/s (117 fights/min) | Elapsed: 2734.3s
Battles: 5335/7800 | Vs: nigo     | Win Rate (Last 50):  52.0% | Speed: 6,197 steps/s (117 fights/min) | Elapsed: 2735.4s
Battles: 5337/7800 | Vs: riderman | Win Rate (Last 50):  56.0% | Speed: 6,196 steps/s (117 fights/min) | Elapsed: 2736.7s
Battles: 5339/7800 | Vs: amazon   | Win Rate (Last 50):  56.0% | Speed: 6,196 steps/s (117 fights/min) | Elapsed: 2737.8s
Battles: 5341/7800 | Vs: v3       | Win Rate (Last 50):  60.0% | Speed: 6,195 steps/s (116 fights/min) | Elapsed: 2739.1s
Battles: 5343/7800 | Vs: x        | Win Rate (Last 50):  60.0% | Speed: 6,195 steps/s (116 fights/min) | Elapsed: 2740.2s
Battles: 5345/7800 | Vs: nigo     | Win Rate (Last 50):  62.0% | Speed: 6,194 steps/s (116 fights/min) | Elapsed: 2741.5s
Battles: 5347/7800 | Vs: riderman | Win Rate (Last 50):  64.0% | Speed: 6,194 steps/s (116 fights/min) | Elapsed: 2742.8s
Battles: 5349/7800 | Vs: amazon   | Win Rate (Last 50):  66.0% | Speed: 6,194 steps/s (116 fights/min) | Elapsed: 2743.9s
Battles: 5351/7800 | Vs: v3       | Win Rate (Last 50):  66.0% | Speed: 6,193 steps/s (116 fights/min) | Elapsed: 2745.1s
Battles: 5353/7800 | Vs: x        | Win Rate (Last 50):  68.0% | Speed: 6,193 steps/s (116 fights/min) | Elapsed: 2746.2s
Battles: 5355/7800 | Vs: nigo     | Win Rate (Last 50):  64.0% | Speed: 6,192 steps/s (116 fights/min) | Elapsed: 2747.3s
Battles: 5357/7800 | Vs: riderman | Win Rate (Last 50):  64.0% | Speed: 6,191 steps/s (116 fights/min) | Elapsed: 2748.6s
Battles: 5359/7800 | Vs: amazon   | Win Rate (Last 50):  62.0% | Speed: 6,191 steps/s (116 fights/min) | Elapsed: 2749.6s
Battles: 5361/7800 | Vs: v3       | Win Rate (Last 50):  62.0% | Speed: 6,191 steps/s (116 fights/min) | Elapsed: 2750.8s
Battles: 5363/7800 | Vs: x        | Win Rate (Last 50):  62.0% | Speed: 6,190 steps/s (116 fights/min) | Elapsed: 2751.9s
Battles: 5365/7800 | Vs: nigo     | Win Rate (Last 50):  60.0% | Speed: 6,190 steps/s (116 fights/min) | Elapsed: 2752.9s
Battles: 5367/7800 | Vs: riderman | Win Rate (Last 50):  62.0% | Speed: 6,189 steps/s (116 fights/min) | Elapsed: 2754.1s
Battles: 5370/7800 | Vs: nigo     | Win Rate (Last 50):  62.0% | Speed: 6,189 steps/s (116 fights/min) | Elapsed: 2755.6s
Battles: 5372/7800 | Vs: riderman | Win Rate (Last 50):  62.0% | Speed: 6,188 steps/s (116 fights/min) | Elapsed: 2756.8s
Battles: 5374/7800 | Vs: amazon   | Win Rate (Last 50):  62.0% | Speed: 6,188 steps/s (116 fights/min) | Elapsed: 2758.0s
Battles: 5376/7800 | Vs: v3       | Win Rate (Last 50):  64.0% | Speed: 6,187 steps/s (116 fights/min) | Elapsed: 2759.3s
Battles: 5378/7800 | Vs: x        | Win Rate (Last 50):  62.0% | Speed: 6,187 steps/s (116 fights/min) | Elapsed: 2760.4s
Battles: 5380/7800 | Vs: nigo     | Win Rate (Last 50):  64.0% | Speed: 6,186 steps/s (116 fights/min) | Elapsed: 2761.6s
Battles: 5382/7800 | Vs: riderman | Win Rate (Last 50):  64.0% | Speed: 6,186 steps/s (116 fights/min) | Elapsed: 2762.7s
Battles: 5384/7800 | Vs: amazon   | Win Rate (Last 50):  64.0% | Speed: 6,185 steps/s (116 fights/min) | Elapsed: 2763.9s
Battles: 5386/7800 | Vs: v3       | Win Rate (Last 50):  66.0% | Speed: 6,185 steps/s (116 fights/min) | Elapsed: 2765.0s
Battles: 5388/7800 | Vs: x        | Win Rate (Last 50):  68.0% | Speed: 6,185 steps/s (116 fights/min) | Elapsed: 2766.1s
Battles: 5390/7800 | Vs: nigo     | Win Rate (Last 50):  68.0% | Speed: 6,184 steps/s (116 fights/min) | Elapsed: 2767.2s
Battles: 5392/7800 | Vs: riderman | Win Rate (Last 50):  68.0% | Speed: 6,184 steps/s (116 fights/min) | Elapsed: 2768.5s
Battles: 5394/7800 | Vs: amazon   | Win Rate (Last 50):  70.0% | Speed: 6,183 steps/s (116 fights/min) | Elapsed: 2769.6s
Battles: 5396/7800 | Vs: v3       | Win Rate (Last 50):  72.0% | Speed: 6,183 steps/s (116 fights/min) | Elapsed: 2770.9s
Battles: 5398/7800 | Vs: x        | Win Rate (Last 50):  70.0% | Speed: 6,183 steps/s (116 fights/min) | Elapsed: 2772.1s
Battles: 5400/7800 | Vs: nigo     | Win Rate (Last 50):  68.0% | Speed: 6,182 steps/s (116 fights/min) | Elapsed: 2773.1s
Battles: 5402/7800 | Vs: riderman | Win Rate (Last 50):  68.0% | Speed: 6,181 steps/s (116 fights/min) | Elapsed: 2774.4s
Battles: 5404/7800 | Vs: amazon   | Win Rate (Last 50):  70.0% | Speed: 6,181 steps/s (116 fights/min) | Elapsed: 2775.4s
Battles: 5406/7800 | Vs: v3       | Win Rate (Last 50):  74.0% | Speed: 6,181 steps/s (116 fights/min) | Elapsed: 2776.5s
Battles: 5408/7800 | Vs: x        | Win Rate (Last 50):  78.0% | Speed: 6,181 steps/s (116 fights/min) | Elapsed: 2777.5s
Battles: 5410/7800 | Vs: nigo     | Win Rate (Last 50):  80.0% | Speed: 6,180 steps/s (116 fights/min) | Elapsed: 2778.7s
Battles: 5412/7800 | Vs: riderman | Win Rate (Last 50):  78.0% | Speed: 6,179 steps/s (116 fights/min) | Elapsed: 2780.2s
Battles: 5414/7800 | Vs: amazon   | Win Rate (Last 50):  76.0% | Speed: 6,179 steps/s (116 fights/min) | Elapsed: 2781.3s
Battles: 5416/7800 | Vs: v3       | Win Rate (Last 50):  76.0% | Speed: 6,178 steps/s (116 fights/min) | Elapsed: 2782.6s
Battles: 5418/7800 | Vs: x        | Win Rate (Last 50):  76.0% | Speed: 6,178 steps/s (116 fights/min) | Elapsed: 2784.0s
Battles: 5420/7800 | Vs: nigo     | Win Rate (Last 50):  76.0% | Speed: 6,177 steps/s (116 fights/min) | Elapsed: 2785.1s
Battles: 5422/7800 | Vs: riderman | Win Rate (Last 50):  78.0% | Speed: 6,177 steps/s (116 fights/min) | Elapsed: 2786.3s
Battles: 5424/7800 | Vs: amazon   | Win Rate (Last 50):  78.0% | Speed: 6,177 steps/s (116 fights/min) | Elapsed: 2787.4s
Battles: 5426/7800 | Vs: v3       | Win Rate (Last 50):  76.0% | Speed: 6,176 steps/s (116 fights/min) | Elapsed: 2788.6s
Battles: 5428/7800 | Vs: x        | Win Rate (Last 50):  78.0% | Speed: 6,175 steps/s (116 fights/min) | Elapsed: 2789.9s
Battles: 5430/7800 | Vs: nigo     | Win Rate (Last 50):  76.0% | Speed: 6,175 steps/s (116 fights/min) | Elapsed: 2791.0s
Battles: 5432/7800 | Vs: riderman | Win Rate (Last 50):  72.0% | Speed: 6,175 steps/s (116 fights/min) | Elapsed: 2792.2s
Battles: 5435/7800 | Vs: nigo     | Win Rate (Last 50):  68.0% | Speed: 6,174 steps/s (116 fights/min) | Elapsed: 2793.8s
Battles: 5437/7800 | Vs: riderman | Win Rate (Last 50):  66.0% | Speed: 6,173 steps/s (116 fights/min) | Elapsed: 2795.1s
Battles: 5439/7800 | Vs: amazon   | Win Rate (Last 50):  64.0% | Speed: 6,173 steps/s (116 fights/min) | Elapsed: 2796.2s
Battles: 5441/7800 | Vs: v3       | Win Rate (Last 50):  62.0% | Speed: 6,173 steps/s (116 fights/min) | Elapsed: 2797.6s
Battles: 5443/7800 | Vs: x        | Win Rate (Last 50):  62.0% | Speed: 6,172 steps/s (116 fights/min) | Elapsed: 2798.8s
Battles: 5445/7800 | Vs: nigo     | Win Rate (Last 50):  60.0% | Speed: 6,172 steps/s (116 fights/min) | Elapsed: 2800.0s
Battles: 5447/7800 | Vs: riderman | Win Rate (Last 50):  58.0% | Speed: 6,171 steps/s (116 fights/min) | Elapsed: 2801.3s
Battles: 5449/7800 | Vs: amazon   | Win Rate (Last 50):  60.0% | Speed: 6,171 steps/s (116 fights/min) | Elapsed: 2802.3s
Battles: 5451/7800 | Vs: v3       | Win Rate (Last 50):  64.0% | Speed: 6,170 steps/s (116 fights/min) | Elapsed: 2803.4s
Battles: 5453/7800 | Vs: x        | Win Rate (Last 50):  60.0% | Speed: 6,170 steps/s (116 fights/min) | Elapsed: 2804.6s
Battles: 5455/7800 | Vs: nigo     | Win Rate (Last 50):  58.0% | Speed: 6,169 steps/s (116 fights/min) | Elapsed: 2805.6s
Battles: 5457/7800 | Vs: riderman | Win Rate (Last 50):  58.0% | Speed: 6,169 steps/s (116 fights/min) | Elapsed: 2806.7s
Battles: 5459/7800 | Vs: amazon   | Win Rate (Last 50):  58.0% | Speed: 6,169 steps/s (116 fights/min) | Elapsed: 2807.7s
Battles: 5461/7800 | Vs: v3       | Win Rate (Last 50):  60.0% | Speed: 6,168 steps/s (116 fights/min) | Elapsed: 2808.9s
Battles: 5463/7800 | Vs: x        | Win Rate (Last 50):  62.0% | Speed: 6,168 steps/s (116 fights/min) | Elapsed: 2810.3s
Battles: 5465/7800 | Vs: nigo     | Win Rate (Last 50):  64.0% | Speed: 6,167 steps/s (116 fights/min) | Elapsed: 2811.3s
Battles: 5467/7800 | Vs: riderman | Win Rate (Last 50):  64.0% | Speed: 6,167 steps/s (116 fights/min) | Elapsed: 2812.4s
Battles: 5469/7800 | Vs: amazon   | Win Rate (Last 50):  66.0% | Speed: 6,166 steps/s (116 fights/min) | Elapsed: 2813.4s
Battles: 5471/7800 | Vs: v3       | Win Rate (Last 50):  66.0% | Speed: 6,166 steps/s (116 fights/min) | Elapsed: 2814.7s
Battles: 5473/7800 | Vs: x        | Win Rate (Last 50):  62.0% | Speed: 6,166 steps/s (116 fights/min) | Elapsed: 2815.9s
Battles: 5475/7800 | Vs: nigo     | Win Rate (Last 50):  64.0% | Speed: 6,165 steps/s (116 fights/min) | Elapsed: 2817.2s
Battles: 5477/7800 | Vs: riderman | Win Rate (Last 50):  66.0% | Speed: 6,164 steps/s (116 fights/min) | Elapsed: 2818.4s
Battles: 5479/7800 | Vs: amazon   | Win Rate (Last 50):  64.0% | Speed: 6,164 steps/s (116 fights/min) | Elapsed: 2819.5s
Battles: 5481/7800 | Vs: v3       | Win Rate (Last 50):  64.0% | Speed: 6,163 steps/s (116 fights/min) | Elapsed: 2820.7s
Battles: 5483/7800 | Vs: x        | Win Rate (Last 50):  66.0% | Speed: 6,163 steps/s (116 fights/min) | Elapsed: 2821.8s
Battles: 5485/7800 | Vs: nigo     | Win Rate (Last 50):  68.0% | Speed: 6,162 steps/s (116 fights/min) | Elapsed: 2823.0s
Battles: 5487/7800 | Vs: riderman | Win Rate (Last 50):  68.0% | Speed: 6,162 steps/s (116 fights/min) | Elapsed: 2824.1s
Battles: 5489/7800 | Vs: amazon   | Win Rate (Last 50):  68.0% | Speed: 6,162 steps/s (116 fights/min) | Elapsed: 2825.3s
Battles: 5491/7800 | Vs: v3       | Win Rate (Last 50):  68.0% | Speed: 6,161 steps/s (116 fights/min) | Elapsed: 2826.5s
Battles: 5493/7800 | Vs: x        | Win Rate (Last 50):  68.0% | Speed: 6,161 steps/s (116 fights/min) | Elapsed: 2827.9s
Battles: 5495/7800 | Vs: nigo     | Win Rate (Last 50):  68.0% | Speed: 6,160 steps/s (116 fights/min) | Elapsed: 2829.0s
Battles: 5497/7800 | Vs: riderman | Win Rate (Last 50):  68.0% | Speed: 6,160 steps/s (116 fights/min) | Elapsed: 2830.3s
Battles: 5499/7800 | Vs: amazon   | Win Rate (Last 50):  68.0% | Speed: 6,159 steps/s (116 fights/min) | Elapsed: 2831.3s
Battles: 5501/7800 | Vs: v3       | Win Rate (Last 50):  66.0% | Speed: 6,159 steps/s (116 fights/min) | Elapsed: 2832.5s
Battles: 5503/7800 | Vs: x        | Win Rate (Last 50):  68.0% | Speed: 6,158 steps/s (116 fights/min) | Elapsed: 2833.7s
Battles: 5505/7800 | Vs: nigo     | Win Rate (Last 50):  68.0% | Speed: 6,158 steps/s (116 fights/min) | Elapsed: 2835.0s
Battles: 5507/7800 | Vs: riderman | Win Rate (Last 50):  66.0% | Speed: 6,158 steps/s (116 fights/min) | Elapsed: 2836.1s
Battles: 5510/7800 | Vs: nigo     | Win Rate (Last 50):  66.0% | Speed: 6,157 steps/s (116 fights/min) | Elapsed: 2837.7s
Battles: 5512/7800 | Vs: riderman | Win Rate (Last 50):  68.0% | Speed: 6,156 steps/s (116 fights/min) | Elapsed: 2839.0s
Battles: 5514/7800 | Vs: amazon   | Win Rate (Last 50):  68.0% | Speed: 6,156 steps/s (116 fights/min) | Elapsed: 2840.2s
Battles: 5516/7800 | Vs: v3       | Win Rate (Last 50):  66.0% | Speed: 6,155 steps/s (116 fights/min) | Elapsed: 2841.4s
Battles: 5518/7800 | Vs: x        | Win Rate (Last 50):  64.0% | Speed: 6,155 steps/s (116 fights/min) | Elapsed: 2842.6s
Battles: 5520/7800 | Vs: nigo     | Win Rate (Last 50):  62.0% | Speed: 6,155 steps/s (116 fights/min) | Elapsed: 2843.7s
Battles: 5522/7800 | Vs: riderman | Win Rate (Last 50):  62.0% | Speed: 6,154 steps/s (116 fights/min) | Elapsed: 2845.0s
Battles: 5524/7800 | Vs: amazon   | Win Rate (Last 50):  62.0% | Speed: 6,154 steps/s (116 fights/min) | Elapsed: 2846.1s
Battles: 5527/7800 | Vs: riderman | Win Rate (Last 50):  62.0% | Speed: 6,153 steps/s (116 fights/min) | Elapsed: 2847.6s
Battles: 5529/7800 | Vs: amazon   | Win Rate (Last 50):  62.0% | Speed: 6,153 steps/s (116 fights/min) | Elapsed: 2848.8s
Battles: 5531/7800 | Vs: v3       | Win Rate (Last 50):  66.0% | Speed: 6,152 steps/s (116 fights/min) | Elapsed: 2850.1s
Battles: 5533/7800 | Vs: x        | Win Rate (Last 50):  66.0% | Speed: 6,152 steps/s (116 fights/min) | Elapsed: 2851.3s
Battles: 5535/7800 | Vs: nigo     | Win Rate (Last 50):  66.0% | Speed: 6,151 steps/s (116 fights/min) | Elapsed: 2852.4s
Battles: 5537/7800 | Vs: riderman | Win Rate (Last 50):  66.0% | Speed: 6,151 steps/s (116 fights/min) | Elapsed: 2853.6s
Battles: 5539/7800 | Vs: amazon   | Win Rate (Last 50):  68.0% | Speed: 6,151 steps/s (116 fights/min) | Elapsed: 2854.7s
Battles: 5541/7800 | Vs: v3       | Win Rate (Last 50):  68.0% | Speed: 6,150 steps/s (116 fights/min) | Elapsed: 2856.0s
Battles: 5543/7800 | Vs: x        | Win Rate (Last 50):  66.0% | Speed: 6,150 steps/s (116 fights/min) | Elapsed: 2857.1s
Battles: 5545/7800 | Vs: nigo     | Win Rate (Last 50):  66.0% | Speed: 6,149 steps/s (116 fights/min) | Elapsed: 2858.1s
Battles: 5547/7800 | Vs: riderman | Win Rate (Last 50):  66.0% | Speed: 6,149 steps/s (116 fights/min) | Elapsed: 2859.3s
Battles: 5549/7800 | Vs: amazon   | Win Rate (Last 50):  66.0% | Speed: 6,149 steps/s (116 fights/min) | Elapsed: 2860.3s
Battles: 5551/7800 | Vs: v3       | Win Rate (Last 50):  68.0% | Speed: 6,148 steps/s (116 fights/min) | Elapsed: 2861.7s
Battles: 5553/7800 | Vs: x        | Win Rate (Last 50):  70.0% | Speed: 6,147 steps/s (116 fights/min) | Elapsed: 2862.8s
Battles: 5555/7800 | Vs: nigo     | Win Rate (Last 50):  70.0% | Speed: 6,147 steps/s (116 fights/min) | Elapsed: 2863.8s
Battles: 5557/7800 | Vs: riderman | Win Rate (Last 50):  70.0% | Speed: 6,147 steps/s (116 fights/min) | Elapsed: 2865.1s
Battles: 5559/7800 | Vs: amazon   | Win Rate (Last 50):  70.0% | Speed: 6,146 steps/s (116 fights/min) | Elapsed: 2866.3s
Battles: 5561/7800 | Vs: v3       | Win Rate (Last 50):  70.0% | Speed: 6,146 steps/s (116 fights/min) | Elapsed: 2867.5s
Battles: 5563/7800 | Vs: x        | Win Rate (Last 50):  68.0% | Speed: 6,145 steps/s (116 fights/min) | Elapsed: 2868.5s
Battles: 5565/7800 | Vs: nigo     | Win Rate (Last 50):  70.0% | Speed: 6,145 steps/s (116 fights/min) | Elapsed: 2869.5s
Battles: 5567/7800 | Vs: riderman | Win Rate (Last 50):  70.0% | Speed: 6,145 steps/s (116 fights/min) | Elapsed: 2870.7s
Battles: 5569/7800 | Vs: amazon   | Win Rate (Last 50):  72.0% | Speed: 6,144 steps/s (116 fights/min) | Elapsed: 2871.8s
Battles: 5571/7800 | Vs: v3       | Win Rate (Last 50):  76.0% | Speed: 6,144 steps/s (116 fights/min) | Elapsed: 2873.1s
Battles: 5573/7800 | Vs: x        | Win Rate (Last 50):  80.0% | Speed: 6,143 steps/s (116 fights/min) | Elapsed: 2874.1s
Battles: 5576/7800 | Vs: v3       | Win Rate (Last 50):  76.0% | Speed: 6,143 steps/s (116 fights/min) | Elapsed: 2875.7s
Battles: 5578/7800 | Vs: x        | Win Rate (Last 50):  76.0% | Speed: 6,142 steps/s (116 fights/min) | Elapsed: 2876.8s
Battles: 5580/7800 | Vs: nigo     | Win Rate (Last 50):  74.0% | Speed: 6,142 steps/s (116 fights/min) | Elapsed: 2877.9s
Battles: 5582/7800 | Vs: riderman | Win Rate (Last 50):  74.0% | Speed: 6,142 steps/s (116 fights/min) | Elapsed: 2879.0s
Battles: 5584/7800 | Vs: amazon   | Win Rate (Last 50):  74.0% | Speed: 6,141 steps/s (116 fights/min) | Elapsed: 2880.1s
Battles: 5586/7800 | Vs: v3       | Win Rate (Last 50):  74.0% | Speed: 6,141 steps/s (116 fights/min) | Elapsed: 2881.3s
Battles: 5588/7800 | Vs: x        | Win Rate (Last 50):  76.0% | Speed: 6,140 steps/s (116 fights/min) | Elapsed: 2882.6s
Battles: 5590/7800 | Vs: nigo     | Win Rate (Last 50):  76.0% | Speed: 6,140 steps/s (116 fights/min) | Elapsed: 2883.7s
Battles: 5593/7800 | Vs: x        | Win Rate (Last 50):  76.0% | Speed: 6,139 steps/s (116 fights/min) | Elapsed: 2885.2s
Battles: 5595/7800 | Vs: nigo     | Win Rate (Last 50):  76.0% | Speed: 6,139 steps/s (116 fights/min) | Elapsed: 2886.4s
Battles: 5597/7800 | Vs: riderman | Win Rate (Last 50):  76.0% | Speed: 6,138 steps/s (116 fights/min) | Elapsed: 2887.6s
Battles: 5599/7800 | Vs: amazon   | Win Rate (Last 50):  74.0% | Speed: 6,138 steps/s (116 fights/min) | Elapsed: 2888.6s
Battles: 5601/7800 | Vs: v3       | Win Rate (Last 50):  70.0% | Speed: 6,137 steps/s (116 fights/min) | Elapsed: 2889.9s
Battles: 5603/7800 | Vs: x        | Win Rate (Last 50):  68.0% | Speed: 6,137 steps/s (116 fights/min) | Elapsed: 2891.1s
Battles: 5606/7800 | Vs: v3       | Win Rate (Last 50):  68.0% | Speed: 6,136 steps/s (116 fights/min) | Elapsed: 2892.8s
Battles: 5608/7800 | Vs: x        | Win Rate (Last 50):  66.0% | Speed: 6,136 steps/s (116 fights/min) | Elapsed: 2893.9s
Battles: 5610/7800 | Vs: nigo     | Win Rate (Last 50):  66.0% | Speed: 6,135 steps/s (116 fights/min) | Elapsed: 2895.0s
Battles: 5612/7800 | Vs: riderman | Win Rate (Last 50):  66.0% | Speed: 6,135 steps/s (116 fights/min) | Elapsed: 2896.2s
Battles: 5614/7800 | Vs: amazon   | Win Rate (Last 50):  68.0% | Speed: 6,134 steps/s (116 fights/min) | Elapsed: 2897.2s
Battles: 5616/7800 | Vs: v3       | Win Rate (Last 50):  64.0% | Speed: 6,134 steps/s (116 fights/min) | Elapsed: 2898.6s
Battles: 5619/7800 | Vs: amazon   | Win Rate (Last 50):  64.0% | Speed: 6,133 steps/s (116 fights/min) | Elapsed: 2900.1s
Battles: 5621/7800 | Vs: v3       | Win Rate (Last 50):  64.0% | Speed: 6,133 steps/s (116 fights/min) | Elapsed: 2901.3s
Battles: 5623/7800 | Vs: x        | Win Rate (Last 50):  64.0% | Speed: 6,133 steps/s (116 fights/min) | Elapsed: 2902.4s
Battles: 5625/7800 | Vs: nigo     | Win Rate (Last 50):  66.0% | Speed: 6,132 steps/s (116 fights/min) | Elapsed: 2903.6s
Battles: 5627/7800 | Vs: riderman | Win Rate (Last 50):  66.0% | Speed: 6,132 steps/s (116 fights/min) | Elapsed: 2904.8s
Battles: 5629/7800 | Vs: amazon   | Win Rate (Last 50):  68.0% | Speed: 6,131 steps/s (116 fights/min) | Elapsed: 2906.0s
Battles: 5631/7800 | Vs: v3       | Win Rate (Last 50):  70.0% | Speed: 6,131 steps/s (116 fights/min) | Elapsed: 2907.2s
Battles: 5633/7800 | Vs: x        | Win Rate (Last 50):  72.0% | Speed: 6,130 steps/s (116 fights/min) | Elapsed: 2908.3s
Battles: 5635/7800 | Vs: nigo     | Win Rate (Last 50):  70.0% | Speed: 6,130 steps/s (116 fights/min) | Elapsed: 2909.3s
Battles: 5637/7800 | Vs: riderman | Win Rate (Last 50):  68.0% | Speed: 6,130 steps/s (116 fights/min) | Elapsed: 2910.5s
Battles: 5639/7800 | Vs: amazon   | Win Rate (Last 50):  68.0% | Speed: 6,129 steps/s (116 fights/min) | Elapsed: 2911.6s
Battles: 5641/7800 | Vs: v3       | Win Rate (Last 50):  70.0% | Speed: 6,129 steps/s (116 fights/min) | Elapsed: 2912.8s
Battles: 5643/7800 | Vs: x        | Win Rate (Last 50):  70.0% | Speed: 6,128 steps/s (116 fights/min) | Elapsed: 2914.1s
Battles: 5646/7800 | Vs: v3       | Win Rate (Last 50):  74.0% | Speed: 6,128 steps/s (116 fights/min) | Elapsed: 2915.7s
Battles: 5648/7800 | Vs: x        | Win Rate (Last 50):  74.0% | Speed: 6,127 steps/s (116 fights/min) | Elapsed: 2917.1s
Battles: 5651/7800 | Vs: v3       | Win Rate (Last 50):  78.0% | Speed: 6,126 steps/s (116 fights/min) | Elapsed: 2918.6s
Battles: 5653/7800 | Vs: x        | Win Rate (Last 50):  78.0% | Speed: 6,126 steps/s (116 fights/min) | Elapsed: 2919.7s
Battles: 5655/7800 | Vs: nigo     | Win Rate (Last 50):  80.0% | Speed: 6,126 steps/s (116 fights/min) | Elapsed: 2920.8s
Battles: 5657/7800 | Vs: riderman | Win Rate (Last 50):  82.0% | Speed: 6,125 steps/s (116 fights/min) | Elapsed: 2922.0s
Battles: 5659/7800 | Vs: amazon   | Win Rate (Last 50):  80.0% | Speed: 6,125 steps/s (116 fights/min) | Elapsed: 2923.3s
Battles: 5661/7800 | Vs: v3       | Win Rate (Last 50):  80.0% | Speed: 6,124 steps/s (116 fights/min) | Elapsed: 2924.5s
Battles: 5663/7800 | Vs: x        | Win Rate (Last 50):  80.0% | Speed: 6,124 steps/s (116 fights/min) | Elapsed: 2925.6s
Battles: 5665/7800 | Vs: nigo     | Win Rate (Last 50):  80.0% | Speed: 6,123 steps/s (116 fights/min) | Elapsed: 2926.7s
Battles: 5667/7800 | Vs: riderman | Win Rate (Last 50):  82.0% | Speed: 6,123 steps/s (116 fights/min) | Elapsed: 2928.0s
Battles: 5670/7800 | Vs: nigo     | Win Rate (Last 50):  80.0% | Speed: 6,122 steps/s (116 fights/min) | Elapsed: 2929.4s
Battles: 5672/7800 | Vs: riderman | Win Rate (Last 50):  78.0% | Speed: 6,122 steps/s (116 fights/min) | Elapsed: 2930.5s
Battles: 5674/7800 | Vs: amazon   | Win Rate (Last 50):  78.0% | Speed: 6,122 steps/s (116 fights/min) | Elapsed: 2931.6s
Battles: 5676/7800 | Vs: v3       | Win Rate (Last 50):  76.0% | Speed: 6,121 steps/s (116 fights/min) | Elapsed: 2932.8s
Battles: 5678/7800 | Vs: x        | Win Rate (Last 50):  78.0% | Speed: 6,121 steps/s (116 fights/min) | Elapsed: 2934.0s
Battles: 5680/7800 | Vs: nigo     | Win Rate (Last 50):  76.0% | Speed: 6,120 steps/s (116 fights/min) | Elapsed: 2935.1s
Battles: 5682/7800 | Vs: riderman | Win Rate (Last 50):  76.0% | Speed: 6,120 steps/s (116 fights/min) | Elapsed: 2936.1s
Battles: 5684/7800 | Vs: amazon   | Win Rate (Last 50):  74.0% | Speed: 6,119 steps/s (116 fights/min) | Elapsed: 2937.2s
Battles: 5686/7800 | Vs: v3       | Win Rate (Last 50):  78.0% | Speed: 6,119 steps/s (116 fights/min) | Elapsed: 2938.2s
Battles: 5688/7800 | Vs: x        | Win Rate (Last 50):  78.0% | Speed: 6,119 steps/s (116 fights/min) | Elapsed: 2939.5s
Battles: 5690/7800 | Vs: nigo     | Win Rate (Last 50):  78.0% | Speed: 6,118 steps/s (116 fights/min) | Elapsed: 2940.5s
Battles: 5692/7800 | Vs: riderman | Win Rate (Last 50):  76.0% | Speed: 6,118 steps/s (116 fights/min) | Elapsed: 2941.7s
Battles: 5694/7800 | Vs: amazon   | Win Rate (Last 50):  78.0% | Speed: 6,118 steps/s (116 fights/min) | Elapsed: 2942.9s
Battles: 5696/7800 | Vs: v3       | Win Rate (Last 50):  76.0% | Speed: 6,117 steps/s (116 fights/min) | Elapsed: 2944.1s
Battles: 5698/7800 | Vs: x        | Win Rate (Last 50):  76.0% | Speed: 6,116 steps/s (116 fights/min) | Elapsed: 2945.3s
Battles: 5700/7800 | Vs: nigo     | Win Rate (Last 50):  76.0% | Speed: 6,114 steps/s (116 fights/min) | Elapsed: 2947.1s
Battles: 5702/7800 | Vs: riderman | Win Rate (Last 50):  76.0% | Speed: 6,114 steps/s (116 fights/min) | Elapsed: 2948.3s
Battles: 5705/7800 | Vs: nigo     | Win Rate (Last 50):  74.0% | Speed: 6,113 steps/s (116 fights/min) | Elapsed: 2949.9s
Battles: 5707/7800 | Vs: riderman | Win Rate (Last 50):  74.0% | Speed: 6,113 steps/s (116 fights/min) | Elapsed: 2951.1s
Battles: 5709/7800 | Vs: amazon   | Win Rate (Last 50):  74.0% | Speed: 6,112 steps/s (116 fights/min) | Elapsed: 2952.3s
Battles: 5711/7800 | Vs: v3       | Win Rate (Last 50):  72.0% | Speed: 6,112 steps/s (116 fights/min) | Elapsed: 2953.4s
Battles: 5713/7800 | Vs: x        | Win Rate (Last 50):  72.0% | Speed: 6,111 steps/s (116 fights/min) | Elapsed: 2954.6s
Battles: 5715/7800 | Vs: nigo     | Win Rate (Last 50):  72.0% | Speed: 6,111 steps/s (116 fights/min) | Elapsed: 2955.9s
Battles: 5717/7800 | Vs: riderman | Win Rate (Last 50):  70.0% | Speed: 6,110 steps/s (115 fights/min) | Elapsed: 2957.2s
Battles: 5719/7800 | Vs: amazon   | Win Rate (Last 50):  70.0% | Speed: 6,110 steps/s (115 fights/min) | Elapsed: 2958.2s
Battles: 5721/7800 | Vs: v3       | Win Rate (Last 50):  72.0% | Speed: 6,109 steps/s (115 fights/min) | Elapsed: 2959.4s
Battles: 5723/7800 | Vs: x        | Win Rate (Last 50):  70.0% | Speed: 6,109 steps/s (115 fights/min) | Elapsed: 2960.5s
Battles: 5725/7800 | Vs: nigo     | Win Rate (Last 50):  70.0% | Speed: 6,108 steps/s (115 fights/min) | Elapsed: 2961.7s
Battles: 5727/7800 | Vs: riderman | Win Rate (Last 50):  70.0% | Speed: 6,108 steps/s (115 fights/min) | Elapsed: 2962.8s
Battles: 5729/7800 | Vs: amazon   | Win Rate (Last 50):  70.0% | Speed: 6,107 steps/s (115 fights/min) | Elapsed: 2963.9s
Battles: 5731/7800 | Vs: v3       | Win Rate (Last 50):  72.0% | Speed: 6,107 steps/s (115 fights/min) | Elapsed: 2965.2s
Battles: 5733/7800 | Vs: x        | Win Rate (Last 50):  74.0% | Speed: 6,106 steps/s (115 fights/min) | Elapsed: 2966.3s
Battles: 5735/7800 | Vs: nigo     | Win Rate (Last 50):  74.0% | Speed: 6,106 steps/s (115 fights/min) | Elapsed: 2967.5s
Battles: 5737/7800 | Vs: riderman | Win Rate (Last 50):  72.0% | Speed: 6,105 steps/s (115 fights/min) | Elapsed: 2968.7s
Battles: 5739/7800 | Vs: amazon   | Win Rate (Last 50):  70.0% | Speed: 6,105 steps/s (115 fights/min) | Elapsed: 2969.8s
Battles: 5741/7800 | Vs: v3       | Win Rate (Last 50):  72.0% | Speed: 6,105 steps/s (115 fights/min) | Elapsed: 2970.8s
Battles: 5743/7800 | Vs: x        | Win Rate (Last 50):  72.0% | Speed: 6,104 steps/s (115 fights/min) | Elapsed: 2971.9s
Battles: 5745/7800 | Vs: nigo     | Win Rate (Last 50):  72.0% | Speed: 6,104 steps/s (115 fights/min) | Elapsed: 2973.1s
Battles: 5747/7800 | Vs: riderman | Win Rate (Last 50):  70.0% | Speed: 6,103 steps/s (115 fights/min) | Elapsed: 2974.3s
Battles: 5749/7800 | Vs: amazon   | Win Rate (Last 50):  70.0% | Speed: 6,103 steps/s (115 fights/min) | Elapsed: 2975.6s
Battles: 5751/7800 | Vs: v3       | Win Rate (Last 50):  68.0% | Speed: 6,102 steps/s (115 fights/min) | Elapsed: 2976.8s
Battles: 5753/7800 | Vs: x        | Win Rate (Last 50):  68.0% | Speed: 6,101 steps/s (115 fights/min) | Elapsed: 2978.0s
Battles: 5755/7800 | Vs: nigo     | Win Rate (Last 50):  70.0% | Speed: 6,101 steps/s (115 fights/min) | Elapsed: 2979.3s
Battles: 5757/7800 | Vs: riderman | Win Rate (Last 50):  68.0% | Speed: 6,101 steps/s (115 fights/min) | Elapsed: 2980.5s
Battles: 5760/7800 | Vs: nigo     | Win Rate (Last 50):  72.0% | Speed: 6,100 steps/s (115 fights/min) | Elapsed: 2982.0s
Battles: 5762/7800 | Vs: riderman | Win Rate (Last 50):  70.0% | Speed: 6,100 steps/s (115 fights/min) | Elapsed: 2983.2s
Battles: 5764/7800 | Vs: amazon   | Win Rate (Last 50):  68.0% | Speed: 6,099 steps/s (115 fights/min) | Elapsed: 2984.3s
Battles: 5766/7800 | Vs: v3       | Win Rate (Last 50):  70.0% | Speed: 6,099 steps/s (115 fights/min) | Elapsed: 2985.6s
Battles: 5768/7800 | Vs: x        | Win Rate (Last 50):  68.0% | Speed: 6,098 steps/s (115 fights/min) | Elapsed: 2986.8s
Battles: 5770/7800 | Vs: nigo     | Win Rate (Last 50):  70.0% | Speed: 6,098 steps/s (115 fights/min) | Elapsed: 2987.9s
Battles: 5772/7800 | Vs: riderman | Win Rate (Last 50):  70.0% | Speed: 6,097 steps/s (115 fights/min) | Elapsed: 2989.2s
Battles: 5775/7800 | Vs: nigo     | Win Rate (Last 50):  72.0% | Speed: 6,097 steps/s (115 fights/min) | Elapsed: 2990.6s
Battles: 5777/7800 | Vs: riderman | Win Rate (Last 50):  70.0% | Speed: 6,096 steps/s (115 fights/min) | Elapsed: 2991.8s
Battles: 5780/7800 | Vs: nigo     | Win Rate (Last 50):  70.0% | Speed: 6,096 steps/s (115 fights/min) | Elapsed: 2993.4s
Battles: 5782/7800 | Vs: riderman | Win Rate (Last 50):  68.0% | Speed: 6,095 steps/s (115 fights/min) | Elapsed: 2994.6s
Battles: 5784/7800 | Vs: amazon   | Win Rate (Last 50):  68.0% | Speed: 6,095 steps/s (115 fights/min) | Elapsed: 2995.8s
Battles: 5786/7800 | Vs: v3       | Win Rate (Last 50):  70.0% | Speed: 6,094 steps/s (115 fights/min) | Elapsed: 2997.1s
Battles: 5788/7800 | Vs: x        | Win Rate (Last 50):  70.0% | Speed: 6,094 steps/s (115 fights/min) | Elapsed: 2998.3s
Battles: 5790/7800 | Vs: nigo     | Win Rate (Last 50):  70.0% | Speed: 6,093 steps/s (115 fights/min) | Elapsed: 2999.3s
Battles: 5792/7800 | Vs: riderman | Win Rate (Last 50):  70.0% | Speed: 6,093 steps/s (115 fights/min) | Elapsed: 3000.5s
Battles: 5794/7800 | Vs: amazon   | Win Rate (Last 50):  68.0% | Speed: 6,093 steps/s (115 fights/min) | Elapsed: 3001.7s
Battles: 5796/7800 | Vs: v3       | Win Rate (Last 50):  66.0% | Speed: 6,092 steps/s (115 fights/min) | Elapsed: 3003.0s
Battles: 5798/7800 | Vs: x        | Win Rate (Last 50):  68.0% | Speed: 6,092 steps/s (115 fights/min) | Elapsed: 3004.3s
Battles: 5800/7800 | Vs: nigo     | Win Rate (Last 50):  66.0% | Speed: 6,091 steps/s (115 fights/min) | Elapsed: 3005.3s
Battles: 5802/7800 | Vs: riderman | Win Rate (Last 50):  68.0% | Speed: 6,091 steps/s (115 fights/min) | Elapsed: 3006.4s
Battles: 5804/7800 | Vs: amazon   | Win Rate (Last 50):  68.0% | Speed: 6,090 steps/s (115 fights/min) | Elapsed: 3007.5s
Battles: 5806/7800 | Vs: v3       | Win Rate (Last 50):  68.0% | Speed: 6,090 steps/s (115 fights/min) | Elapsed: 3008.6s
Battles: 5808/7800 | Vs: x        | Win Rate (Last 50):  70.0% | Speed: 6,090 steps/s (115 fights/min) | Elapsed: 3009.7s
Battles: 5810/7800 | Vs: nigo     | Win Rate (Last 50):  68.0% | Speed: 6,089 steps/s (115 fights/min) | Elapsed: 3010.9s
Battles: 5812/7800 | Vs: riderman | Win Rate (Last 50):  70.0% | Speed: 6,089 steps/s (115 fights/min) | Elapsed: 3012.1s
Battles: 5814/7800 | Vs: amazon   | Win Rate (Last 50):  72.0% | Speed: 6,088 steps/s (115 fights/min) | Elapsed: 3013.3s
Battles: 5816/7800 | Vs: v3       | Win Rate (Last 50):  72.0% | Speed: 6,088 steps/s (115 fights/min) | Elapsed: 3014.6s
Battles: 5818/7800 | Vs: x        | Win Rate (Last 50):  74.0% | Speed: 6,088 steps/s (115 fights/min) | Elapsed: 3015.8s
Battles: 5820/7800 | Vs: nigo     | Win Rate (Last 50):  72.0% | Speed: 6,087 steps/s (115 fights/min) | Elapsed: 3017.0s
Battles: 5822/7800 | Vs: riderman | Win Rate (Last 50):  72.0% | Speed: 6,086 steps/s (115 fights/min) | Elapsed: 3018.2s
Battles: 5824/7800 | Vs: amazon   | Win Rate (Last 50):  70.0% | Speed: 6,086 steps/s (115 fights/min) | Elapsed: 3019.2s
Battles: 5826/7800 | Vs: v3       | Win Rate (Last 50):  68.0% | Speed: 6,086 steps/s (115 fights/min) | Elapsed: 3020.4s
Battles: 5828/7800 | Vs: x        | Win Rate (Last 50):  70.0% | Speed: 6,085 steps/s (115 fights/min) | Elapsed: 3021.5s
Battles: 5830/7800 | Vs: nigo     | Win Rate (Last 50):  70.0% | Speed: 6,085 steps/s (115 fights/min) | Elapsed: 3022.7s
Battles: 5832/7800 | Vs: riderman | Win Rate (Last 50):  72.0% | Speed: 6,084 steps/s (115 fights/min) | Elapsed: 3023.7s
Battles: 5835/7800 | Vs: nigo     | Win Rate (Last 50):  72.0% | Speed: 6,084 steps/s (115 fights/min) | Elapsed: 3025.3s
Battles: 5837/7800 | Vs: riderman | Win Rate (Last 50):  72.0% | Speed: 6,083 steps/s (115 fights/min) | Elapsed: 3026.5s
Battles: 5839/7800 | Vs: amazon   | Win Rate (Last 50):  74.0% | Speed: 6,083 steps/s (115 fights/min) | Elapsed: 3027.6s
Battles: 5841/7800 | Vs: v3       | Win Rate (Last 50):  72.0% | Speed: 6,082 steps/s (115 fights/min) | Elapsed: 3028.9s
Battles: 5843/7800 | Vs: x        | Win Rate (Last 50):  72.0% | Speed: 6,082 steps/s (115 fights/min) | Elapsed: 3030.1s
Battles: 5846/7800 | Vs: v3       | Win Rate (Last 50):  74.0% | Speed: 6,082 steps/s (115 fights/min) | Elapsed: 3031.7s
Battles: 5848/7800 | Vs: x        | Win Rate (Last 50):  76.0% | Speed: 6,081 steps/s (115 fights/min) | Elapsed: 3032.8s
Battles: 5850/7800 | Vs: nigo     | Win Rate (Last 50):  78.0% | Speed: 6,081 steps/s (115 fights/min) | Elapsed: 3034.1s
Battles: 5852/7800 | Vs: riderman | Win Rate (Last 50):  76.0% | Speed: 6,080 steps/s (115 fights/min) | Elapsed: 3035.2s
Battles: 5855/7800 | Vs: nigo     | Win Rate (Last 50):  78.0% | Speed: 6,080 steps/s (115 fights/min) | Elapsed: 3036.9s
Battles: 5857/7800 | Vs: riderman | Win Rate (Last 50):  78.0% | Speed: 6,079 steps/s (115 fights/min) | Elapsed: 3038.0s
Battles: 5859/7800 | Vs: amazon   | Win Rate (Last 50):  78.0% | Speed: 6,079 steps/s (115 fights/min) | Elapsed: 3039.1s
Battles: 5861/7800 | Vs: v3       | Win Rate (Last 50):  80.0% | Speed: 6,078 steps/s (115 fights/min) | Elapsed: 3040.3s
Battles: 5863/7800 | Vs: x        | Win Rate (Last 50):  76.0% | Speed: 6,078 steps/s (115 fights/min) | Elapsed: 3041.5s
Battles: 5866/7800 | Vs: v3       | Win Rate (Last 50):  76.0% | Speed: 6,077 steps/s (115 fights/min) | Elapsed: 3043.1s
Battles: 5868/7800 | Vs: x        | Win Rate (Last 50):  74.0% | Speed: 6,077 steps/s (115 fights/min) | Elapsed: 3044.4s
Battles: 5870/7800 | Vs: nigo     | Win Rate (Last 50):  74.0% | Speed: 6,076 steps/s (115 fights/min) | Elapsed: 3045.5s
Battles: 5872/7800 | Vs: riderman | Win Rate (Last 50):  74.0% | Speed: 6,076 steps/s (115 fights/min) | Elapsed: 3046.5s
Battles: 5874/7800 | Vs: amazon   | Win Rate (Last 50):  76.0% | Speed: 6,075 steps/s (115 fights/min) | Elapsed: 3047.8s
Battles: 5876/7800 | Vs: v3       | Win Rate (Last 50):  78.0% | Speed: 6,075 steps/s (115 fights/min) | Elapsed: 3049.1s
Battles: 5878/7800 | Vs: x        | Win Rate (Last 50):  74.0% | Speed: 6,074 steps/s (115 fights/min) | Elapsed: 3050.3s
Battles: 5881/7800 | Vs: v3       | Win Rate (Last 50):  74.0% | Speed: 6,074 steps/s (115 fights/min) | Elapsed: 3051.7s
Battles: 5883/7800 | Vs: x        | Win Rate (Last 50):  72.0% | Speed: 6,074 steps/s (115 fights/min) | Elapsed: 3052.8s
Battles: 5885/7800 | Vs: nigo     | Win Rate (Last 50):  70.0% | Speed: 6,073 steps/s (115 fights/min) | Elapsed: 3053.9s
Battles: 5887/7800 | Vs: riderman | Win Rate (Last 50):  68.0% | Speed: 6,073 steps/s (115 fights/min) | Elapsed: 3055.0s
Battles: 5889/7800 | Vs: amazon   | Win Rate (Last 50):  66.0% | Speed: 6,073 steps/s (115 fights/min) | Elapsed: 3056.1s
Battles: 5891/7800 | Vs: v3       | Win Rate (Last 50):  66.0% | Speed: 6,072 steps/s (115 fights/min) | Elapsed: 3057.4s
Battles: 5893/7800 | Vs: x        | Win Rate (Last 50):  66.0% | Speed: 6,072 steps/s (115 fights/min) | Elapsed: 3058.6s
Battles: 5895/7800 | Vs: nigo     | Win Rate (Last 50):  66.0% | Speed: 6,071 steps/s (115 fights/min) | Elapsed: 3059.8s
Battles: 5897/7800 | Vs: riderman | Win Rate (Last 50):  66.0% | Speed: 6,071 steps/s (115 fights/min) | Elapsed: 3061.0s
Battles: 5899/7800 | Vs: amazon   | Win Rate (Last 50):  64.0% | Speed: 6,070 steps/s (115 fights/min) | Elapsed: 3062.2s
Battles: 5901/7800 | Vs: v3       | Win Rate (Last 50):  62.0% | Speed: 6,070 steps/s (115 fights/min) | Elapsed: 3063.4s
Battles: 5903/7800 | Vs: x        | Win Rate (Last 50):  62.0% | Speed: 6,069 steps/s (115 fights/min) | Elapsed: 3064.6s
Battles: 5905/7800 | Vs: nigo     | Win Rate (Last 50):  64.0% | Speed: 6,069 steps/s (115 fights/min) | Elapsed: 3065.6s
Battles: 5907/7800 | Vs: riderman | Win Rate (Last 50):  64.0% | Speed: 6,069 steps/s (115 fights/min) | Elapsed: 3066.9s
Battles: 5909/7800 | Vs: amazon   | Win Rate (Last 50):  62.0% | Speed: 6,068 steps/s (115 fights/min) | Elapsed: 3068.2s
Battles: 5911/7800 | Vs: v3       | Win Rate (Last 50):  58.0% | Speed: 6,067 steps/s (115 fights/min) | Elapsed: 3069.5s
Battles: 5913/7800 | Vs: x        | Win Rate (Last 50):  62.0% | Speed: 6,067 steps/s (115 fights/min) | Elapsed: 3070.5s
Battles: 5915/7800 | Vs: nigo     | Win Rate (Last 50):  64.0% | Speed: 6,067 steps/s (115 fights/min) | Elapsed: 3071.6s
Battles: 5917/7800 | Vs: riderman | Win Rate (Last 50):  62.0% | Speed: 6,066 steps/s (115 fights/min) | Elapsed: 3072.9s
Battles: 5919/7800 | Vs: amazon   | Win Rate (Last 50):  66.0% | Speed: 6,066 steps/s (115 fights/min) | Elapsed: 3074.0s
Battles: 5921/7800 | Vs: v3       | Win Rate (Last 50):  66.0% | Speed: 6,066 steps/s (115 fights/min) | Elapsed: 3075.1s
Battles: 5923/7800 | Vs: x        | Win Rate (Last 50):  64.0% | Speed: 6,065 steps/s (115 fights/min) | Elapsed: 3076.3s
Battles: 5925/7800 | Vs: nigo     | Win Rate (Last 50):  64.0% | Speed: 6,065 steps/s (115 fights/min) | Elapsed: 3077.5s
Battles: 5927/7800 | Vs: riderman | Win Rate (Last 50):  68.0% | Speed: 6,064 steps/s (115 fights/min) | Elapsed: 3078.9s
Battles: 5929/7800 | Vs: amazon   | Win Rate (Last 50):  70.0% | Speed: 6,064 steps/s (115 fights/min) | Elapsed: 3079.9s
Battles: 5931/7800 | Vs: v3       | Win Rate (Last 50):  70.0% | Speed: 6,063 steps/s (115 fights/min) | Elapsed: 3081.2s
Battles: 5933/7800 | Vs: x        | Win Rate (Last 50):  72.0% | Speed: 6,063 steps/s (115 fights/min) | Elapsed: 3082.3s
Battles: 5935/7800 | Vs: nigo     | Win Rate (Last 50):  72.0% | Speed: 6,062 steps/s (115 fights/min) | Elapsed: 3083.4s
Battles: 5937/7800 | Vs: riderman | Win Rate (Last 50):  74.0% | Speed: 6,062 steps/s (115 fights/min) | Elapsed: 3084.6s
Battles: 5939/7800 | Vs: amazon   | Win Rate (Last 50):  76.0% | Speed: 6,062 steps/s (115 fights/min) | Elapsed: 3085.7s
Battles: 5941/7800 | Vs: v3       | Win Rate (Last 50):  76.0% | Speed: 6,061 steps/s (115 fights/min) | Elapsed: 3086.8s
Battles: 5943/7800 | Vs: x        | Win Rate (Last 50):  78.0% | Speed: 6,061 steps/s (115 fights/min) | Elapsed: 3087.9s
Battles: 5945/7800 | Vs: nigo     | Win Rate (Last 50):  78.0% | Speed: 6,060 steps/s (115 fights/min) | Elapsed: 3089.2s
Battles: 5947/7800 | Vs: riderman | Win Rate (Last 50):  80.0% | Speed: 6,060 steps/s (115 fights/min) | Elapsed: 3090.4s
Battles: 5949/7800 | Vs: amazon   | Win Rate (Last 50):  82.0% | Speed: 6,060 steps/s (115 fights/min) | Elapsed: 3091.4s
Battles: 5951/7800 | Vs: v3       | Win Rate (Last 50):  84.0% | Speed: 6,059 steps/s (115 fights/min) | Elapsed: 3092.5s
Battles: 5953/7800 | Vs: x        | Win Rate (Last 50):  86.0% | Speed: 6,059 steps/s (115 fights/min) | Elapsed: 3093.6s
Battles: 5955/7800 | Vs: nigo     | Win Rate (Last 50):  86.0% | Speed: 6,058 steps/s (115 fights/min) | Elapsed: 3094.8s
Battles: 5957/7800 | Vs: riderman | Win Rate (Last 50):  86.0% | Speed: 6,058 steps/s (115 fights/min) | Elapsed: 3095.8s
Battles: 5959/7800 | Vs: amazon   | Win Rate (Last 50):  86.0% | Speed: 6,058 steps/s (115 fights/min) | Elapsed: 3096.9s
Battles: 5962/7800 | Vs: riderman | Win Rate (Last 50):  88.0% | Speed: 6,057 steps/s (115 fights/min) | Elapsed: 3098.6s
Battles: 5964/7800 | Vs: amazon   | Win Rate (Last 50):  88.0% | Speed: 6,056 steps/s (115 fights/min) | Elapsed: 3099.9s
Battles: 5966/7800 | Vs: v3       | Win Rate (Last 50):  88.0% | Speed: 6,056 steps/s (115 fights/min) | Elapsed: 3101.1s
Battles: 5968/7800 | Vs: x        | Win Rate (Last 50):  88.0% | Speed: 6,056 steps/s (115 fights/min) | Elapsed: 3102.3s
Battles: 5970/7800 | Vs: nigo     | Win Rate (Last 50):  88.0% | Speed: 6,055 steps/s (115 fights/min) | Elapsed: 3103.3s
Battles: 5972/7800 | Vs: riderman | Win Rate (Last 50):  86.0% | Speed: 6,055 steps/s (115 fights/min) | Elapsed: 3104.5s
Battles: 5974/7800 | Vs: amazon   | Win Rate (Last 50):  86.0% | Speed: 6,054 steps/s (115 fights/min) | Elapsed: 3105.6s
Battles: 5976/7800 | Vs: v3       | Win Rate (Last 50):  84.0% | Speed: 6,054 steps/s (115 fights/min) | Elapsed: 3106.8s
Battles: 5978/7800 | Vs: x        | Win Rate (Last 50):  84.0% | Speed: 6,054 steps/s (115 fights/min) | Elapsed: 3107.9s
Battles: 5980/7800 | Vs: nigo     | Win Rate (Last 50):  84.0% | Speed: 6,053 steps/s (115 fights/min) | Elapsed: 3109.2s
Battles: 5982/7800 | Vs: riderman | Win Rate (Last 50):  84.0% | Speed: 6,052 steps/s (115 fights/min) | Elapsed: 3110.4s
Battles: 5984/7800 | Vs: amazon   | Win Rate (Last 50):  82.0% | Speed: 6,052 steps/s (115 fights/min) | Elapsed: 3111.4s
Battles: 5986/7800 | Vs: v3       | Win Rate (Last 50):  84.0% | Speed: 6,052 steps/s (115 fights/min) | Elapsed: 3112.6s
Battles: 5988/7800 | Vs: x        | Win Rate (Last 50):  84.0% | Speed: 6,051 steps/s (115 fights/min) | Elapsed: 3113.7s
Battles: 5991/7800 | Vs: v3       | Win Rate (Last 50):  86.0% | Speed: 6,050 steps/s (115 fights/min) | Elapsed: 3115.4s
Battles: 5993/7800 | Vs: x        | Win Rate (Last 50):  86.0% | Speed: 6,050 steps/s (115 fights/min) | Elapsed: 3116.8s
Battles: 5995/7800 | Vs: nigo     | Win Rate (Last 50):  86.0% | Speed: 6,049 steps/s (115 fights/min) | Elapsed: 3117.9s
Battles: 5997/7800 | Vs: riderman | Win Rate (Last 50):  86.0% | Speed: 6,049 steps/s (115 fights/min) | Elapsed: 3119.3s
Battles: 5999/7800 | Vs: amazon   | Win Rate (Last 50):  86.0% | Speed: 6,048 steps/s (115 fights/min) | Elapsed: 3120.4s
Battles: 6001/7800 | Vs: v3       | Win Rate (Last 50):  84.0% | Speed: 6,048 steps/s (115 fights/min) | Elapsed: 3121.6s
Battles: 6003/7800 | Vs: x        | Win Rate (Last 50):  84.0% | Speed: 6,047 steps/s (115 fights/min) | Elapsed: 3122.7s
Battles: 6005/7800 | Vs: nigo     | Win Rate (Last 50):  84.0% | Speed: 6,047 steps/s (115 fights/min) | Elapsed: 3123.8s
Battles: 6007/7800 | Vs: riderman | Win Rate (Last 50):  84.0% | Speed: 6,046 steps/s (115 fights/min) | Elapsed: 3125.0s
Battles: 6009/7800 | Vs: amazon   | Win Rate (Last 50):  86.0% | Speed: 6,046 steps/s (115 fights/min) | Elapsed: 3126.1s
Battles: 6011/7800 | Vs: v3       | Win Rate (Last 50):  88.0% | Speed: 6,045 steps/s (115 fights/min) | Elapsed: 3127.5s
Battles: 6013/7800 | Vs: x        | Win Rate (Last 50):  88.0% | Speed: 6,045 steps/s (115 fights/min) | Elapsed: 3128.8s
Battles: 6015/7800 | Vs: nigo     | Win Rate (Last 50):  86.0% | Speed: 6,044 steps/s (115 fights/min) | Elapsed: 3130.0s
Battles: 6017/7800 | Vs: riderman | Win Rate (Last 50):  84.0% | Speed: 6,044 steps/s (115 fights/min) | Elapsed: 3131.2s
Battles: 6019/7800 | Vs: amazon   | Win Rate (Last 50):  86.0% | Speed: 6,043 steps/s (115 fights/min) | Elapsed: 3132.3s
Battles: 6021/7800 | Vs: v3       | Win Rate (Last 50):  88.0% | Speed: 6,043 steps/s (115 fights/min) | Elapsed: 3133.5s
Battles: 6023/7800 | Vs: x        | Win Rate (Last 50):  90.0% | Speed: 6,042 steps/s (115 fights/min) | Elapsed: 3134.7s
Battles: 6025/7800 | Vs: nigo     | Win Rate (Last 50):  92.0% | Speed: 6,042 steps/s (115 fights/min) | Elapsed: 3135.7s
Battles: 6027/7800 | Vs: riderman | Win Rate (Last 50):  90.0% | Speed: 6,042 steps/s (115 fights/min) | Elapsed: 3136.8s
Battles: 6030/7800 | Vs: nigo     | Win Rate (Last 50):  88.0% | Speed: 6,041 steps/s (115 fights/min) | Elapsed: 3138.6s
Battles: 6032/7800 | Vs: riderman | Win Rate (Last 50):  88.0% | Speed: 6,041 steps/s (115 fights/min) | Elapsed: 3139.8s
Battles: 6034/7800 | Vs: amazon   | Win Rate (Last 50):  90.0% | Speed: 6,040 steps/s (115 fights/min) | Elapsed: 3140.9s
Battles: 6036/7800 | Vs: v3       | Win Rate (Last 50):  86.0% | Speed: 6,040 steps/s (115 fights/min) | Elapsed: 3142.2s
Battles: 6038/7800 | Vs: x        | Win Rate (Last 50):  86.0% | Speed: 6,039 steps/s (115 fights/min) | Elapsed: 3143.3s
Battles: 6040/7800 | Vs: nigo     | Win Rate (Last 50):  86.0% | Speed: 6,039 steps/s (115 fights/min) | Elapsed: 3144.6s
Battles: 6042/7800 | Vs: riderman | Win Rate (Last 50):  86.0% | Speed: 6,038 steps/s (115 fights/min) | Elapsed: 3145.8s
Battles: 6044/7800 | Vs: amazon   | Win Rate (Last 50):  86.0% | Speed: 6,038 steps/s (115 fights/min) | Elapsed: 3146.9s
Battles: 6046/7800 | Vs: v3       | Win Rate (Last 50):  86.0% | Speed: 6,038 steps/s (115 fights/min) | Elapsed: 3148.0s
Battles: 6049/7800 | Vs: amazon   | Win Rate (Last 50):  84.0% | Speed: 6,037 steps/s (115 fights/min) | Elapsed: 3149.5s
Battles: 6051/7800 | Vs: v3       | Win Rate (Last 50):  84.0% | Speed: 6,037 steps/s (115 fights/min) | Elapsed: 3151.1s
Battles: 6053/7800 | Vs: x        | Win Rate (Last 50):  82.0% | Speed: 6,036 steps/s (115 fights/min) | Elapsed: 3152.1s
Battles: 6055/7800 | Vs: nigo     | Win Rate (Last 50):  80.0% | Speed: 6,036 steps/s (115 fights/min) | Elapsed: 3153.2s
Battles: 6057/7800 | Vs: riderman | Win Rate (Last 50):  80.0% | Speed: 6,036 steps/s (115 fights/min) | Elapsed: 3154.4s
Battles: 6059/7800 | Vs: amazon   | Win Rate (Last 50):  80.0% | Speed: 6,035 steps/s (115 fights/min) | Elapsed: 3155.5s
Battles: 6061/7800 | Vs: v3       | Win Rate (Last 50):  78.0% | Speed: 6,035 steps/s (115 fights/min) | Elapsed: 3156.8s
Battles: 6063/7800 | Vs: x        | Win Rate (Last 50):  78.0% | Speed: 6,034 steps/s (115 fights/min) | Elapsed: 3157.8s
Battles: 6066/7800 | Vs: v3       | Win Rate (Last 50):  80.0% | Speed: 6,034 steps/s (115 fights/min) | Elapsed: 3159.3s
Battles: 6068/7800 | Vs: x        | Win Rate (Last 50):  80.0% | Speed: 6,033 steps/s (115 fights/min) | Elapsed: 3160.6s
Battles: 6070/7800 | Vs: nigo     | Win Rate (Last 50):  80.0% | Speed: 6,033 steps/s (115 fights/min) | Elapsed: 3161.8s
Battles: 6072/7800 | Vs: riderman | Win Rate (Last 50):  80.0% | Speed: 6,033 steps/s (115 fights/min) | Elapsed: 3163.0s
Battles: 6074/7800 | Vs: amazon   | Win Rate (Last 50):  78.0% | Speed: 6,032 steps/s (115 fights/min) | Elapsed: 3164.0s
Battles: 6076/7800 | Vs: v3       | Win Rate (Last 50):  80.0% | Speed: 6,032 steps/s (115 fights/min) | Elapsed: 3165.3s
Battles: 6078/7800 | Vs: x        | Win Rate (Last 50):  80.0% | Speed: 6,032 steps/s (115 fights/min) | Elapsed: 3166.4s
Battles: 6080/7800 | Vs: nigo     | Win Rate (Last 50):  78.0% | Speed: 6,031 steps/s (115 fights/min) | Elapsed: 3167.6s
Battles: 6082/7800 | Vs: riderman | Win Rate (Last 50):  76.0% | Speed: 6,031 steps/s (115 fights/min) | Elapsed: 3168.7s
Battles: 6084/7800 | Vs: amazon   | Win Rate (Last 50):  76.0% | Speed: 6,031 steps/s (115 fights/min) | Elapsed: 3169.9s
Battles: 6086/7800 | Vs: v3       | Win Rate (Last 50):  76.0% | Speed: 6,030 steps/s (115 fights/min) | Elapsed: 3171.2s
Battles: 6088/7800 | Vs: x        | Win Rate (Last 50):  76.0% | Speed: 6,029 steps/s (115 fights/min) | Elapsed: 3172.3s
Battles: 6090/7800 | Vs: nigo     | Win Rate (Last 50):  76.0% | Speed: 6,029 steps/s (115 fights/min) | Elapsed: 3173.5s
Battles: 6092/7800 | Vs: riderman | Win Rate (Last 50):  76.0% | Speed: 6,029 steps/s (115 fights/min) | Elapsed: 3174.7s
Battles: 6095/7800 | Vs: nigo     | Win Rate (Last 50):  76.0% | Speed: 6,028 steps/s (115 fights/min) | Elapsed: 3176.3s
Battles: 6097/7800 | Vs: riderman | Win Rate (Last 50):  76.0% | Speed: 6,028 steps/s (115 fights/min) | Elapsed: 3177.5s
Battles: 6099/7800 | Vs: amazon   | Win Rate (Last 50):  78.0% | Speed: 6,028 steps/s (115 fights/min) | Elapsed: 3178.6s
Battles: 6101/7800 | Vs: v3       | Win Rate (Last 50):  76.0% | Speed: 6,027 steps/s (115 fights/min) | Elapsed: 3179.8s
Battles: 6103/7800 | Vs: x        | Win Rate (Last 50):  78.0% | Speed: 6,027 steps/s (115 fights/min) | Elapsed: 3181.1s
Battles: 6105/7800 | Vs: nigo     | Win Rate (Last 50):  78.0% | Speed: 6,026 steps/s (115 fights/min) | Elapsed: 3182.3s
Battles: 6107/7800 | Vs: riderman | Win Rate (Last 50):  78.0% | Speed: 6,026 steps/s (115 fights/min) | Elapsed: 3183.3s
Battles: 6110/7800 | Vs: nigo     | Win Rate (Last 50):  78.0% | Speed: 6,025 steps/s (115 fights/min) | Elapsed: 3184.9s
Battles: 6112/7800 | Vs: riderman | Win Rate (Last 50):  76.0% | Speed: 6,025 steps/s (115 fights/min) | Elapsed: 3186.1s
Battles: 6114/7800 | Vs: amazon   | Win Rate (Last 50):  76.0% | Speed: 6,025 steps/s (115 fights/min) | Elapsed: 3187.2s
Battles: 6116/7800 | Vs: v3       | Win Rate (Last 50):  76.0% | Speed: 6,024 steps/s (115 fights/min) | Elapsed: 3188.5s
Battles: 6118/7800 | Vs: x        | Win Rate (Last 50):  74.0% | Speed: 6,024 steps/s (115 fights/min) | Elapsed: 3189.6s
Battles: 6120/7800 | Vs: nigo     | Win Rate (Last 50):  74.0% | Speed: 6,024 steps/s (115 fights/min) | Elapsed: 3190.7s
Battles: 6122/7800 | Vs: riderman | Win Rate (Last 50):  74.0% | Speed: 6,023 steps/s (115 fights/min) | Elapsed: 3192.1s
Battles: 6125/7800 | Vs: nigo     | Win Rate (Last 50):  74.0% | Speed: 6,023 steps/s (115 fights/min) | Elapsed: 3193.6s
Battles: 6127/7800 | Vs: riderman | Win Rate (Last 50):  72.0% | Speed: 6,022 steps/s (115 fights/min) | Elapsed: 3194.8s
Battles: 6130/7800 | Vs: nigo     | Win Rate (Last 50):  76.0% | Speed: 6,022 steps/s (115 fights/min) | Elapsed: 3196.4s
Battles: 6132/7800 | Vs: riderman | Win Rate (Last 50):  78.0% | Speed: 6,021 steps/s (115 fights/min) | Elapsed: 3197.4s
Battles: 6134/7800 | Vs: amazon   | Win Rate (Last 50):  78.0% | Speed: 6,021 steps/s (115 fights/min) | Elapsed: 3198.5s
Battles: 6136/7800 | Vs: v3       | Win Rate (Last 50):  80.0% | Speed: 6,021 steps/s (115 fights/min) | Elapsed: 3199.7s
Battles: 6138/7800 | Vs: x        | Win Rate (Last 50):  80.0% | Speed: 6,020 steps/s (115 fights/min) | Elapsed: 3200.9s
Battles: 6140/7800 | Vs: nigo     | Win Rate (Last 50):  80.0% | Speed: 6,020 steps/s (115 fights/min) | Elapsed: 3202.1s
Battles: 6142/7800 | Vs: riderman | Win Rate (Last 50):  80.0% | Speed: 6,019 steps/s (115 fights/min) | Elapsed: 3203.2s
Battles: 6144/7800 | Vs: amazon   | Win Rate (Last 50):  80.0% | Speed: 6,019 steps/s (115 fights/min) | Elapsed: 3204.2s
Battles: 6146/7800 | Vs: v3       | Win Rate (Last 50):  78.0% | Speed: 6,019 steps/s (115 fights/min) | Elapsed: 3205.6s
Battles: 6148/7800 | Vs: x        | Win Rate (Last 50):  76.0% | Speed: 6,018 steps/s (115 fights/min) | Elapsed: 3206.8s
Battles: 6150/7800 | Vs: nigo     | Win Rate (Last 50):  76.0% | Speed: 6,018 steps/s (115 fights/min) | Elapsed: 3207.9s
Battles: 6152/7800 | Vs: riderman | Win Rate (Last 50):  78.0% | Speed: 6,017 steps/s (115 fights/min) | Elapsed: 3209.1s
Battles: 6154/7800 | Vs: amazon   | Win Rate (Last 50):  78.0% | Speed: 6,017 steps/s (115 fights/min) | Elapsed: 3210.5s
Battles: 6156/7800 | Vs: v3       | Win Rate (Last 50):  80.0% | Speed: 6,016 steps/s (114 fights/min) | Elapsed: 3211.9s
Battles: 6158/7800 | Vs: x        | Win Rate (Last 50):  82.0% | Speed: 6,016 steps/s (114 fights/min) | Elapsed: 3212.9s
Battles: 6161/7800 | Vs: v3       | Win Rate (Last 50):  84.0% | Speed: 6,015 steps/s (115 fights/min) | Elapsed: 3214.4s
Battles: 6163/7800 | Vs: x        | Win Rate (Last 50):  80.0% | Speed: 6,015 steps/s (114 fights/min) | Elapsed: 3215.6s
Battles: 6165/7800 | Vs: nigo     | Win Rate (Last 50):  80.0% | Speed: 6,015 steps/s (114 fights/min) | Elapsed: 3216.7s
Battles: 6167/7800 | Vs: riderman | Win Rate (Last 50):  82.0% | Speed: 6,014 steps/s (114 fights/min) | Elapsed: 3217.8s
Battles: 6169/7800 | Vs: amazon   | Win Rate (Last 50):  82.0% | Speed: 6,014 steps/s (114 fights/min) | Elapsed: 3218.9s
Battles: 6171/7800 | Vs: v3       | Win Rate (Last 50):  82.0% | Speed: 6,014 steps/s (114 fights/min) | Elapsed: 3220.0s
Battles: 6173/7800 | Vs: x        | Win Rate (Last 50):  84.0% | Speed: 6,013 steps/s (114 fights/min) | Elapsed: 3221.1s
Battles: 6175/7800 | Vs: nigo     | Win Rate (Last 50):  84.0% | Speed: 6,013 steps/s (114 fights/min) | Elapsed: 3222.5s
Battles: 6177/7800 | Vs: riderman | Win Rate (Last 50):  86.0% | Speed: 6,012 steps/s (114 fights/min) | Elapsed: 3223.6s
Battles: 6179/7800 | Vs: amazon   | Win Rate (Last 50):  84.0% | Speed: 6,012 steps/s (114 fights/min) | Elapsed: 3224.8s
Battles: 6181/7800 | Vs: v3       | Win Rate (Last 50):  82.0% | Speed: 6,012 steps/s (114 fights/min) | Elapsed: 3226.1s
Battles: 6183/7800 | Vs: x        | Win Rate (Last 50):  78.0% | Speed: 6,011 steps/s (114 fights/min) | Elapsed: 3227.4s
Battles: 6185/7800 | Vs: nigo     | Win Rate (Last 50):  80.0% | Speed: 6,011 steps/s (114 fights/min) | Elapsed: 3228.4s
Battles: 6187/7800 | Vs: riderman | Win Rate (Last 50):  80.0% | Speed: 6,010 steps/s (114 fights/min) | Elapsed: 3229.6s
Battles: 6189/7800 | Vs: amazon   | Win Rate (Last 50):  80.0% | Speed: 6,010 steps/s (114 fights/min) | Elapsed: 3230.7s
Battles: 6191/7800 | Vs: v3       | Win Rate (Last 50):  80.0% | Speed: 6,010 steps/s (114 fights/min) | Elapsed: 3232.0s
Battles: 6193/7800 | Vs: x        | Win Rate (Last 50):  78.0% | Speed: 6,009 steps/s (114 fights/min) | Elapsed: 3233.3s
Battles: 6196/7800 | Vs: v3       | Win Rate (Last 50):  80.0% | Speed: 6,008 steps/s (114 fights/min) | Elapsed: 3234.9s
Battles: 6198/7800 | Vs: x        | Win Rate (Last 50):  82.0% | Speed: 6,008 steps/s (114 fights/min) | Elapsed: 3236.0s
Battles: 6200/7800 | Vs: nigo     | Win Rate (Last 50):  84.0% | Speed: 6,008 steps/s (114 fights/min) | Elapsed: 3237.1s
Battles: 6202/7800 | Vs: riderman | Win Rate (Last 50):  84.0% | Speed: 6,007 steps/s (114 fights/min) | Elapsed: 3238.3s
Battles: 6204/7800 | Vs: amazon   | Win Rate (Last 50):  84.0% | Speed: 6,007 steps/s (114 fights/min) | Elapsed: 3239.4s
Battles: 6206/7800 | Vs: v3       | Win Rate (Last 50):  82.0% | Speed: 6,007 steps/s (114 fights/min) | Elapsed: 3240.6s
Battles: 6208/7800 | Vs: x        | Win Rate (Last 50):  82.0% | Speed: 6,006 steps/s (114 fights/min) | Elapsed: 3241.7s
Battles: 6210/7800 | Vs: nigo     | Win Rate (Last 50):  82.0% | Speed: 6,006 steps/s (114 fights/min) | Elapsed: 3242.9s
Battles: 6212/7800 | Vs: riderman | Win Rate (Last 50):  84.0% | Speed: 6,005 steps/s (114 fights/min) | Elapsed: 3244.2s
Battles: 6214/7800 | Vs: amazon   | Win Rate (Last 50):  86.0% | Speed: 6,005 steps/s (114 fights/min) | Elapsed: 3245.3s
Battles: 6216/7800 | Vs: v3       | Win Rate (Last 50):  88.0% | Speed: 6,005 steps/s (114 fights/min) | Elapsed: 3246.4s
Battles: 6218/7800 | Vs: x        | Win Rate (Last 50):  86.0% | Speed: 6,004 steps/s (114 fights/min) | Elapsed: 3247.6s
Battles: 6220/7800 | Vs: nigo     | Win Rate (Last 50):  86.0% | Speed: 6,004 steps/s (114 fights/min) | Elapsed: 3248.6s
Battles: 6222/7800 | Vs: riderman | Win Rate (Last 50):  84.0% | Speed: 6,004 steps/s (114 fights/min) | Elapsed: 3249.9s
Battles: 6224/7800 | Vs: amazon   | Win Rate (Last 50):  84.0% | Speed: 6,003 steps/s (114 fights/min) | Elapsed: 3251.0s
Battles: 6226/7800 | Vs: v3       | Win Rate (Last 50):  84.0% | Speed: 6,003 steps/s (114 fights/min) | Elapsed: 3252.1s
Battles: 6228/7800 | Vs: x        | Win Rate (Last 50):  86.0% | Speed: 6,003 steps/s (114 fights/min) | Elapsed: 3253.4s
Battles: 6230/7800 | Vs: nigo     | Win Rate (Last 50):  84.0% | Speed: 6,002 steps/s (114 fights/min) | Elapsed: 3254.4s
Battles: 6232/7800 | Vs: riderman | Win Rate (Last 50):  88.0% | Speed: 6,002 steps/s (114 fights/min) | Elapsed: 3255.6s
Battles: 6234/7800 | Vs: amazon   | Win Rate (Last 50):  90.0% | Speed: 6,002 steps/s (114 fights/min) | Elapsed: 3256.8s
Battles: 6236/7800 | Vs: v3       | Win Rate (Last 50):  86.0% | Speed: 6,001 steps/s (114 fights/min) | Elapsed: 3258.1s
Battles: 6238/7800 | Vs: x        | Win Rate (Last 50):  86.0% | Speed: 6,001 steps/s (114 fights/min) | Elapsed: 3259.2s
Battles: 6240/7800 | Vs: nigo     | Win Rate (Last 50):  86.0% | Speed: 6,000 steps/s (114 fights/min) | Elapsed: 3260.3s
Battles: 6242/7800 | Vs: riderman | Win Rate (Last 50):  86.0% | Speed: 6,000 steps/s (114 fights/min) | Elapsed: 3261.4s
Battles: 6245/7800 | Vs: nigo     | Win Rate (Last 50):  86.0% | Speed: 6,000 steps/s (114 fights/min) | Elapsed: 3262.9s
Battles: 6247/7800 | Vs: riderman | Win Rate (Last 50):  86.0% | Speed: 5,999 steps/s (114 fights/min) | Elapsed: 3264.3s
Battles: 6249/7800 | Vs: amazon   | Win Rate (Last 50):  84.0% | Speed: 5,999 steps/s (114 fights/min) | Elapsed: 3265.3s
Battles: 6251/7800 | Vs: v3       | Win Rate (Last 50):  82.0% | Speed: 5,998 steps/s (114 fights/min) | Elapsed: 3266.6s
Battles: 6253/7800 | Vs: x        | Win Rate (Last 50):  80.0% | Speed: 5,998 steps/s (114 fights/min) | Elapsed: 3267.7s
Battles: 6255/7800 | Vs: nigo     | Win Rate (Last 50):  82.0% | Speed: 5,998 steps/s (114 fights/min) | Elapsed: 3268.9s
Battles: 6257/7800 | Vs: riderman | Win Rate (Last 50):  82.0% | Speed: 5,997 steps/s (114 fights/min) | Elapsed: 3270.1s
Battles: 6259/7800 | Vs: amazon   | Win Rate (Last 50):  82.0% | Speed: 5,997 steps/s (114 fights/min) | Elapsed: 3271.1s
Battles: 6261/7800 | Vs: v3       | Win Rate (Last 50):  82.0% | Speed: 5,997 steps/s (114 fights/min) | Elapsed: 3272.3s
Battles: 6263/7800 | Vs: x        | Win Rate (Last 50):  78.0% | Speed: 5,996 steps/s (114 fights/min) | Elapsed: 3273.6s
Battles: 6265/7800 | Vs: nigo     | Win Rate (Last 50):  78.0% | Speed: 5,996 steps/s (114 fights/min) | Elapsed: 3274.8s
Battles: 6267/7800 | Vs: riderman | Win Rate (Last 50):  80.0% | Speed: 5,995 steps/s (114 fights/min) | Elapsed: 3275.8s
Battles: 6269/7800 | Vs: amazon   | Win Rate (Last 50):  80.0% | Speed: 5,995 steps/s (114 fights/min) | Elapsed: 3277.0s
Battles: 6271/7800 | Vs: v3       | Win Rate (Last 50):  80.0% | Speed: 5,995 steps/s (114 fights/min) | Elapsed: 3278.3s
Battles: 6273/7800 | Vs: x        | Win Rate (Last 50):  80.0% | Speed: 5,994 steps/s (114 fights/min) | Elapsed: 3279.4s
Battles: 6275/7800 | Vs: nigo     | Win Rate (Last 50):  80.0% | Speed: 5,994 steps/s (114 fights/min) | Elapsed: 3280.6s
Battles: 6277/7800 | Vs: riderman | Win Rate (Last 50):  80.0% | Speed: 5,994 steps/s (114 fights/min) | Elapsed: 3281.7s
Battles: 6279/7800 | Vs: amazon   | Win Rate (Last 50):  80.0% | Speed: 5,993 steps/s (114 fights/min) | Elapsed: 3282.9s
Battles: 6281/7800 | Vs: v3       | Win Rate (Last 50):  78.0% | Speed: 5,993 steps/s (114 fights/min) | Elapsed: 3284.2s
Battles: 6283/7800 | Vs: x        | Win Rate (Last 50):  78.0% | Speed: 5,992 steps/s (114 fights/min) | Elapsed: 3285.4s
Battles: 6286/7800 | Vs: v3       | Win Rate (Last 50):  78.0% | Speed: 5,992 steps/s (114 fights/min) | Elapsed: 3286.9s
Battles: 6288/7800 | Vs: x        | Win Rate (Last 50):  78.0% | Speed: 5,992 steps/s (114 fights/min) | Elapsed: 3288.0s
Battles: 6290/7800 | Vs: nigo     | Win Rate (Last 50):  78.0% | Speed: 5,991 steps/s (114 fights/min) | Elapsed: 3289.2s
Battles: 6292/7800 | Vs: riderman | Win Rate (Last 50):  78.0% | Speed: 5,991 steps/s (114 fights/min) | Elapsed: 3290.3s
Battles: 6294/7800 | Vs: amazon   | Win Rate (Last 50):  76.0% | Speed: 5,991 steps/s (114 fights/min) | Elapsed: 3291.5s
Battles: 6296/7800 | Vs: v3       | Win Rate (Last 50):  76.0% | Speed: 5,990 steps/s (114 fights/min) | Elapsed: 3292.7s
Battles: 6298/7800 | Vs: x        | Win Rate (Last 50):  78.0% | Speed: 5,990 steps/s (114 fights/min) | Elapsed: 3294.0s
Battles: 6300/7800 | Vs: nigo     | Win Rate (Last 50):  76.0% | Speed: 5,989 steps/s (114 fights/min) | Elapsed: 3295.3s
Battles: 6302/7800 | Vs: riderman | Win Rate (Last 50):  76.0% | Speed: 5,989 steps/s (114 fights/min) | Elapsed: 3296.5s
Battles: 6304/7800 | Vs: amazon   | Win Rate (Last 50):  74.0% | Speed: 5,989 steps/s (114 fights/min) | Elapsed: 3297.7s
Battles: 6306/7800 | Vs: v3       | Win Rate (Last 50):  72.0% | Speed: 5,988 steps/s (114 fights/min) | Elapsed: 3299.0s
Battles: 6308/7800 | Vs: x        | Win Rate (Last 50):  70.0% | Speed: 5,988 steps/s (114 fights/min) | Elapsed: 3300.1s
Battles: 6310/7800 | Vs: nigo     | Win Rate (Last 50):  70.0% | Speed: 5,988 steps/s (114 fights/min) | Elapsed: 3301.2s
Battles: 6312/7800 | Vs: riderman | Win Rate (Last 50):  72.0% | Speed: 5,987 steps/s (114 fights/min) | Elapsed: 3302.3s
Battles: 6315/7800 | Vs: nigo     | Win Rate (Last 50):  72.0% | Speed: 5,987 steps/s (114 fights/min) | Elapsed: 3304.0s
Battles: 6317/7800 | Vs: riderman | Win Rate (Last 50):  72.0% | Speed: 5,986 steps/s (114 fights/min) | Elapsed: 3305.2s
Battles: 6320/7800 | Vs: nigo     | Win Rate (Last 50):  70.0% | Speed: 5,986 steps/s (114 fights/min) | Elapsed: 3306.9s
Battles: 6322/7800 | Vs: riderman | Win Rate (Last 50):  72.0% | Speed: 5,985 steps/s (114 fights/min) | Elapsed: 3308.0s
Battles: 6325/7800 | Vs: nigo     | Win Rate (Last 50):  72.0% | Speed: 5,985 steps/s (114 fights/min) | Elapsed: 3309.5s
Battles: 6327/7800 | Vs: riderman | Win Rate (Last 50):  72.0% | Speed: 5,985 steps/s (114 fights/min) | Elapsed: 3310.7s
Battles: 6329/7800 | Vs: amazon   | Win Rate (Last 50):  70.0% | Speed: 5,984 steps/s (114 fights/min) | Elapsed: 3311.8s
Battles: 6331/7800 | Vs: v3       | Win Rate (Last 50):  74.0% | Speed: 5,984 steps/s (114 fights/min) | Elapsed: 3313.0s
Battles: 6333/7800 | Vs: x        | Win Rate (Last 50):  74.0% | Speed: 5,984 steps/s (114 fights/min) | Elapsed: 3314.1s
Battles: 6335/7800 | Vs: nigo     | Win Rate (Last 50):  76.0% | Speed: 5,983 steps/s (114 fights/min) | Elapsed: 3315.2s
Battles: 6337/7800 | Vs: riderman | Win Rate (Last 50):  78.0% | Speed: 5,983 steps/s (114 fights/min) | Elapsed: 3316.3s
Battles: 6339/7800 | Vs: amazon   | Win Rate (Last 50):  78.0% | Speed: 5,982 steps/s (114 fights/min) | Elapsed: 3317.4s
Battles: 6341/7800 | Vs: v3       | Win Rate (Last 50):  74.0% | Speed: 5,982 steps/s (114 fights/min) | Elapsed: 3318.8s
Battles: 6343/7800 | Vs: x        | Win Rate (Last 50):  76.0% | Speed: 5,982 steps/s (114 fights/min) | Elapsed: 3319.9s
Battles: 6346/7800 | Vs: v3       | Win Rate (Last 50):  78.0% | Speed: 5,981 steps/s (114 fights/min) | Elapsed: 3321.6s
Battles: 6348/7800 | Vs: x        | Win Rate (Last 50):  78.0% | Speed: 5,981 steps/s (114 fights/min) | Elapsed: 3322.8s
Battles: 6350/7800 | Vs: nigo     | Win Rate (Last 50):  78.0% | Speed: 5,980 steps/s (114 fights/min) | Elapsed: 3324.0s
Battles: 6352/7800 | Vs: riderman | Win Rate (Last 50):  78.0% | Speed: 5,980 steps/s (114 fights/min) | Elapsed: 3325.4s
Battles: 6354/7800 | Vs: amazon   | Win Rate (Last 50):  82.0% | Speed: 5,980 steps/s (114 fights/min) | Elapsed: 3326.5s
Battles: 6356/7800 | Vs: v3       | Win Rate (Last 50):  84.0% | Speed: 5,979 steps/s (114 fights/min) | Elapsed: 3327.8s
Battles: 6358/7800 | Vs: x        | Win Rate (Last 50):  86.0% | Speed: 5,979 steps/s (114 fights/min) | Elapsed: 3328.9s
Battles: 6360/7800 | Vs: nigo     | Win Rate (Last 50):  86.0% | Speed: 5,979 steps/s (114 fights/min) | Elapsed: 3330.1s
Battles: 6362/7800 | Vs: riderman | Win Rate (Last 50):  82.0% | Speed: 5,978 steps/s (114 fights/min) | Elapsed: 3331.2s
Battles: 6364/7800 | Vs: amazon   | Win Rate (Last 50):  80.0% | Speed: 5,978 steps/s (114 fights/min) | Elapsed: 3332.3s
Battles: 6366/7800 | Vs: v3       | Win Rate (Last 50):  78.0% | Speed: 5,978 steps/s (114 fights/min) | Elapsed: 3333.5s
Battles: 6368/7800 | Vs: x        | Win Rate (Last 50):  78.0% | Speed: 5,977 steps/s (114 fights/min) | Elapsed: 3334.8s
Battles: 6370/7800 | Vs: nigo     | Win Rate (Last 50):  78.0% | Speed: 5,977 steps/s (114 fights/min) | Elapsed: 3336.1s
Battles: 6372/7800 | Vs: riderman | Win Rate (Last 50):  78.0% | Speed: 5,976 steps/s (114 fights/min) | Elapsed: 3337.2s
Battles: 6374/7800 | Vs: amazon   | Win Rate (Last 50):  78.0% | Speed: 5,976 steps/s (114 fights/min) | Elapsed: 3338.3s
Battles: 6376/7800 | Vs: v3       | Win Rate (Last 50):  76.0% | Speed: 5,976 steps/s (114 fights/min) | Elapsed: 3339.5s
Battles: 6378/7800 | Vs: x        | Win Rate (Last 50):  76.0% | Speed: 5,975 steps/s (114 fights/min) | Elapsed: 3340.7s
Battles: 6380/7800 | Vs: nigo     | Win Rate (Last 50):  74.0% | Speed: 5,975 steps/s (114 fights/min) | Elapsed: 3341.8s
Battles: 6382/7800 | Vs: riderman | Win Rate (Last 50):  72.0% | Speed: 5,975 steps/s (114 fights/min) | Elapsed: 3342.9s
Battles: 6384/7800 | Vs: amazon   | Win Rate (Last 50):  72.0% | Speed: 5,975 steps/s (114 fights/min) | Elapsed: 3344.0s
Battles: 6386/7800 | Vs: v3       | Win Rate (Last 50):  70.0% | Speed: 5,974 steps/s (114 fights/min) | Elapsed: 3345.2s
Battles: 6388/7800 | Vs: x        | Win Rate (Last 50):  68.0% | Speed: 5,974 steps/s (114 fights/min) | Elapsed: 3346.5s
Battles: 6390/7800 | Vs: nigo     | Win Rate (Last 50):  68.0% | Speed: 5,973 steps/s (114 fights/min) | Elapsed: 3347.6s
Battles: 6392/7800 | Vs: riderman | Win Rate (Last 50):  70.0% | Speed: 5,973 steps/s (114 fights/min) | Elapsed: 3348.8s
Battles: 6394/7800 | Vs: amazon   | Win Rate (Last 50):  70.0% | Speed: 5,973 steps/s (114 fights/min) | Elapsed: 3349.9s
Battles: 6396/7800 | Vs: v3       | Win Rate (Last 50):  70.0% | Speed: 5,972 steps/s (114 fights/min) | Elapsed: 3351.1s
Battles: 6398/7800 | Vs: x        | Win Rate (Last 50):  68.0% | Speed: 5,972 steps/s (114 fights/min) | Elapsed: 3352.3s
Battles: 6400/7800 | Vs: nigo     | Win Rate (Last 50):  70.0% | Speed: 5,972 steps/s (114 fights/min) | Elapsed: 3353.5s
Battles: 6402/7800 | Vs: riderman | Win Rate (Last 50):  70.0% | Speed: 5,971 steps/s (114 fights/min) | Elapsed: 3354.8s
Battles: 6405/7800 | Vs: nigo     | Win Rate (Last 50):  70.0% | Speed: 5,971 steps/s (114 fights/min) | Elapsed: 3356.6s
Battles: 6407/7800 | Vs: riderman | Win Rate (Last 50):  68.0% | Speed: 5,970 steps/s (114 fights/min) | Elapsed: 3357.9s
Battles: 6409/7800 | Vs: amazon   | Win Rate (Last 50):  68.0% | Speed: 5,970 steps/s (114 fights/min) | Elapsed: 3359.0s
Battles: 6411/7800 | Vs: v3       | Win Rate (Last 50):  70.0% | Speed: 5,969 steps/s (114 fights/min) | Elapsed: 3360.2s
Battles: 6413/7800 | Vs: x        | Win Rate (Last 50):  72.0% | Speed: 5,969 steps/s (114 fights/min) | Elapsed: 3361.3s
Battles: 6415/7800 | Vs: nigo     | Win Rate (Last 50):  72.0% | Speed: 5,969 steps/s (114 fights/min) | Elapsed: 3362.4s
Battles: 6417/7800 | Vs: riderman | Win Rate (Last 50):  74.0% | Speed: 5,968 steps/s (114 fights/min) | Elapsed: 3363.5s
Battles: 6419/7800 | Vs: amazon   | Win Rate (Last 50):  74.0% | Speed: 5,968 steps/s (114 fights/min) | Elapsed: 3364.5s
Battles: 6421/7800 | Vs: v3       | Win Rate (Last 50):  76.0% | Speed: 5,968 steps/s (114 fights/min) | Elapsed: 3365.7s
Battles: 6423/7800 | Vs: x        | Win Rate (Last 50):  76.0% | Speed: 5,967 steps/s (114 fights/min) | Elapsed: 3367.1s
Battles: 6425/7800 | Vs: nigo     | Win Rate (Last 50):  78.0% | Speed: 5,967 steps/s (114 fights/min) | Elapsed: 3368.1s
Battles: 6427/7800 | Vs: riderman | Win Rate (Last 50):  78.0% | Speed: 5,967 steps/s (114 fights/min) | Elapsed: 3369.3s
Battles: 6429/7800 | Vs: amazon   | Win Rate (Last 50):  78.0% | Speed: 5,966 steps/s (114 fights/min) | Elapsed: 3370.3s
Battles: 6431/7800 | Vs: v3       | Win Rate (Last 50):  82.0% | Speed: 5,966 steps/s (114 fights/min) | Elapsed: 3371.6s
Battles: 6433/7800 | Vs: x        | Win Rate (Last 50):  82.0% | Speed: 5,966 steps/s (114 fights/min) | Elapsed: 3372.7s
Battles: 6435/7800 | Vs: nigo     | Win Rate (Last 50):  80.0% | Speed: 5,965 steps/s (114 fights/min) | Elapsed: 3373.9s
Battles: 6437/7800 | Vs: riderman | Win Rate (Last 50):  82.0% | Speed: 5,965 steps/s (114 fights/min) | Elapsed: 3375.1s
Battles: 6439/7800 | Vs: amazon   | Win Rate (Last 50):  82.0% | Speed: 5,965 steps/s (114 fights/min) | Elapsed: 3376.1s
Battles: 6441/7800 | Vs: v3       | Win Rate (Last 50):  82.0% | Speed: 5,964 steps/s (114 fights/min) | Elapsed: 3377.5s
Battles: 6443/7800 | Vs: x        | Win Rate (Last 50):  80.0% | Speed: 5,964 steps/s (114 fights/min) | Elapsed: 3378.7s
Battles: 6445/7800 | Vs: nigo     | Win Rate (Last 50):  80.0% | Speed: 5,963 steps/s (114 fights/min) | Elapsed: 3379.8s
Battles: 6447/7800 | Vs: riderman | Win Rate (Last 50):  80.0% | Speed: 5,963 steps/s (114 fights/min) | Elapsed: 3380.9s
Battles: 6449/7800 | Vs: amazon   | Win Rate (Last 50):  82.0% | Speed: 5,963 steps/s (114 fights/min) | Elapsed: 3382.0s
Battles: 6451/7800 | Vs: v3       | Win Rate (Last 50):  82.0% | Speed: 5,963 steps/s (114 fights/min) | Elapsed: 3383.2s
Battles: 6453/7800 | Vs: x        | Win Rate (Last 50):  82.0% | Speed: 5,962 steps/s (114 fights/min) | Elapsed: 3384.2s
Battles: 6455/7800 | Vs: nigo     | Win Rate (Last 50):  82.0% | Speed: 5,962 steps/s (114 fights/min) | Elapsed: 3385.3s
Battles: 6458/7800 | Vs: x        | Win Rate (Last 50):  84.0% | Speed: 5,961 steps/s (114 fights/min) | Elapsed: 3386.9s
Battles: 6460/7800 | Vs: nigo     | Win Rate (Last 50):  84.0% | Speed: 5,961 steps/s (114 fights/min) | Elapsed: 3388.2s
Battles: 6462/7800 | Vs: riderman | Win Rate (Last 50):  84.0% | Speed: 5,961 steps/s (114 fights/min) | Elapsed: 3389.2s
Battles: 6464/7800 | Vs: amazon   | Win Rate (Last 50):  86.0% | Speed: 5,960 steps/s (114 fights/min) | Elapsed: 3390.3s
Battles: 6466/7800 | Vs: v3       | Win Rate (Last 50):  84.0% | Speed: 5,960 steps/s (114 fights/min) | Elapsed: 3391.5s
Battles: 6468/7800 | Vs: x        | Win Rate (Last 50):  82.0% | Speed: 5,960 steps/s (114 fights/min) | Elapsed: 3392.6s
Battles: 6470/7800 | Vs: nigo     | Win Rate (Last 50):  82.0% | Speed: 5,959 steps/s (114 fights/min) | Elapsed: 3393.6s
Battles: 6472/7800 | Vs: riderman | Win Rate (Last 50):  82.0% | Speed: 5,959 steps/s (114 fights/min) | Elapsed: 3394.8s
Battles: 6474/7800 | Vs: amazon   | Win Rate (Last 50):  80.0% | Speed: 5,959 steps/s (114 fights/min) | Elapsed: 3395.8s
Battles: 6476/7800 | Vs: v3       | Win Rate (Last 50):  80.0% | Speed: 5,958 steps/s (114 fights/min) | Elapsed: 3397.3s
Battles: 6478/7800 | Vs: x        | Win Rate (Last 50):  82.0% | Speed: 5,958 steps/s (114 fights/min) | Elapsed: 3398.3s
Battles: 6480/7800 | Vs: nigo     | Win Rate (Last 50):  82.0% | Speed: 5,958 steps/s (114 fights/min) | Elapsed: 3399.4s
Battles: 6482/7800 | Vs: riderman | Win Rate (Last 50):  82.0% | Speed: 5,957 steps/s (114 fights/min) | Elapsed: 3400.4s
Battles: 6485/7800 | Vs: nigo     | Win Rate (Last 50):  84.0% | Speed: 5,957 steps/s (114 fights/min) | Elapsed: 3402.0s
Battles: 6487/7800 | Vs: riderman | Win Rate (Last 50):  84.0% | Speed: 5,957 steps/s (114 fights/min) | Elapsed: 3403.3s
Battles: 6489/7800 | Vs: amazon   | Win Rate (Last 50):  84.0% | Speed: 5,956 steps/s (114 fights/min) | Elapsed: 3404.5s
Battles: 6491/7800 | Vs: v3       | Win Rate (Last 50):  84.0% | Speed: 5,956 steps/s (114 fights/min) | Elapsed: 3405.9s
Battles: 6494/7800 | Vs: amazon   | Win Rate (Last 50):  86.0% | Speed: 5,956 steps/s (114 fights/min) | Elapsed: 3407.2s
Battles: 6496/7800 | Vs: v3       | Win Rate (Last 50):  86.0% | Speed: 5,955 steps/s (114 fights/min) | Elapsed: 3408.6s
Battles: 6498/7800 | Vs: x        | Win Rate (Last 50):  84.0% | Speed: 5,955 steps/s (114 fights/min) | Elapsed: 3409.7s
Battles: 6500/7800 | Vs: nigo     | Win Rate (Last 50):  86.0% | Speed: 5,954 steps/s (114 fights/min) | Elapsed: 3410.9s
Battles: 6502/7800 | Vs: riderman | Win Rate (Last 50):  86.0% | Speed: 5,954 steps/s (114 fights/min) | Elapsed: 3412.0s
Battles: 6505/7800 | Vs: nigo     | Win Rate (Last 50):  84.0% | Speed: 5,954 steps/s (114 fights/min) | Elapsed: 3413.5s
Battles: 6508/7800 | Vs: x        | Win Rate (Last 50):  84.0% | Speed: 5,953 steps/s (114 fights/min) | Elapsed: 3415.1s
Battles: 6510/7800 | Vs: nigo     | Win Rate (Last 50):  84.0% | Speed: 5,953 steps/s (114 fights/min) | Elapsed: 3416.2s
Battles: 6513/7800 | Vs: x        | Win Rate (Last 50):  82.0% | Speed: 5,952 steps/s (114 fights/min) | Elapsed: 3417.9s
Battles: 6515/7800 | Vs: nigo     | Win Rate (Last 50):  84.0% | Speed: 5,952 steps/s (114 fights/min) | Elapsed: 3419.0s
Battles: 6517/7800 | Vs: riderman | Win Rate (Last 50):  86.0% | Speed: 5,952 steps/s (114 fights/min) | Elapsed: 3420.1s
Battles: 6519/7800 | Vs: amazon   | Win Rate (Last 50):  88.0% | Speed: 5,951 steps/s (114 fights/min) | Elapsed: 3421.3s
Battles: 6521/7800 | Vs: v3       | Win Rate (Last 50):  88.0% | Speed: 5,951 steps/s (114 fights/min) | Elapsed: 3422.5s
Battles: 6523/7800 | Vs: x        | Win Rate (Last 50):  90.0% | Speed: 5,951 steps/s (114 fights/min) | Elapsed: 3423.7s
Battles: 6525/7800 | Vs: nigo     | Win Rate (Last 50):  88.0% | Speed: 5,951 steps/s (114 fights/min) | Elapsed: 3424.8s
Battles: 6527/7800 | Vs: riderman | Win Rate (Last 50):  86.0% | Speed: 5,950 steps/s (114 fights/min) | Elapsed: 3425.9s
Battles: 6529/7800 | Vs: amazon   | Win Rate (Last 50):  86.0% | Speed: 5,950 steps/s (114 fights/min) | Elapsed: 3427.1s
Battles: 6531/7800 | Vs: v3       | Win Rate (Last 50):  86.0% | Speed: 5,949 steps/s (114 fights/min) | Elapsed: 3428.4s
Battles: 6533/7800 | Vs: x        | Win Rate (Last 50):  86.0% | Speed: 5,949 steps/s (114 fights/min) | Elapsed: 3429.4s
Battles: 6536/7800 | Vs: v3       | Win Rate (Last 50):  84.0% | Speed: 5,949 steps/s (114 fights/min) | Elapsed: 3430.9s
Battles: 6538/7800 | Vs: x        | Win Rate (Last 50):  84.0% | Speed: 5,948 steps/s (114 fights/min) | Elapsed: 3432.2s
Battles: 6540/7800 | Vs: nigo     | Win Rate (Last 50):  84.0% | Speed: 5,948 steps/s (114 fights/min) | Elapsed: 3433.3s
Battles: 6542/7800 | Vs: riderman | Win Rate (Last 50):  84.0% | Speed: 5,948 steps/s (114 fights/min) | Elapsed: 3434.3s
Battles: 6545/7800 | Vs: nigo     | Win Rate (Last 50):  82.0% | Speed: 5,947 steps/s (114 fights/min) | Elapsed: 3435.9s
Battles: 6547/7800 | Vs: riderman | Win Rate (Last 50):  82.0% | Speed: 5,947 steps/s (114 fights/min) | Elapsed: 3437.1s
Battles: 6549/7800 | Vs: amazon   | Win Rate (Last 50):  82.0% | Speed: 5,946 steps/s (114 fights/min) | Elapsed: 3438.3s
Battles: 6551/7800 | Vs: v3       | Win Rate (Last 50):  80.0% | Speed: 5,946 steps/s (114 fights/min) | Elapsed: 3439.6s
Battles: 6554/7800 | Vs: amazon   | Win Rate (Last 50):  80.0% | Speed: 5,946 steps/s (114 fights/min) | Elapsed: 3441.1s
Battles: 6556/7800 | Vs: v3       | Win Rate (Last 50):  82.0% | Speed: 5,945 steps/s (114 fights/min) | Elapsed: 3442.3s
Battles: 6558/7800 | Vs: x        | Win Rate (Last 50):  80.0% | Speed: 5,945 steps/s (114 fights/min) | Elapsed: 3443.6s
Battles: 6560/7800 | Vs: nigo     | Win Rate (Last 50):  80.0% | Speed: 5,945 steps/s (114 fights/min) | Elapsed: 3444.7s
Battles: 6562/7800 | Vs: riderman | Win Rate (Last 50):  78.0% | Speed: 5,944 steps/s (114 fights/min) | Elapsed: 3445.9s
Battles: 6564/7800 | Vs: amazon   | Win Rate (Last 50):  80.0% | Speed: 5,944 steps/s (114 fights/min) | Elapsed: 3447.1s
Battles: 6566/7800 | Vs: v3       | Win Rate (Last 50):  76.0% | Speed: 5,944 steps/s (114 fights/min) | Elapsed: 3448.3s
Battles: 6568/7800 | Vs: x        | Win Rate (Last 50):  72.0% | Speed: 5,943 steps/s (114 fights/min) | Elapsed: 3449.7s
Battles: 6570/7800 | Vs: nigo     | Win Rate (Last 50):  72.0% | Speed: 5,943 steps/s (114 fights/min) | Elapsed: 3450.8s
Battles: 6572/7800 | Vs: riderman | Win Rate (Last 50):  72.0% | Speed: 5,943 steps/s (114 fights/min) | Elapsed: 3451.9s
Battles: 6575/7800 | Vs: nigo     | Win Rate (Last 50):  72.0% | Speed: 5,942 steps/s (114 fights/min) | Elapsed: 3453.4s
Battles: 6577/7800 | Vs: riderman | Win Rate (Last 50):  74.0% | Speed: 5,942 steps/s (114 fights/min) | Elapsed: 3454.7s
Battles: 6580/7800 | Vs: nigo     | Win Rate (Last 50):  72.0% | Speed: 5,942 steps/s (114 fights/min) | Elapsed: 3456.2s
Battles: 6582/7800 | Vs: riderman | Win Rate (Last 50):  68.0% | Speed: 5,941 steps/s (114 fights/min) | Elapsed: 3457.3s
Battles: 6584/7800 | Vs: amazon   | Win Rate (Last 50):  68.0% | Speed: 5,941 steps/s (114 fights/min) | Elapsed: 3458.3s
Battles: 6586/7800 | Vs: v3       | Win Rate (Last 50):  68.0% | Speed: 5,940 steps/s (114 fights/min) | Elapsed: 3459.7s
Battles: 6588/7800 | Vs: x        | Win Rate (Last 50):  68.0% | Speed: 5,940 steps/s (114 fights/min) | Elapsed: 3460.9s
Battles: 6590/7800 | Vs: nigo     | Win Rate (Last 50):  70.0% | Speed: 5,940 steps/s (114 fights/min) | Elapsed: 3462.0s
Battles: 6592/7800 | Vs: riderman | Win Rate (Last 50):  68.0% | Speed: 5,940 steps/s (114 fights/min) | Elapsed: 3463.1s
Battles: 6594/7800 | Vs: amazon   | Win Rate (Last 50):  66.0% | Speed: 5,939 steps/s (114 fights/min) | Elapsed: 3464.2s
Battles: 6596/7800 | Vs: v3       | Win Rate (Last 50):  68.0% | Speed: 5,939 steps/s (114 fights/min) | Elapsed: 3465.5s
Battles: 6598/7800 | Vs: x        | Win Rate (Last 50):  68.0% | Speed: 5,939 steps/s (114 fights/min) | Elapsed: 3466.6s
Battles: 6600/7800 | Vs: nigo     | Win Rate (Last 50):  68.0% | Speed: 5,938 steps/s (114 fights/min) | Elapsed: 3467.7s
Battles: 6602/7800 | Vs: riderman | Win Rate (Last 50):  66.0% | Speed: 5,938 steps/s (114 fights/min) | Elapsed: 3469.0s
Battles: 6604/7800 | Vs: amazon   | Win Rate (Last 50):  66.0% | Speed: 5,938 steps/s (114 fights/min) | Elapsed: 3470.0s
Battles: 6606/7800 | Vs: v3       | Win Rate (Last 50):  66.0% | Speed: 5,937 steps/s (114 fights/min) | Elapsed: 3471.1s
Battles: 6608/7800 | Vs: x        | Win Rate (Last 50):  66.0% | Speed: 5,937 steps/s (114 fights/min) | Elapsed: 3472.4s
Battles: 6611/7800 | Vs: v3       | Win Rate (Last 50):  66.0% | Speed: 5,936 steps/s (114 fights/min) | Elapsed: 3474.0s
Battles: 6613/7800 | Vs: x        | Win Rate (Last 50):  68.0% | Speed: 5,936 steps/s (114 fights/min) | Elapsed: 3475.0s
Battles: 6615/7800 | Vs: nigo     | Win Rate (Last 50):  70.0% | Speed: 5,936 steps/s (114 fights/min) | Elapsed: 3476.1s
Battles: 6617/7800 | Vs: riderman | Win Rate (Last 50):  74.0% | Speed: 5,935 steps/s (114 fights/min) | Elapsed: 3477.4s
Battles: 6620/7800 | Vs: nigo     | Win Rate (Last 50):  74.0% | Speed: 5,935 steps/s (114 fights/min) | Elapsed: 3479.0s
Battles: 6622/7800 | Vs: riderman | Win Rate (Last 50):  74.0% | Speed: 5,935 steps/s (114 fights/min) | Elapsed: 3480.3s
Battles: 6624/7800 | Vs: amazon   | Win Rate (Last 50):  74.0% | Speed: 5,934 steps/s (114 fights/min) | Elapsed: 3481.3s
Battles: 6626/7800 | Vs: v3       | Win Rate (Last 50):  72.0% | Speed: 5,934 steps/s (114 fights/min) | Elapsed: 3482.5s
Battles: 6628/7800 | Vs: x        | Win Rate (Last 50):  72.0% | Speed: 5,934 steps/s (114 fights/min) | Elapsed: 3483.8s
Battles: 6630/7800 | Vs: nigo     | Win Rate (Last 50):  70.0% | Speed: 5,933 steps/s (114 fights/min) | Elapsed: 3484.8s
Battles: 6632/7800 | Vs: riderman | Win Rate (Last 50):  72.0% | Speed: 5,933 steps/s (114 fights/min) | Elapsed: 3486.0s
Battles: 6634/7800 | Vs: amazon   | Win Rate (Last 50):  72.0% | Speed: 5,933 steps/s (114 fights/min) | Elapsed: 3487.1s
Battles: 6636/7800 | Vs: v3       | Win Rate (Last 50):  74.0% | Speed: 5,932 steps/s (114 fights/min) | Elapsed: 3488.4s
Battles: 6638/7800 | Vs: x        | Win Rate (Last 50):  74.0% | Speed: 5,932 steps/s (114 fights/min) | Elapsed: 3489.4s
Battles: 6640/7800 | Vs: nigo     | Win Rate (Last 50):  72.0% | Speed: 5,932 steps/s (114 fights/min) | Elapsed: 3490.6s
Battles: 6642/7800 | Vs: riderman | Win Rate (Last 50):  72.0% | Speed: 5,931 steps/s (114 fights/min) | Elapsed: 3491.7s
Battles: 6644/7800 | Vs: amazon   | Win Rate (Last 50):  72.0% | Speed: 5,931 steps/s (114 fights/min) | Elapsed: 3493.0s
Battles: 6646/7800 | Vs: v3       | Win Rate (Last 50):  74.0% | Speed: 5,931 steps/s (114 fights/min) | Elapsed: 3494.1s
Battles: 6648/7800 | Vs: x        | Win Rate (Last 50):  74.0% | Speed: 5,930 steps/s (114 fights/min) | Elapsed: 3495.1s
Battles: 6650/7800 | Vs: nigo     | Win Rate (Last 50):  72.0% | Speed: 5,930 steps/s (114 fights/min) | Elapsed: 3496.1s
Battles: 6652/7800 | Vs: riderman | Win Rate (Last 50):  76.0% | Speed: 5,930 steps/s (114 fights/min) | Elapsed: 3497.1s
Battles: 6654/7800 | Vs: amazon   | Win Rate (Last 50):  76.0% | Speed: 5,929 steps/s (114 fights/min) | Elapsed: 3498.3s
Battles: 6656/7800 | Vs: v3       | Win Rate (Last 50):  74.0% | Speed: 5,929 steps/s (114 fights/min) | Elapsed: 3499.5s
Battles: 6658/7800 | Vs: x        | Win Rate (Last 50):  72.0% | Speed: 5,929 steps/s (114 fights/min) | Elapsed: 3500.7s
Battles: 6660/7800 | Vs: nigo     | Win Rate (Last 50):  72.0% | Speed: 5,928 steps/s (114 fights/min) | Elapsed: 3501.8s
Battles: 6662/7800 | Vs: riderman | Win Rate (Last 50):  72.0% | Speed: 5,928 steps/s (114 fights/min) | Elapsed: 3503.1s
Battles: 6664/7800 | Vs: amazon   | Win Rate (Last 50):  72.0% | Speed: 5,928 steps/s (114 fights/min) | Elapsed: 3504.2s
Battles: 6666/7800 | Vs: v3       | Win Rate (Last 50):  72.0% | Speed: 5,927 steps/s (114 fights/min) | Elapsed: 3505.5s
Battles: 6668/7800 | Vs: x        | Win Rate (Last 50):  70.0% | Speed: 5,927 steps/s (114 fights/min) | Elapsed: 3506.6s
Battles: 6671/7800 | Vs: v3       | Win Rate (Last 50):  70.0% | Speed: 5,927 steps/s (114 fights/min) | Elapsed: 3508.1s
Battles: 6673/7800 | Vs: x        | Win Rate (Last 50):  68.0% | Speed: 5,926 steps/s (114 fights/min) | Elapsed: 3509.1s
Battles: 6675/7800 | Vs: nigo     | Win Rate (Last 50):  70.0% | Speed: 5,926 steps/s (114 fights/min) | Elapsed: 3510.4s
Battles: 6677/7800 | Vs: riderman | Win Rate (Last 50):  72.0% | Speed: 5,926 steps/s (114 fights/min) | Elapsed: 3511.5s
Battles: 6680/7800 | Vs: nigo     | Win Rate (Last 50):  76.0% | Speed: 5,925 steps/s (114 fights/min) | Elapsed: 3512.9s
Battles: 6682/7800 | Vs: riderman | Win Rate (Last 50):  78.0% | Speed: 5,925 steps/s (114 fights/min) | Elapsed: 3514.2s
Battles: 6684/7800 | Vs: amazon   | Win Rate (Last 50):  78.0% | Speed: 5,925 steps/s (114 fights/min) | Elapsed: 3515.2s
Battles: 6686/7800 | Vs: v3       | Win Rate (Last 50):  80.0% | Speed: 5,924 steps/s (114 fights/min) | Elapsed: 3516.4s
Battles: 6688/7800 | Vs: x        | Win Rate (Last 50):  78.0% | Speed: 5,924 steps/s (114 fights/min) | Elapsed: 3517.7s
Battles: 6690/7800 | Vs: nigo     | Win Rate (Last 50):  78.0% | Speed: 5,924 steps/s (114 fights/min) | Elapsed: 3518.8s
Battles: 6692/7800 | Vs: riderman | Win Rate (Last 50):  78.0% | Speed: 5,923 steps/s (114 fights/min) | Elapsed: 3520.0s
Battles: 6694/7800 | Vs: amazon   | Win Rate (Last 50):  78.0% | Speed: 5,923 steps/s (114 fights/min) | Elapsed: 3521.3s
Battles: 6696/7800 | Vs: v3       | Win Rate (Last 50):  78.0% | Speed: 5,923 steps/s (114 fights/min) | Elapsed: 3522.5s
Battles: 6698/7800 | Vs: x        | Win Rate (Last 50):  78.0% | Speed: 5,922 steps/s (114 fights/min) | Elapsed: 3523.6s
Battles: 6700/7800 | Vs: nigo     | Win Rate (Last 50):  80.0% | Speed: 5,922 steps/s (114 fights/min) | Elapsed: 3524.6s
Battles: 6702/7800 | Vs: riderman | Win Rate (Last 50):  80.0% | Speed: 5,922 steps/s (114 fights/min) | Elapsed: 3525.7s
Battles: 6704/7800 | Vs: amazon   | Win Rate (Last 50):  78.0% | Speed: 5,921 steps/s (114 fights/min) | Elapsed: 3526.9s
Battles: 6706/7800 | Vs: v3       | Win Rate (Last 50):  78.0% | Speed: 5,921 steps/s (114 fights/min) | Elapsed: 3528.1s
Battles: 6708/7800 | Vs: x        | Win Rate (Last 50):  80.0% | Speed: 5,921 steps/s (114 fights/min) | Elapsed: 3529.3s
Battles: 6710/7800 | Vs: nigo     | Win Rate (Last 50):  78.0% | Speed: 5,920 steps/s (114 fights/min) | Elapsed: 3530.4s
Battles: 6712/7800 | Vs: riderman | Win Rate (Last 50):  76.0% | Speed: 5,920 steps/s (114 fights/min) | Elapsed: 3531.7s
Battles: 6714/7800 | Vs: amazon   | Win Rate (Last 50):  74.0% | Speed: 5,920 steps/s (114 fights/min) | Elapsed: 3532.9s
Battles: 6716/7800 | Vs: v3       | Win Rate (Last 50):  72.0% | Speed: 5,919 steps/s (114 fights/min) | Elapsed: 3534.1s
Battles: 6718/7800 | Vs: x        | Win Rate (Last 50):  74.0% | Speed: 5,919 steps/s (114 fights/min) | Elapsed: 3535.2s
Battles: 6721/7800 | Vs: v3       | Win Rate (Last 50):  74.0% | Speed: 5,919 steps/s (114 fights/min) | Elapsed: 3536.7s
Battles: 6723/7800 | Vs: x        | Win Rate (Last 50):  74.0% | Speed: 5,918 steps/s (114 fights/min) | Elapsed: 3538.0s
Battles: 6725/7800 | Vs: nigo     | Win Rate (Last 50):  72.0% | Speed: 5,918 steps/s (114 fights/min) | Elapsed: 3539.1s
Battles: 6727/7800 | Vs: riderman | Win Rate (Last 50):  72.0% | Speed: 5,918 steps/s (114 fights/min) | Elapsed: 3540.2s
Battles: 6729/7800 | Vs: amazon   | Win Rate (Last 50):  72.0% | Speed: 5,917 steps/s (114 fights/min) | Elapsed: 3541.4s
Battles: 6731/7800 | Vs: v3       | Win Rate (Last 50):  70.0% | Speed: 5,917 steps/s (113 fights/min) | Elapsed: 3542.7s
Battles: 6733/7800 | Vs: x        | Win Rate (Last 50):  70.0% | Speed: 5,917 steps/s (113 fights/min) | Elapsed: 3543.8s
Battles: 6735/7800 | Vs: nigo     | Win Rate (Last 50):  70.0% | Speed: 5,916 steps/s (113 fights/min) | Elapsed: 3545.0s
Battles: 6737/7800 | Vs: riderman | Win Rate (Last 50):  72.0% | Speed: 5,916 steps/s (113 fights/min) | Elapsed: 3546.0s
Battles: 6739/7800 | Vs: amazon   | Win Rate (Last 50):  70.0% | Speed: 5,916 steps/s (113 fights/min) | Elapsed: 3547.0s
Battles: 6741/7800 | Vs: v3       | Win Rate (Last 50):  70.0% | Speed: 5,915 steps/s (113 fights/min) | Elapsed: 3548.3s
Battles: 6743/7800 | Vs: x        | Win Rate (Last 50):  74.0% | Speed: 5,915 steps/s (113 fights/min) | Elapsed: 3549.6s
Battles: 6745/7800 | Vs: nigo     | Win Rate (Last 50):  74.0% | Speed: 5,915 steps/s (113 fights/min) | Elapsed: 3550.6s
Battles: 6747/7800 | Vs: riderman | Win Rate (Last 50):  74.0% | Speed: 5,914 steps/s (113 fights/min) | Elapsed: 3551.9s
Battles: 6750/7800 | Vs: nigo     | Win Rate (Last 50):  72.0% | Speed: 5,914 steps/s (113 fights/min) | Elapsed: 3553.5s
Battles: 6752/7800 | Vs: riderman | Win Rate (Last 50):  72.0% | Speed: 5,914 steps/s (113 fights/min) | Elapsed: 3554.8s
Battles: 6754/7800 | Vs: amazon   | Win Rate (Last 50):  72.0% | Speed: 5,913 steps/s (113 fights/min) | Elapsed: 3555.8s
Battles: 6756/7800 | Vs: v3       | Win Rate (Last 50):  70.0% | Speed: 5,913 steps/s (113 fights/min) | Elapsed: 3557.1s
Battles: 6758/7800 | Vs: x        | Win Rate (Last 50):  72.0% | Speed: 5,913 steps/s (113 fights/min) | Elapsed: 3558.2s
Battles: 6760/7800 | Vs: nigo     | Win Rate (Last 50):  74.0% | Speed: 5,913 steps/s (113 fights/min) | Elapsed: 3559.2s
Battles: 6762/7800 | Vs: riderman | Win Rate (Last 50):  76.0% | Speed: 5,912 steps/s (113 fights/min) | Elapsed: 3560.4s
Battles: 6765/7800 | Vs: nigo     | Win Rate (Last 50):  78.0% | Speed: 5,912 steps/s (113 fights/min) | Elapsed: 3562.0s
Battles: 6767/7800 | Vs: riderman | Win Rate (Last 50):  78.0% | Speed: 5,912 steps/s (113 fights/min) | Elapsed: 3563.1s
Battles: 6769/7800 | Vs: amazon   | Win Rate (Last 50):  78.0% | Speed: 5,911 steps/s (113 fights/min) | Elapsed: 3564.3s
Battles: 6771/7800 | Vs: v3       | Win Rate (Last 50):  80.0% | Speed: 5,911 steps/s (113 fights/min) | Elapsed: 3565.5s
Battles: 6773/7800 | Vs: x        | Win Rate (Last 50):  82.0% | Speed: 5,911 steps/s (113 fights/min) | Elapsed: 3566.5s
Battles: 6776/7800 | Vs: v3       | Win Rate (Last 50):  84.0% | Speed: 5,910 steps/s (113 fights/min) | Elapsed: 3568.1s
Battles: 6778/7800 | Vs: x        | Win Rate (Last 50):  84.0% | Speed: 5,910 steps/s (113 fights/min) | Elapsed: 3569.1s
Battles: 6780/7800 | Vs: nigo     | Win Rate (Last 50):  84.0% | Speed: 5,910 steps/s (113 fights/min) | Elapsed: 3570.2s
Battles: 6782/7800 | Vs: riderman | Win Rate (Last 50):  80.0% | Speed: 5,909 steps/s (113 fights/min) | Elapsed: 3571.5s
Battles: 6784/7800 | Vs: amazon   | Win Rate (Last 50):  78.0% | Speed: 5,909 steps/s (113 fights/min) | Elapsed: 3572.6s
Battles: 6786/7800 | Vs: v3       | Win Rate (Last 50):  78.0% | Speed: 5,909 steps/s (113 fights/min) | Elapsed: 3573.9s
Battles: 6788/7800 | Vs: x        | Win Rate (Last 50):  80.0% | Speed: 5,908 steps/s (113 fights/min) | Elapsed: 3574.9s
Battles: 6790/7800 | Vs: nigo     | Win Rate (Last 50):  82.0% | Speed: 5,908 steps/s (113 fights/min) | Elapsed: 3576.0s
Battles: 6792/7800 | Vs: riderman | Win Rate (Last 50):  80.0% | Speed: 5,908 steps/s (113 fights/min) | Elapsed: 3577.2s
Battles: 6794/7800 | Vs: amazon   | Win Rate (Last 50):  80.0% | Speed: 5,908 steps/s (113 fights/min) | Elapsed: 3578.2s
Battles: 6796/7800 | Vs: v3       | Win Rate (Last 50):  76.0% | Speed: 5,907 steps/s (113 fights/min) | Elapsed: 3579.4s
Battles: 6798/7800 | Vs: x        | Win Rate (Last 50):  74.0% | Speed: 5,907 steps/s (113 fights/min) | Elapsed: 3580.5s
Battles: 6800/7800 | Vs: nigo     | Win Rate (Last 50):  76.0% | Speed: 5,907 steps/s (113 fights/min) | Elapsed: 3581.7s
Battles: 6802/7800 | Vs: riderman | Win Rate (Last 50):  74.0% | Speed: 5,906 steps/s (113 fights/min) | Elapsed: 3583.0s
Battles: 6804/7800 | Vs: amazon   | Win Rate (Last 50):  76.0% | Speed: 5,906 steps/s (113 fights/min) | Elapsed: 3584.0s
Battles: 6806/7800 | Vs: v3       | Win Rate (Last 50):  80.0% | Speed: 5,906 steps/s (113 fights/min) | Elapsed: 3585.3s
Battles: 6808/7800 | Vs: x        | Win Rate (Last 50):  80.0% | Speed: 5,905 steps/s (113 fights/min) | Elapsed: 3586.4s
Battles: 6811/7800 | Vs: v3       | Win Rate (Last 50):  78.0% | Speed: 5,905 steps/s (113 fights/min) | Elapsed: 3588.0s
Battles: 6813/7800 | Vs: x        | Win Rate (Last 50):  78.0% | Speed: 5,905 steps/s (113 fights/min) | Elapsed: 3589.1s
Battles: 6815/7800 | Vs: nigo     | Win Rate (Last 50):  76.0% | Speed: 5,905 steps/s (113 fights/min) | Elapsed: 3590.1s
Battles: 6817/7800 | Vs: riderman | Win Rate (Last 50):  74.0% | Speed: 5,904 steps/s (113 fights/min) | Elapsed: 3591.5s
Battles: 6819/7800 | Vs: amazon   | Win Rate (Last 50):  72.0% | Speed: 5,904 steps/s (113 fights/min) | Elapsed: 3592.7s
Battles: 6821/7800 | Vs: v3       | Win Rate (Last 50):  68.0% | Speed: 5,903 steps/s (113 fights/min) | Elapsed: 3593.9s
Battles: 6823/7800 | Vs: x        | Win Rate (Last 50):  68.0% | Speed: 5,903 steps/s (113 fights/min) | Elapsed: 3595.1s
Battles: 6825/7800 | Vs: nigo     | Win Rate (Last 50):  68.0% | Speed: 5,903 steps/s (113 fights/min) | Elapsed: 3596.1s
Battles: 6827/7800 | Vs: riderman | Win Rate (Last 50):  68.0% | Speed: 5,903 steps/s (113 fights/min) | Elapsed: 3597.2s
Battles: 6829/7800 | Vs: amazon   | Win Rate (Last 50):  66.0% | Speed: 5,902 steps/s (113 fights/min) | Elapsed: 3598.2s
Battles: 6831/7800 | Vs: v3       | Win Rate (Last 50):  70.0% | Speed: 5,902 steps/s (113 fights/min) | Elapsed: 3599.4s
Battles: 6833/7800 | Vs: x        | Win Rate (Last 50):  74.0% | Speed: 5,902 steps/s (113 fights/min) | Elapsed: 3600.6s
Battles: 6835/7800 | Vs: nigo     | Win Rate (Last 50):  74.0% | Speed: 5,902 steps/s (113 fights/min) | Elapsed: 3601.6s
Battles: 6837/7800 | Vs: riderman | Win Rate (Last 50):  70.0% | Speed: 5,901 steps/s (113 fights/min) | Elapsed: 3603.0s
Battles: 6839/7800 | Vs: amazon   | Win Rate (Last 50):  68.0% | Speed: 5,901 steps/s (113 fights/min) | Elapsed: 3604.2s
Battles: 6841/7800 | Vs: v3       | Win Rate (Last 50):  70.0% | Speed: 5,901 steps/s (113 fights/min) | Elapsed: 3605.4s
Battles: 6843/7800 | Vs: x        | Win Rate (Last 50):  70.0% | Speed: 5,900 steps/s (113 fights/min) | Elapsed: 3606.6s
Battles: 6845/7800 | Vs: nigo     | Win Rate (Last 50):  72.0% | Speed: 5,900 steps/s (113 fights/min) | Elapsed: 3607.6s
Battles: 6847/7800 | Vs: riderman | Win Rate (Last 50):  70.0% | Speed: 5,900 steps/s (113 fights/min) | Elapsed: 3608.8s
Battles: 6849/7800 | Vs: amazon   | Win Rate (Last 50):  72.0% | Speed: 5,900 steps/s (113 fights/min) | Elapsed: 3609.9s
Battles: 6851/7800 | Vs: v3       | Win Rate (Last 50):  70.0% | Speed: 5,899 steps/s (113 fights/min) | Elapsed: 3611.1s
Battles: 6853/7800 | Vs: x        | Win Rate (Last 50):  70.0% | Speed: 5,899 steps/s (113 fights/min) | Elapsed: 3612.3s
Battles: 6855/7800 | Vs: nigo     | Win Rate (Last 50):  70.0% | Speed: 5,899 steps/s (113 fights/min) | Elapsed: 3613.6s
Battles: 6857/7800 | Vs: riderman | Win Rate (Last 50):  68.0% | Speed: 5,898 steps/s (113 fights/min) | Elapsed: 3614.9s
Battles: 6859/7800 | Vs: amazon   | Win Rate (Last 50):  68.0% | Speed: 5,898 steps/s (113 fights/min) | Elapsed: 3616.1s
Battles: 6861/7800 | Vs: v3       | Win Rate (Last 50):  66.0% | Speed: 5,898 steps/s (113 fights/min) | Elapsed: 3617.3s
Battles: 6863/7800 | Vs: x        | Win Rate (Last 50):  66.0% | Speed: 5,897 steps/s (113 fights/min) | Elapsed: 3618.4s
Battles: 6865/7800 | Vs: nigo     | Win Rate (Last 50):  66.0% | Speed: 5,897 steps/s (113 fights/min) | Elapsed: 3619.6s
Battles: 6867/7800 | Vs: riderman | Win Rate (Last 50):  68.0% | Speed: 5,897 steps/s (113 fights/min) | Elapsed: 3620.8s
Battles: 6870/7800 | Vs: nigo     | Win Rate (Last 50):  70.0% | Speed: 5,896 steps/s (113 fights/min) | Elapsed: 3622.4s
Battles: 6872/7800 | Vs: riderman | Win Rate (Last 50):  70.0% | Speed: 5,896 steps/s (113 fights/min) | Elapsed: 3623.6s
Battles: 6875/7800 | Vs: nigo     | Win Rate (Last 50):  70.0% | Speed: 5,896 steps/s (113 fights/min) | Elapsed: 3625.2s
Battles: 6877/7800 | Vs: riderman | Win Rate (Last 50):  70.0% | Speed: 5,895 steps/s (113 fights/min) | Elapsed: 3626.6s
Battles: 6880/7800 | Vs: nigo     | Win Rate (Last 50):  70.0% | Speed: 5,895 steps/s (113 fights/min) | Elapsed: 3628.0s
Battles: 6882/7800 | Vs: riderman | Win Rate (Last 50):  70.0% | Speed: 5,895 steps/s (113 fights/min) | Elapsed: 3629.1s
Battles: 6884/7800 | Vs: amazon   | Win Rate (Last 50):  70.0% | Speed: 5,895 steps/s (113 fights/min) | Elapsed: 3630.1s
Battles: 6886/7800 | Vs: v3       | Win Rate (Last 50):  70.0% | Speed: 5,894 steps/s (113 fights/min) | Elapsed: 3631.4s
Battles: 6888/7800 | Vs: x        | Win Rate (Last 50):  74.0% | Speed: 5,894 steps/s (113 fights/min) | Elapsed: 3632.5s
Battles: 6890/7800 | Vs: nigo     | Win Rate (Last 50):  74.0% | Speed: 5,894 steps/s (113 fights/min) | Elapsed: 3633.7s
Battles: 6892/7800 | Vs: riderman | Win Rate (Last 50):  74.0% | Speed: 5,893 steps/s (113 fights/min) | Elapsed: 3634.8s
Battles: 6894/7800 | Vs: amazon   | Win Rate (Last 50):  72.0% | Speed: 5,893 steps/s (113 fights/min) | Elapsed: 3635.8s
Battles: 6896/7800 | Vs: v3       | Win Rate (Last 50):  74.0% | Speed: 5,893 steps/s (113 fights/min) | Elapsed: 3637.0s
Battles: 6898/7800 | Vs: x        | Win Rate (Last 50):  74.0% | Speed: 5,892 steps/s (113 fights/min) | Elapsed: 3638.2s
Battles: 6900/7800 | Vs: nigo     | Win Rate (Last 50):  76.0% | Speed: 5,892 steps/s (113 fights/min) | Elapsed: 3639.2s
Battles: 6902/7800 | Vs: riderman | Win Rate (Last 50):  78.0% | Speed: 5,892 steps/s (113 fights/min) | Elapsed: 3640.3s
Battles: 6905/7800 | Vs: nigo     | Win Rate (Last 50):  78.0% | Speed: 5,892 steps/s (113 fights/min) | Elapsed: 3641.8s
Battles: 6907/7800 | Vs: riderman | Win Rate (Last 50):  78.0% | Speed: 5,891 steps/s (113 fights/min) | Elapsed: 3643.0s
Battles: 6909/7800 | Vs: amazon   | Win Rate (Last 50):  76.0% | Speed: 5,891 steps/s (113 fights/min) | Elapsed: 3644.2s
Battles: 6911/7800 | Vs: v3       | Win Rate (Last 50):  80.0% | Speed: 5,891 steps/s (113 fights/min) | Elapsed: 3645.4s
Battles: 6913/7800 | Vs: x        | Win Rate (Last 50):  78.0% | Speed: 5,890 steps/s (113 fights/min) | Elapsed: 3646.6s
Battles: 6915/7800 | Vs: nigo     | Win Rate (Last 50):  80.0% | Speed: 5,890 steps/s (113 fights/min) | Elapsed: 3647.7s
Battles: 6917/7800 | Vs: riderman | Win Rate (Last 50):  80.0% | Speed: 5,890 steps/s (113 fights/min) | Elapsed: 3649.0s
Battles: 6920/7800 | Vs: nigo     | Win Rate (Last 50):  80.0% | Speed: 5,889 steps/s (113 fights/min) | Elapsed: 3650.6s
Battles: 6922/7800 | Vs: riderman | Win Rate (Last 50):  82.0% | Speed: 5,889 steps/s (113 fights/min) | Elapsed: 3651.7s
Battles: 6925/7800 | Vs: nigo     | Win Rate (Last 50):  80.0% | Speed: 5,889 steps/s (113 fights/min) | Elapsed: 3653.2s
Battles: 6927/7800 | Vs: riderman | Win Rate (Last 50):  80.0% | Speed: 5,888 steps/s (113 fights/min) | Elapsed: 3654.6s
Battles: 6929/7800 | Vs: amazon   | Win Rate (Last 50):  80.0% | Speed: 5,888 steps/s (113 fights/min) | Elapsed: 3655.7s
Battles: 6931/7800 | Vs: v3       | Win Rate (Last 50):  80.0% | Speed: 5,888 steps/s (113 fights/min) | Elapsed: 3656.9s
Battles: 6933/7800 | Vs: x        | Win Rate (Last 50):  80.0% | Speed: 5,888 steps/s (113 fights/min) | Elapsed: 3657.9s
Battles: 6935/7800 | Vs: nigo     | Win Rate (Last 50):  82.0% | Speed: 5,887 steps/s (113 fights/min) | Elapsed: 3659.1s
Battles: 6937/7800 | Vs: riderman | Win Rate (Last 50):  82.0% | Speed: 5,887 steps/s (113 fights/min) | Elapsed: 3660.5s
Battles: 6940/7800 | Vs: nigo     | Win Rate (Last 50):  80.0% | Speed: 5,887 steps/s (113 fights/min) | Elapsed: 3662.0s
Battles: 6942/7800 | Vs: riderman | Win Rate (Last 50):  76.0% | Speed: 5,886 steps/s (113 fights/min) | Elapsed: 3663.3s
Battles: 6945/7800 | Vs: nigo     | Win Rate (Last 50):  76.0% | Speed: 5,886 steps/s (113 fights/min) | Elapsed: 3665.0s
Battles: 6947/7800 | Vs: riderman | Win Rate (Last 50):  76.0% | Speed: 5,885 steps/s (113 fights/min) | Elapsed: 3666.3s
Battles: 6950/7800 | Vs: nigo     | Win Rate (Last 50):  76.0% | Speed: 5,885 steps/s (113 fights/min) | Elapsed: 3667.9s
Battles: 6953/7800 | Vs: x        | Win Rate (Last 50):  74.0% | Speed: 5,885 steps/s (113 fights/min) | Elapsed: 3669.5s
Battles: 6955/7800 | Vs: nigo     | Win Rate (Last 50):  72.0% | Speed: 5,884 steps/s (113 fights/min) | Elapsed: 3670.6s
Battles: 6957/7800 | Vs: riderman | Win Rate (Last 50):  72.0% | Speed: 5,884 steps/s (113 fights/min) | Elapsed: 3671.6s
Battles: 6959/7800 | Vs: amazon   | Win Rate (Last 50):  74.0% | Speed: 5,884 steps/s (113 fights/min) | Elapsed: 3672.7s
Battles: 6961/7800 | Vs: v3       | Win Rate (Last 50):  70.0% | Speed: 5,884 steps/s (113 fights/min) | Elapsed: 3673.9s
Battles: 6963/7800 | Vs: x        | Win Rate (Last 50):  72.0% | Speed: 5,883 steps/s (113 fights/min) | Elapsed: 3675.2s
Battles: 6965/7800 | Vs: nigo     | Win Rate (Last 50):  72.0% | Speed: 5,883 steps/s (113 fights/min) | Elapsed: 3676.3s
Battles: 6967/7800 | Vs: riderman | Win Rate (Last 50):  74.0% | Speed: 5,883 steps/s (113 fights/min) | Elapsed: 3677.4s
Battles: 6969/7800 | Vs: amazon   | Win Rate (Last 50):  76.0% | Speed: 5,883 steps/s (113 fights/min) | Elapsed: 3678.5s
Battles: 6971/7800 | Vs: v3       | Win Rate (Last 50):  76.0% | Speed: 5,882 steps/s (113 fights/min) | Elapsed: 3679.8s
Battles: 6973/7800 | Vs: x        | Win Rate (Last 50):  76.0% | Speed: 5,882 steps/s (113 fights/min) | Elapsed: 3680.8s
Battles: 6975/7800 | Vs: nigo     | Win Rate (Last 50):  78.0% | Speed: 5,882 steps/s (113 fights/min) | Elapsed: 3681.9s
Battles: 6977/7800 | Vs: riderman | Win Rate (Last 50):  76.0% | Speed: 5,881 steps/s (113 fights/min) | Elapsed: 3682.9s
Battles: 6980/7800 | Vs: nigo     | Win Rate (Last 50):  78.0% | Speed: 5,881 steps/s (113 fights/min) | Elapsed: 3684.6s
Battles: 6982/7800 | Vs: riderman | Win Rate (Last 50):  76.0% | Speed: 5,881 steps/s (113 fights/min) | Elapsed: 3685.9s
Battles: 6984/7800 | Vs: amazon   | Win Rate (Last 50):  76.0% | Speed: 5,880 steps/s (113 fights/min) | Elapsed: 3686.9s
Battles: 6986/7800 | Vs: v3       | Win Rate (Last 50):  74.0% | Speed: 5,880 steps/s (113 fights/min) | Elapsed: 3688.2s
Battles: 6988/7800 | Vs: x        | Win Rate (Last 50):  74.0% | Speed: 5,880 steps/s (113 fights/min) | Elapsed: 3689.4s
Battles: 6990/7800 | Vs: nigo     | Win Rate (Last 50):  76.0% | Speed: 5,880 steps/s (113 fights/min) | Elapsed: 3690.5s
Battles: 6992/7800 | Vs: riderman | Win Rate (Last 50):  78.0% | Speed: 5,879 steps/s (113 fights/min) | Elapsed: 3691.7s
Battles: 6994/7800 | Vs: amazon   | Win Rate (Last 50):  78.0% | Speed: 5,879 steps/s (113 fights/min) | Elapsed: 3692.9s
Battles: 6996/7800 | Vs: v3       | Win Rate (Last 50):  80.0% | Speed: 5,879 steps/s (113 fights/min) | Elapsed: 3694.0s
Battles: 6998/7800 | Vs: x        | Win Rate (Last 50):  78.0% | Speed: 5,879 steps/s (113 fights/min) | Elapsed: 3695.1s
Battles: 7000/7800 | Vs: nigo     | Win Rate (Last 50):  76.0% | Speed: 5,878 steps/s (113 fights/min) | Elapsed: 3696.4s
Battles: 7002/7800 | Vs: riderman | Win Rate (Last 50):  74.0% | Speed: 5,878 steps/s (113 fights/min) | Elapsed: 3697.5s
Battles: 7004/7800 | Vs: amazon   | Win Rate (Last 50):  76.0% | Speed: 5,878 steps/s (113 fights/min) | Elapsed: 3698.6s
Battles: 7006/7800 | Vs: v3       | Win Rate (Last 50):  80.0% | Speed: 5,877 steps/s (113 fights/min) | Elapsed: 3699.7s
Battles: 7008/7800 | Vs: x        | Win Rate (Last 50):  80.0% | Speed: 5,877 steps/s (113 fights/min) | Elapsed: 3700.7s
Battles: 7010/7800 | Vs: nigo     | Win Rate (Last 50):  82.0% | Speed: 5,877 steps/s (113 fights/min) | Elapsed: 3701.8s
Battles: 7012/7800 | Vs: riderman | Win Rate (Last 50):  80.0% | Speed: 5,877 steps/s (113 fights/min) | Elapsed: 3703.1s
Battles: 7014/7800 | Vs: amazon   | Win Rate (Last 50):  78.0% | Speed: 5,876 steps/s (113 fights/min) | Elapsed: 3704.2s
Battles: 7016/7800 | Vs: v3       | Win Rate (Last 50):  76.0% | Speed: 5,876 steps/s (113 fights/min) | Elapsed: 3705.4s
Battles: 7018/7800 | Vs: x        | Win Rate (Last 50):  76.0% | Speed: 5,876 steps/s (113 fights/min) | Elapsed: 3706.6s
Battles: 7020/7800 | Vs: nigo     | Win Rate (Last 50):  76.0% | Speed: 5,876 steps/s (113 fights/min) | Elapsed: 3707.7s
Battles: 7023/7800 | Vs: x        | Win Rate (Last 50):  76.0% | Speed: 5,875 steps/s (113 fights/min) | Elapsed: 3709.4s
Battles: 7026/7800 | Vs: v3       | Win Rate (Last 50):  76.0% | Speed: 5,875 steps/s (113 fights/min) | Elapsed: 3711.0s
Battles: 7028/7800 | Vs: x        | Win Rate (Last 50):  78.0% | Speed: 5,875 steps/s (113 fights/min) | Elapsed: 3712.1s
Battles: 7030/7800 | Vs: nigo     | Win Rate (Last 50):  76.0% | Speed: 5,874 steps/s (113 fights/min) | Elapsed: 3713.2s
Battles: 7033/7800 | Vs: x        | Win Rate (Last 50):  78.0% | Speed: 5,874 steps/s (113 fights/min) | Elapsed: 3714.9s
Battles: 7035/7800 | Vs: nigo     | Win Rate (Last 50):  76.0% | Speed: 5,874 steps/s (113 fights/min) | Elapsed: 3716.0s
Battles: 7037/7800 | Vs: riderman | Win Rate (Last 50):  76.0% | Speed: 5,873 steps/s (113 fights/min) | Elapsed: 3717.4s
Battles: 7040/7800 | Vs: nigo     | Win Rate (Last 50):  76.0% | Speed: 5,873 steps/s (113 fights/min) | Elapsed: 3718.9s
Battles: 7042/7800 | Vs: riderman | Win Rate (Last 50):  78.0% | Speed: 5,873 steps/s (113 fights/min) | Elapsed: 3720.0s
Battles: 7044/7800 | Vs: amazon   | Win Rate (Last 50):  78.0% | Speed: 5,872 steps/s (113 fights/min) | Elapsed: 3721.1s
Battles: 7046/7800 | Vs: v3       | Win Rate (Last 50):  80.0% | Speed: 5,872 steps/s (113 fights/min) | Elapsed: 3722.2s
Battles: 7048/7800 | Vs: x        | Win Rate (Last 50):  82.0% | Speed: 5,872 steps/s (113 fights/min) | Elapsed: 3723.3s
Battles: 7051/7800 | Vs: v3       | Win Rate (Last 50):  82.0% | Speed: 5,871 steps/s (113 fights/min) | Elapsed: 3724.9s
Battles: 7053/7800 | Vs: x        | Win Rate (Last 50):  82.0% | Speed: 5,871 steps/s (113 fights/min) | Elapsed: 3726.0s
Battles: 7055/7800 | Vs: nigo     | Win Rate (Last 50):  82.0% | Speed: 5,871 steps/s (113 fights/min) | Elapsed: 3727.2s
Battles: 7057/7800 | Vs: riderman | Win Rate (Last 50):  80.0% | Speed: 5,870 steps/s (113 fights/min) | Elapsed: 3728.4s
Battles: 7059/7800 | Vs: amazon   | Win Rate (Last 50):  80.0% | Speed: 5,870 steps/s (113 fights/min) | Elapsed: 3729.5s
Battles: 7061/7800 | Vs: v3       | Win Rate (Last 50):  80.0% | Speed: 5,870 steps/s (113 fights/min) | Elapsed: 3730.7s
Battles: 7063/7800 | Vs: x        | Win Rate (Last 50):  82.0% | Speed: 5,870 steps/s (113 fights/min) | Elapsed: 3731.9s
Battles: 7065/7800 | Vs: nigo     | Win Rate (Last 50):  82.0% | Speed: 5,869 steps/s (113 fights/min) | Elapsed: 3733.1s
Battles: 7067/7800 | Vs: riderman | Win Rate (Last 50):  82.0% | Speed: 5,869 steps/s (113 fights/min) | Elapsed: 3734.2s
Battles: 7070/7800 | Vs: nigo     | Win Rate (Last 50):  80.0% | Speed: 5,869 steps/s (113 fights/min) | Elapsed: 3735.7s
Battles: 7072/7800 | Vs: riderman | Win Rate (Last 50):  80.0% | Speed: 5,868 steps/s (113 fights/min) | Elapsed: 3737.1s
Battles: 7075/7800 | Vs: nigo     | Win Rate (Last 50):  80.0% | Speed: 5,868 steps/s (113 fights/min) | Elapsed: 3738.7s
Battles: 7077/7800 | Vs: riderman | Win Rate (Last 50):  80.0% | Speed: 5,868 steps/s (113 fights/min) | Elapsed: 3739.8s
Battles: 7079/7800 | Vs: amazon   | Win Rate (Last 50):  80.0% | Speed: 5,868 steps/s (113 fights/min) | Elapsed: 3740.8s
Battles: 7081/7800 | Vs: v3       | Win Rate (Last 50):  80.0% | Speed: 5,867 steps/s (113 fights/min) | Elapsed: 3742.0s
Battles: 7083/7800 | Vs: x        | Win Rate (Last 50):  78.0% | Speed: 5,867 steps/s (113 fights/min) | Elapsed: 3743.2s
Battles: 7085/7800 | Vs: nigo     | Win Rate (Last 50):  80.0% | Speed: 5,867 steps/s (113 fights/min) | Elapsed: 3744.2s
Battles: 7087/7800 | Vs: riderman | Win Rate (Last 50):  80.0% | Speed: 5,867 steps/s (113 fights/min) | Elapsed: 3745.3s
Battles: 7090/7800 | Vs: nigo     | Win Rate (Last 50):  78.0% | Speed: 5,866 steps/s (113 fights/min) | Elapsed: 3746.7s
Battles: 7092/7800 | Vs: riderman | Win Rate (Last 50):  78.0% | Speed: 5,866 steps/s (113 fights/min) | Elapsed: 3748.2s
Battles: 7094/7800 | Vs: amazon   | Win Rate (Last 50):  78.0% | Speed: 5,866 steps/s (113 fights/min) | Elapsed: 3749.2s
Battles: 7096/7800 | Vs: v3       | Win Rate (Last 50):  78.0% | Speed: 5,865 steps/s (113 fights/min) | Elapsed: 3750.4s
Battles: 7098/7800 | Vs: x        | Win Rate (Last 50):  78.0% | Speed: 5,865 steps/s (113 fights/min) | Elapsed: 3751.4s
Battles: 7100/7800 | Vs: nigo     | Win Rate (Last 50):  80.0% | Speed: 5,865 steps/s (113 fights/min) | Elapsed: 3752.5s
Battles: 7102/7800 | Vs: riderman | Win Rate (Last 50):  80.0% | Speed: 5,864 steps/s (113 fights/min) | Elapsed: 3753.8s
Battles: 7104/7800 | Vs: amazon   | Win Rate (Last 50):  80.0% | Speed: 5,864 steps/s (113 fights/min) | Elapsed: 3754.9s
Battles: 7106/7800 | Vs: v3       | Win Rate (Last 50):  82.0% | Speed: 5,864 steps/s (113 fights/min) | Elapsed: 3756.0s
Battles: 7109/7800 | Vs: amazon   | Win Rate (Last 50):  82.0% | Speed: 5,864 steps/s (113 fights/min) | Elapsed: 3757.5s
Battles: 7111/7800 | Vs: v3       | Win Rate (Last 50):  82.0% | Speed: 5,863 steps/s (113 fights/min) | Elapsed: 3758.6s
Battles: 7113/7800 | Vs: x        | Win Rate (Last 50):  84.0% | Speed: 5,863 steps/s (113 fights/min) | Elapsed: 3759.9s
Battles: 7115/7800 | Vs: nigo     | Win Rate (Last 50):  86.0% | Speed: 5,863 steps/s (113 fights/min) | Elapsed: 3761.0s
Battles: 7117/7800 | Vs: riderman | Win Rate (Last 50):  86.0% | Speed: 5,863 steps/s (113 fights/min) | Elapsed: 3762.2s
Battles: 7120/7800 | Vs: nigo     | Win Rate (Last 50):  86.0% | Speed: 5,862 steps/s (113 fights/min) | Elapsed: 3763.6s
Battles: 7122/7800 | Vs: riderman | Win Rate (Last 50):  86.0% | Speed: 5,862 steps/s (113 fights/min) | Elapsed: 3764.8s
Battles: 7124/7800 | Vs: amazon   | Win Rate (Last 50):  84.0% | Speed: 5,862 steps/s (113 fights/min) | Elapsed: 3765.8s
Battles: 7126/7800 | Vs: v3       | Win Rate (Last 50):  82.0% | Speed: 5,862 steps/s (113 fights/min) | Elapsed: 3766.9s
Battles: 7128/7800 | Vs: x        | Win Rate (Last 50):  80.0% | Speed: 5,861 steps/s (113 fights/min) | Elapsed: 3768.2s
Battles: 7131/7800 | Vs: v3       | Win Rate (Last 50):  80.0% | Speed: 5,861 steps/s (113 fights/min) | Elapsed: 3769.7s
Battles: 7133/7800 | Vs: x        | Win Rate (Last 50):  82.0% | Speed: 5,861 steps/s (113 fights/min) | Elapsed: 3770.9s
Battles: 7136/7800 | Vs: v3       | Win Rate (Last 50):  84.0% | Speed: 5,860 steps/s (113 fights/min) | Elapsed: 3772.4s
Battles: 7138/7800 | Vs: x        | Win Rate (Last 50):  84.0% | Speed: 5,860 steps/s (113 fights/min) | Elapsed: 3773.5s
Battles: 7140/7800 | Vs: nigo     | Win Rate (Last 50):  84.0% | Speed: 5,860 steps/s (113 fights/min) | Elapsed: 3774.5s
Battles: 7142/7800 | Vs: riderman | Win Rate (Last 50):  82.0% | Speed: 5,860 steps/s (113 fights/min) | Elapsed: 3775.6s
Battles: 7144/7800 | Vs: amazon   | Win Rate (Last 50):  82.0% | Speed: 5,859 steps/s (113 fights/min) | Elapsed: 3776.8s
Battles: 7146/7800 | Vs: v3       | Win Rate (Last 50):  82.0% | Speed: 5,859 steps/s (113 fights/min) | Elapsed: 3778.2s
Battles: 7148/7800 | Vs: x        | Win Rate (Last 50):  80.0% | Speed: 5,859 steps/s (113 fights/min) | Elapsed: 3779.4s
Battles: 7151/7800 | Vs: v3       | Win Rate (Last 50):  82.0% | Speed: 5,858 steps/s (113 fights/min) | Elapsed: 3781.0s
Battles: 7153/7800 | Vs: x        | Win Rate (Last 50):  82.0% | Speed: 5,858 steps/s (113 fights/min) | Elapsed: 3782.1s
Battles: 7155/7800 | Vs: nigo     | Win Rate (Last 50):  80.0% | Speed: 5,858 steps/s (113 fights/min) | Elapsed: 3783.1s
Battles: 7158/7800 | Vs: x        | Win Rate (Last 50):  80.0% | Speed: 5,857 steps/s (113 fights/min) | Elapsed: 3784.7s
Battles: 7160/7800 | Vs: nigo     | Win Rate (Last 50):  80.0% | Speed: 5,857 steps/s (113 fights/min) | Elapsed: 3785.7s
Battles: 7162/7800 | Vs: riderman | Win Rate (Last 50):  80.0% | Speed: 5,857 steps/s (113 fights/min) | Elapsed: 3787.1s
Battles: 7165/7800 | Vs: nigo     | Win Rate (Last 50):  80.0% | Speed: 5,856 steps/s (113 fights/min) | Elapsed: 3788.8s
Battles: 7167/7800 | Vs: riderman | Win Rate (Last 50):  80.0% | Speed: 5,856 steps/s (113 fights/min) | Elapsed: 3789.9s
Battles: 7169/7800 | Vs: amazon   | Win Rate (Last 50):  78.0% | Speed: 5,856 steps/s (113 fights/min) | Elapsed: 3790.9s
Battles: 7171/7800 | Vs: v3       | Win Rate (Last 50):  80.0% | Speed: 5,856 steps/s (113 fights/min) | Elapsed: 3792.1s
Battles: 7173/7800 | Vs: x        | Win Rate (Last 50):  82.0% | Speed: 5,855 steps/s (113 fights/min) | Elapsed: 3793.2s
Battles: 7175/7800 | Vs: nigo     | Win Rate (Last 50):  82.0% | Speed: 5,855 steps/s (113 fights/min) | Elapsed: 3794.3s
Battles: 7177/7800 | Vs: riderman | Win Rate (Last 50):  80.0% | Speed: 5,855 steps/s (113 fights/min) | Elapsed: 3795.4s
Battles: 7179/7800 | Vs: amazon   | Win Rate (Last 50):  82.0% | Speed: 5,855 steps/s (113 fights/min) | Elapsed: 3796.5s
Battles: 7181/7800 | Vs: v3       | Win Rate (Last 50):  82.0% | Speed: 5,855 steps/s (113 fights/min) | Elapsed: 3797.7s
Battles: 7183/7800 | Vs: x        | Win Rate (Last 50):  82.0% | Speed: 5,854 steps/s (113 fights/min) | Elapsed: 3799.1s
Battles: 7186/7800 | Vs: v3       | Win Rate (Last 50):  80.0% | Speed: 5,854 steps/s (113 fights/min) | Elapsed: 3800.6s
Battles: 7189/7800 | Vs: amazon   | Win Rate (Last 50):  82.0% | Speed: 5,853 steps/s (113 fights/min) | Elapsed: 3802.0s
Battles: 7191/7800 | Vs: v3       | Win Rate (Last 50):  80.0% | Speed: 5,853 steps/s (113 fights/min) | Elapsed: 3803.3s
Battles: 7193/7800 | Vs: x        | Win Rate (Last 50):  82.0% | Speed: 5,853 steps/s (113 fights/min) | Elapsed: 3804.4s
Battles: 7195/7800 | Vs: nigo     | Win Rate (Last 50):  82.0% | Speed: 5,853 steps/s (113 fights/min) | Elapsed: 3805.4s
Battles: 7197/7800 | Vs: riderman | Win Rate (Last 50):  82.0% | Speed: 5,852 steps/s (113 fights/min) | Elapsed: 3806.5s
Battles: 7199/7800 | Vs: amazon   | Win Rate (Last 50):  84.0% | Speed: 5,852 steps/s (113 fights/min) | Elapsed: 3807.5s
Battles: 7201/7800 | Vs: v3       | Win Rate (Last 50):  82.0% | Speed: 5,852 steps/s (113 fights/min) | Elapsed: 3808.8s
Battles: 7203/7800 | Vs: x        | Win Rate (Last 50):  82.0% | Speed: 5,851 steps/s (113 fights/min) | Elapsed: 3810.2s
Battles: 7206/7800 | Vs: v3       | Win Rate (Last 50):  84.0% | Speed: 5,851 steps/s (113 fights/min) | Elapsed: 3811.7s
Battles: 7208/7800 | Vs: x        | Win Rate (Last 50):  84.0% | Speed: 5,851 steps/s (113 fights/min) | Elapsed: 3812.7s
Battles: 7210/7800 | Vs: nigo     | Win Rate (Last 50):  84.0% | Speed: 5,851 steps/s (113 fights/min) | Elapsed: 3813.8s
Battles: 7212/7800 | Vs: riderman | Win Rate (Last 50):  84.0% | Speed: 5,850 steps/s (113 fights/min) | Elapsed: 3815.1s
Battles: 7215/7800 | Vs: nigo     | Win Rate (Last 50):  84.0% | Speed: 5,850 steps/s (113 fights/min) | Elapsed: 3816.7s
Battles: 7217/7800 | Vs: riderman | Win Rate (Last 50):  84.0% | Speed: 5,850 steps/s (113 fights/min) | Elapsed: 3817.9s
Battles: 7219/7800 | Vs: amazon   | Win Rate (Last 50):  86.0% | Speed: 5,850 steps/s (113 fights/min) | Elapsed: 3819.1s
Battles: 7221/7800 | Vs: v3       | Win Rate (Last 50):  84.0% | Speed: 5,849 steps/s (113 fights/min) | Elapsed: 3820.5s
Battles: 7223/7800 | Vs: x        | Win Rate (Last 50):  82.0% | Speed: 5,849 steps/s (113 fights/min) | Elapsed: 3821.6s
Battles: 7225/7800 | Vs: nigo     | Win Rate (Last 50):  82.0% | Speed: 5,849 steps/s (113 fights/min) | Elapsed: 3822.6s
Battles: 7227/7800 | Vs: riderman | Win Rate (Last 50):  86.0% | Speed: 5,849 steps/s (113 fights/min) | Elapsed: 3823.7s
Battles: 7229/7800 | Vs: amazon   | Win Rate (Last 50):  86.0% | Speed: 5,848 steps/s (113 fights/min) | Elapsed: 3824.8s
Battles: 7231/7800 | Vs: v3       | Win Rate (Last 50):  86.0% | Speed: 5,848 steps/s (113 fights/min) | Elapsed: 3826.0s
Battles: 7233/7800 | Vs: x        | Win Rate (Last 50):  84.0% | Speed: 5,848 steps/s (113 fights/min) | Elapsed: 3827.1s
Battles: 7236/7800 | Vs: v3       | Win Rate (Last 50):  86.0% | Speed: 5,848 steps/s (113 fights/min) | Elapsed: 3828.6s
Battles: 7238/7800 | Vs: x        | Win Rate (Last 50):  82.0% | Speed: 5,847 steps/s (113 fights/min) | Elapsed: 3830.0s
Battles: 7241/7800 | Vs: v3       | Win Rate (Last 50):  84.0% | Speed: 5,847 steps/s (113 fights/min) | Elapsed: 3831.5s
Battles: 7243/7800 | Vs: x        | Win Rate (Last 50):  84.0% | Speed: 5,846 steps/s (113 fights/min) | Elapsed: 3832.7s
Battles: 7245/7800 | Vs: nigo     | Win Rate (Last 50):  84.0% | Speed: 5,846 steps/s (113 fights/min) | Elapsed: 3833.8s
Battles: 7247/7800 | Vs: riderman | Win Rate (Last 50):  82.0% | Speed: 5,846 steps/s (113 fights/min) | Elapsed: 3834.9s
Battles: 7249/7800 | Vs: amazon   | Win Rate (Last 50):  82.0% | Speed: 5,846 steps/s (113 fights/min) | Elapsed: 3835.9s
Battles: 7251/7800 | Vs: v3       | Win Rate (Last 50):  84.0% | Speed: 5,846 steps/s (113 fights/min) | Elapsed: 3837.3s
Battles: 7254/7800 | Vs: amazon   | Win Rate (Last 50):  84.0% | Speed: 5,845 steps/s (113 fights/min) | Elapsed: 3838.6s
Battles: 7256/7800 | Vs: v3       | Win Rate (Last 50):  82.0% | Speed: 5,845 steps/s (113 fights/min) | Elapsed: 3840.1s
Battles: 7258/7800 | Vs: x        | Win Rate (Last 50):  82.0% | Speed: 5,845 steps/s (113 fights/min) | Elapsed: 3841.2s
Battles: 7260/7800 | Vs: nigo     | Win Rate (Last 50):  84.0% | Speed: 5,844 steps/s (113 fights/min) | Elapsed: 3842.4s
Battles: 7262/7800 | Vs: riderman | Win Rate (Last 50):  84.0% | Speed: 5,844 steps/s (113 fights/min) | Elapsed: 3843.4s
Battles: 7264/7800 | Vs: amazon   | Win Rate (Last 50):  82.0% | Speed: 5,844 steps/s (113 fights/min) | Elapsed: 3844.6s
Battles: 7266/7800 | Vs: v3       | Win Rate (Last 50):  82.0% | Speed: 5,844 steps/s (113 fights/min) | Elapsed: 3845.7s
Battles: 7268/7800 | Vs: x        | Win Rate (Last 50):  82.0% | Speed: 5,843 steps/s (113 fights/min) | Elapsed: 3846.9s
Battles: 7270/7800 | Vs: nigo     | Win Rate (Last 50):  82.0% | Speed: 5,843 steps/s (113 fights/min) | Elapsed: 3848.0s
Battles: 7272/7800 | Vs: riderman | Win Rate (Last 50):  78.0% | Speed: 5,843 steps/s (113 fights/min) | Elapsed: 3849.2s
Battles: 7274/7800 | Vs: amazon   | Win Rate (Last 50):  78.0% | Speed: 5,842 steps/s (113 fights/min) | Elapsed: 3850.3s
Battles: 7276/7800 | Vs: v3       | Win Rate (Last 50):  78.0% | Speed: 5,842 steps/s (113 fights/min) | Elapsed: 3851.4s
Battles: 7279/7800 | Vs: amazon   | Win Rate (Last 50):  78.0% | Speed: 5,842 steps/s (113 fights/min) | Elapsed: 3852.9s
Battles: 7281/7800 | Vs: v3       | Win Rate (Last 50):  78.0% | Speed: 5,842 steps/s (113 fights/min) | Elapsed: 3854.2s
Battles: 7283/7800 | Vs: x        | Win Rate (Last 50):  80.0% | Speed: 5,841 steps/s (113 fights/min) | Elapsed: 3855.4s
Battles: 7285/7800 | Vs: nigo     | Win Rate (Last 50):  76.0% | Speed: 5,841 steps/s (113 fights/min) | Elapsed: 3856.7s
Battles: 7287/7800 | Vs: riderman | Win Rate (Last 50):  76.0% | Speed: 5,841 steps/s (113 fights/min) | Elapsed: 3857.8s
Battles: 7289/7800 | Vs: amazon   | Win Rate (Last 50):  76.0% | Speed: 5,841 steps/s (113 fights/min) | Elapsed: 3858.9s
Battles: 7291/7800 | Vs: v3       | Win Rate (Last 50):  76.0% | Speed: 5,840 steps/s (113 fights/min) | Elapsed: 3860.2s
Battles: 7293/7800 | Vs: x        | Win Rate (Last 50):  76.0% | Speed: 5,840 steps/s (113 fights/min) | Elapsed: 3861.4s
Battles: 7295/7800 | Vs: nigo     | Win Rate (Last 50):  74.0% | Speed: 5,840 steps/s (113 fights/min) | Elapsed: 3862.5s
Battles: 7297/7800 | Vs: riderman | Win Rate (Last 50):  76.0% | Speed: 5,840 steps/s (113 fights/min) | Elapsed: 3863.6s
Battles: 7299/7800 | Vs: amazon   | Win Rate (Last 50):  76.0% | Speed: 5,839 steps/s (113 fights/min) | Elapsed: 3864.8s
Battles: 7301/7800 | Vs: v3       | Win Rate (Last 50):  74.0% | Speed: 5,839 steps/s (113 fights/min) | Elapsed: 3866.0s
Battles: 7304/7800 | Vs: amazon   | Win Rate (Last 50):  72.0% | Speed: 5,839 steps/s (113 fights/min) | Elapsed: 3867.4s
Battles: 7306/7800 | Vs: v3       | Win Rate (Last 50):  74.0% | Speed: 5,839 steps/s (113 fights/min) | Elapsed: 3868.7s
Battles: 7308/7800 | Vs: x        | Win Rate (Last 50):  72.0% | Speed: 5,838 steps/s (113 fights/min) | Elapsed: 3869.9s
Battles: 7310/7800 | Vs: nigo     | Win Rate (Last 50):  72.0% | Speed: 5,838 steps/s (113 fights/min) | Elapsed: 3871.1s
Battles: 7312/7800 | Vs: riderman | Win Rate (Last 50):  72.0% | Speed: 5,838 steps/s (113 fights/min) | Elapsed: 3872.2s
Battles: 7315/7800 | Vs: nigo     | Win Rate (Last 50):  74.0% | Speed: 5,837 steps/s (113 fights/min) | Elapsed: 3873.7s
Battles: 7318/7800 | Vs: x        | Win Rate (Last 50):  74.0% | Speed: 5,837 steps/s (113 fights/min) | Elapsed: 3875.3s
Battles: 7320/7800 | Vs: nigo     | Win Rate (Last 50):  76.0% | Speed: 5,837 steps/s (113 fights/min) | Elapsed: 3876.5s
Battles: 7323/7800 | Vs: x        | Win Rate (Last 50):  80.0% | Speed: 5,836 steps/s (113 fights/min) | Elapsed: 3878.1s
Battles: 7326/7800 | Vs: v3       | Win Rate (Last 50):  78.0% | Speed: 5,836 steps/s (113 fights/min) | Elapsed: 3879.6s
Battles: 7328/7800 | Vs: x        | Win Rate (Last 50):  78.0% | Speed: 5,836 steps/s (113 fights/min) | Elapsed: 3880.7s
Battles: 7330/7800 | Vs: nigo     | Win Rate (Last 50):  78.0% | Speed: 5,835 steps/s (113 fights/min) | Elapsed: 3882.1s
Battles: 7332/7800 | Vs: riderman | Win Rate (Last 50):  78.0% | Speed: 5,835 steps/s (113 fights/min) | Elapsed: 3883.2s
Battles: 7334/7800 | Vs: amazon   | Win Rate (Last 50):  80.0% | Speed: 5,835 steps/s (113 fights/min) | Elapsed: 3884.4s
Battles: 7336/7800 | Vs: v3       | Win Rate (Last 50):  82.0% | Speed: 5,835 steps/s (113 fights/min) | Elapsed: 3885.7s
Battles: 7338/7800 | Vs: x        | Win Rate (Last 50):  86.0% | Speed: 5,834 steps/s (113 fights/min) | Elapsed: 3886.7s
Battles: 7340/7800 | Vs: nigo     | Win Rate (Last 50):  86.0% | Speed: 5,834 steps/s (113 fights/min) | Elapsed: 3887.8s
Battles: 7342/7800 | Vs: riderman | Win Rate (Last 50):  84.0% | Speed: 5,834 steps/s (113 fights/min) | Elapsed: 3888.9s
Battles: 7344/7800 | Vs: amazon   | Win Rate (Last 50):  82.0% | Speed: 5,834 steps/s (113 fights/min) | Elapsed: 3889.9s
Battles: 7346/7800 | Vs: v3       | Win Rate (Last 50):  84.0% | Speed: 5,834 steps/s (113 fights/min) | Elapsed: 3891.1s
Battles: 7348/7800 | Vs: x        | Win Rate (Last 50):  84.0% | Speed: 5,833 steps/s (113 fights/min) | Elapsed: 3892.5s
Battles: 7351/7800 | Vs: v3       | Win Rate (Last 50):  86.0% | Speed: 5,833 steps/s (113 fights/min) | Elapsed: 3894.0s
Battles: 7353/7800 | Vs: x        | Win Rate (Last 50):  84.0% | Speed: 5,833 steps/s (113 fights/min) | Elapsed: 3895.3s
Battles: 7356/7800 | Vs: v3       | Win Rate (Last 50):  82.0% | Speed: 5,832 steps/s (113 fights/min) | Elapsed: 3896.9s
Battles: 7358/7800 | Vs: x        | Win Rate (Last 50):  80.0% | Speed: 5,832 steps/s (113 fights/min) | Elapsed: 3898.2s
Battles: 7360/7800 | Vs: nigo     | Win Rate (Last 50):  80.0% | Speed: 5,832 steps/s (113 fights/min) | Elapsed: 3899.2s
Battles: 7362/7800 | Vs: riderman | Win Rate (Last 50):  80.0% | Speed: 5,831 steps/s (113 fights/min) | Elapsed: 3900.4s
Battles: 7364/7800 | Vs: amazon   | Win Rate (Last 50):  80.0% | Speed: 5,831 steps/s (113 fights/min) | Elapsed: 3901.5s
Battles: 7366/7800 | Vs: v3       | Win Rate (Last 50):  78.0% | Speed: 5,831 steps/s (113 fights/min) | Elapsed: 3902.8s
Battles: 7368/7800 | Vs: x        | Win Rate (Last 50):  76.0% | Speed: 5,831 steps/s (113 fights/min) | Elapsed: 3904.1s
Battles: 7370/7800 | Vs: nigo     | Win Rate (Last 50):  76.0% | Speed: 5,830 steps/s (113 fights/min) | Elapsed: 3905.4s
Battles: 7372/7800 | Vs: riderman | Win Rate (Last 50):  76.0% | Speed: 5,830 steps/s (113 fights/min) | Elapsed: 3906.7s
Battles: 7374/7800 | Vs: amazon   | Win Rate (Last 50):  78.0% | Speed: 5,830 steps/s (113 fights/min) | Elapsed: 3907.7s
Battles: 7376/7800 | Vs: v3       | Win Rate (Last 50):  76.0% | Speed: 5,829 steps/s (113 fights/min) | Elapsed: 3908.9s
Battles: 7378/7800 | Vs: x        | Win Rate (Last 50):  76.0% | Speed: 5,829 steps/s (113 fights/min) | Elapsed: 3909.9s
Battles: 7380/7800 | Vs: nigo     | Win Rate (Last 50):  78.0% | Speed: 5,829 steps/s (113 fights/min) | Elapsed: 3911.2s
Battles: 7382/7800 | Vs: riderman | Win Rate (Last 50):  78.0% | Speed: 5,829 steps/s (113 fights/min) | Elapsed: 3912.4s
Battles: 7385/7800 | Vs: nigo     | Win Rate (Last 50):  78.0% | Speed: 5,828 steps/s (113 fights/min) | Elapsed: 3913.9s
Battles: 7387/7800 | Vs: riderman | Win Rate (Last 50):  78.0% | Speed: 5,828 steps/s (113 fights/min) | Elapsed: 3915.2s
Battles: 7389/7800 | Vs: amazon   | Win Rate (Last 50):  78.0% | Speed: 5,828 steps/s (113 fights/min) | Elapsed: 3916.3s
Battles: 7391/7800 | Vs: v3       | Win Rate (Last 50):  80.0% | Speed: 5,828 steps/s (113 fights/min) | Elapsed: 3917.6s
Battles: 7393/7800 | Vs: x        | Win Rate (Last 50):  80.0% | Speed: 5,827 steps/s (113 fights/min) | Elapsed: 3918.7s
Battles: 7395/7800 | Vs: nigo     | Win Rate (Last 50):  78.0% | Speed: 5,827 steps/s (113 fights/min) | Elapsed: 3919.9s
Battles: 7397/7800 | Vs: riderman | Win Rate (Last 50):  78.0% | Speed: 5,827 steps/s (113 fights/min) | Elapsed: 3921.0s
Battles: 7399/7800 | Vs: amazon   | Win Rate (Last 50):  78.0% | Speed: 5,826 steps/s (113 fights/min) | Elapsed: 3922.1s
Battles: 7401/7800 | Vs: v3       | Win Rate (Last 50):  78.0% | Speed: 5,826 steps/s (113 fights/min) | Elapsed: 3923.4s
Battles: 7403/7800 | Vs: x        | Win Rate (Last 50):  80.0% | Speed: 5,826 steps/s (113 fights/min) | Elapsed: 3924.4s
Battles: 7405/7800 | Vs: nigo     | Win Rate (Last 50):  80.0% | Speed: 5,826 steps/s (113 fights/min) | Elapsed: 3925.5s
Battles: 7407/7800 | Vs: riderman | Win Rate (Last 50):  82.0% | Speed: 5,825 steps/s (113 fights/min) | Elapsed: 3926.6s
Battles: 7409/7800 | Vs: amazon   | Win Rate (Last 50):  82.0% | Speed: 5,825 steps/s (113 fights/min) | Elapsed: 3927.7s
Battles: 7411/7800 | Vs: v3       | Win Rate (Last 50):  82.0% | Speed: 5,825 steps/s (113 fights/min) | Elapsed: 3928.9s
Battles: 7413/7800 | Vs: x        | Win Rate (Last 50):  80.0% | Speed: 5,825 steps/s (113 fights/min) | Elapsed: 3930.1s
Battles: 7416/7800 | Vs: v3       | Win Rate (Last 50):  78.0% | Speed: 5,824 steps/s (113 fights/min) | Elapsed: 3931.7s
Battles: 7418/7800 | Vs: x        | Win Rate (Last 50):  80.0% | Speed: 5,824 steps/s (113 fights/min) | Elapsed: 3933.0s
Battles: 7421/7800 | Vs: v3       | Win Rate (Last 50):  78.0% | Speed: 5,824 steps/s (113 fights/min) | Elapsed: 3934.5s
Battles: 7423/7800 | Vs: x        | Win Rate (Last 50):  76.0% | Speed: 5,824 steps/s (113 fights/min) | Elapsed: 3935.6s
Battles: 7425/7800 | Vs: nigo     | Win Rate (Last 50):  78.0% | Speed: 5,823 steps/s (113 fights/min) | Elapsed: 3936.7s
Battles: 7427/7800 | Vs: riderman | Win Rate (Last 50):  78.0% | Speed: 5,823 steps/s (113 fights/min) | Elapsed: 3937.9s
Battles: 7430/7800 | Vs: nigo     | Win Rate (Last 50):  78.0% | Speed: 5,823 steps/s (113 fights/min) | Elapsed: 3939.5s
Battles: 7432/7800 | Vs: riderman | Win Rate (Last 50):  78.0% | Speed: 5,823 steps/s (113 fights/min) | Elapsed: 3940.6s
Battles: 7434/7800 | Vs: amazon   | Win Rate (Last 50):  78.0% | Speed: 5,822 steps/s (113 fights/min) | Elapsed: 3941.8s
Battles: 7436/7800 | Vs: v3       | Win Rate (Last 50):  78.0% | Speed: 5,822 steps/s (113 fights/min) | Elapsed: 3943.2s
Battles: 7439/7800 | Vs: amazon   | Win Rate (Last 50):  78.0% | Speed: 5,822 steps/s (113 fights/min) | Elapsed: 3944.6s
Battles: 7441/7800 | Vs: v3       | Win Rate (Last 50):  74.0% | Speed: 5,822 steps/s (113 fights/min) | Elapsed: 3945.8s
Battles: 7443/7800 | Vs: x        | Win Rate (Last 50):  76.0% | Speed: 5,821 steps/s (113 fights/min) | Elapsed: 3946.9s
Battles: 7445/7800 | Vs: nigo     | Win Rate (Last 50):  78.0% | Speed: 5,821 steps/s (113 fights/min) | Elapsed: 3948.0s
Battles: 7447/7800 | Vs: riderman | Win Rate (Last 50):  74.0% | Speed: 5,821 steps/s (113 fights/min) | Elapsed: 3949.2s
Battles: 7449/7800 | Vs: amazon   | Win Rate (Last 50):  74.0% | Speed: 5,821 steps/s (113 fights/min) | Elapsed: 3950.2s
Battles: 7451/7800 | Vs: v3       | Win Rate (Last 50):  72.0% | Speed: 5,820 steps/s (113 fights/min) | Elapsed: 3951.6s
Battles: 7453/7800 | Vs: x        | Win Rate (Last 50):  74.0% | Speed: 5,820 steps/s (113 fights/min) | Elapsed: 3952.7s
Battles: 7455/7800 | Vs: nigo     | Win Rate (Last 50):  74.0% | Speed: 5,820 steps/s (113 fights/min) | Elapsed: 3953.9s
Battles: 7457/7800 | Vs: riderman | Win Rate (Last 50):  74.0% | Speed: 5,820 steps/s (113 fights/min) | Elapsed: 3955.0s
Battles: 7460/7800 | Vs: nigo     | Win Rate (Last 50):  74.0% | Speed: 5,819 steps/s (113 fights/min) | Elapsed: 3956.6s
Battles: 7462/7800 | Vs: riderman | Win Rate (Last 50):  76.0% | Speed: 5,819 steps/s (113 fights/min) | Elapsed: 3957.6s
Battles: 7464/7800 | Vs: amazon   | Win Rate (Last 50):  76.0% | Speed: 5,819 steps/s (113 fights/min) | Elapsed: 3958.7s
Battles: 7466/7800 | Vs: v3       | Win Rate (Last 50):  80.0% | Speed: 5,819 steps/s (113 fights/min) | Elapsed: 3959.8s
Battles: 7468/7800 | Vs: x        | Win Rate (Last 50):  80.0% | Speed: 5,818 steps/s (113 fights/min) | Elapsed: 3960.8s
Battles: 7470/7800 | Vs: nigo     | Win Rate (Last 50):  80.0% | Speed: 5,818 steps/s (113 fights/min) | Elapsed: 3962.1s
Battles: 7472/7800 | Vs: riderman | Win Rate (Last 50):  80.0% | Speed: 5,818 steps/s (113 fights/min) | Elapsed: 3963.3s
Battles: 7474/7800 | Vs: amazon   | Win Rate (Last 50):  82.0% | Speed: 5,817 steps/s (113 fights/min) | Elapsed: 3964.6s
Battles: 7476/7800 | Vs: v3       | Win Rate (Last 50):  82.0% | Speed: 5,817 steps/s (113 fights/min) | Elapsed: 3965.8s
Battles: 7478/7800 | Vs: x        | Win Rate (Last 50):  82.0% | Speed: 5,817 steps/s (113 fights/min) | Elapsed: 3967.0s
Battles: 7480/7800 | Vs: nigo     | Win Rate (Last 50):  80.0% | Speed: 5,817 steps/s (113 fights/min) | Elapsed: 3968.1s
Battles: 7482/7800 | Vs: riderman | Win Rate (Last 50):  80.0% | Speed: 5,817 steps/s (113 fights/min) | Elapsed: 3969.2s
Battles: 7484/7800 | Vs: amazon   | Win Rate (Last 50):  80.0% | Speed: 5,816 steps/s (113 fights/min) | Elapsed: 3970.2s
Battles: 7486/7800 | Vs: v3       | Win Rate (Last 50):  76.0% | Speed: 5,816 steps/s (113 fights/min) | Elapsed: 3971.5s
Battles: 7488/7800 | Vs: x        | Win Rate (Last 50):  74.0% | Speed: 5,816 steps/s (113 fights/min) | Elapsed: 3972.6s
Battles: 7490/7800 | Vs: nigo     | Win Rate (Last 50):  76.0% | Speed: 5,816 steps/s (113 fights/min) | Elapsed: 3973.9s
Battles: 7492/7800 | Vs: riderman | Win Rate (Last 50):  78.0% | Speed: 5,815 steps/s (113 fights/min) | Elapsed: 3975.0s
Battles: 7494/7800 | Vs: amazon   | Win Rate (Last 50):  78.0% | Speed: 5,815 steps/s (113 fights/min) | Elapsed: 3976.1s
Battles: 7496/7800 | Vs: v3       | Win Rate (Last 50):  78.0% | Speed: 5,815 steps/s (113 fights/min) | Elapsed: 3977.4s
Battles: 7498/7800 | Vs: x        | Win Rate (Last 50):  78.0% | Speed: 5,815 steps/s (113 fights/min) | Elapsed: 3978.6s
Battles: 7500/7800 | Vs: nigo     | Win Rate (Last 50):  76.0% | Speed: 5,814 steps/s (113 fights/min) | Elapsed: 3979.7s
Battles: 7502/7800 | Vs: riderman | Win Rate (Last 50):  76.0% | Speed: 5,814 steps/s (113 fights/min) | Elapsed: 3980.8s
Battles: 7504/7800 | Vs: amazon   | Win Rate (Last 50):  74.0% | Speed: 5,814 steps/s (113 fights/min) | Elapsed: 3981.9s
Battles: 7506/7800 | Vs: v3       | Win Rate (Last 50):  74.0% | Speed: 5,814 steps/s (113 fights/min) | Elapsed: 3983.2s
Battles: 7508/7800 | Vs: x        | Win Rate (Last 50):  74.0% | Speed: 5,813 steps/s (113 fights/min) | Elapsed: 3984.3s
Battles: 7510/7800 | Vs: nigo     | Win Rate (Last 50):  74.0% | Speed: 5,813 steps/s (113 fights/min) | Elapsed: 3985.4s
Battles: 7512/7800 | Vs: riderman | Win Rate (Last 50):  74.0% | Speed: 5,813 steps/s (113 fights/min) | Elapsed: 3986.7s
Battles: 7514/7800 | Vs: amazon   | Win Rate (Last 50):  72.0% | Speed: 5,813 steps/s (113 fights/min) | Elapsed: 3987.7s
Battles: 7516/7800 | Vs: v3       | Win Rate (Last 50):  70.0% | Speed: 5,812 steps/s (113 fights/min) | Elapsed: 3988.9s
Battles: 7518/7800 | Vs: x        | Win Rate (Last 50):  70.0% | Speed: 5,812 steps/s (113 fights/min) | Elapsed: 3990.0s
Battles: 7521/7800 | Vs: v3       | Win Rate (Last 50):  70.0% | Speed: 5,812 steps/s (113 fights/min) | Elapsed: 3991.6s
Battles: 7523/7800 | Vs: x        | Win Rate (Last 50):  70.0% | Speed: 5,812 steps/s (113 fights/min) | Elapsed: 3992.7s
Battles: 7526/7800 | Vs: v3       | Win Rate (Last 50):  72.0% | Speed: 5,811 steps/s (113 fights/min) | Elapsed: 3994.4s
Battles: 7528/7800 | Vs: x        | Win Rate (Last 50):  72.0% | Speed: 5,811 steps/s (113 fights/min) | Elapsed: 3995.5s
Battles: 7531/7800 | Vs: v3       | Win Rate (Last 50):  74.0% | Speed: 5,811 steps/s (113 fights/min) | Elapsed: 3997.0s
Battles: 7533/7800 | Vs: x        | Win Rate (Last 50):  74.0% | Speed: 5,810 steps/s (113 fights/min) | Elapsed: 3998.3s
Battles: 7535/7800 | Vs: nigo     | Win Rate (Last 50):  76.0% | Speed: 5,810 steps/s (113 fights/min) | Elapsed: 3999.3s
Battles: 7537/7800 | Vs: riderman | Win Rate (Last 50):  78.0% | Speed: 5,810 steps/s (113 fights/min) | Elapsed: 4000.5s
Battles: 7540/7800 | Vs: nigo     | Win Rate (Last 50):  80.0% | Speed: 5,810 steps/s (113 fights/min) | Elapsed: 4002.1s
Battles: 7542/7800 | Vs: riderman | Win Rate (Last 50):  80.0% | Speed: 5,809 steps/s (113 fights/min) | Elapsed: 4003.2s
Battles: 7544/7800 | Vs: amazon   | Win Rate (Last 50):  78.0% | Speed: 5,809 steps/s (113 fights/min) | Elapsed: 4004.5s
Battles: 7546/7800 | Vs: v3       | Win Rate (Last 50):  80.0% | Speed: 5,809 steps/s (113 fights/min) | Elapsed: 4005.6s
Battles: 7548/7800 | Vs: x        | Win Rate (Last 50):  82.0% | Speed: 5,809 steps/s (113 fights/min) | Elapsed: 4006.7s
Battles: 7550/7800 | Vs: nigo     | Win Rate (Last 50):  82.0% | Speed: 5,808 steps/s (113 fights/min) | Elapsed: 4007.8s
Battles: 7552/7800 | Vs: riderman | Win Rate (Last 50):  82.0% | Speed: 5,808 steps/s (113 fights/min) | Elapsed: 4009.1s
Battles: 7555/7800 | Vs: nigo     | Win Rate (Last 50):  82.0% | Speed: 5,808 steps/s (113 fights/min) | Elapsed: 4010.7s
Battles: 7557/7800 | Vs: riderman | Win Rate (Last 50):  84.0% | Speed: 5,808 steps/s (113 fights/min) | Elapsed: 4011.8s
Battles: 7559/7800 | Vs: amazon   | Win Rate (Last 50):  82.0% | Speed: 5,807 steps/s (113 fights/min) | Elapsed: 4012.9s
Battles: 7561/7800 | Vs: v3       | Win Rate (Last 50):  84.0% | Speed: 5,807 steps/s (113 fights/min) | Elapsed: 4014.1s
Battles: 7563/7800 | Vs: x        | Win Rate (Last 50):  86.0% | Speed: 5,807 steps/s (113 fights/min) | Elapsed: 4015.3s
Battles: 7565/7800 | Vs: nigo     | Win Rate (Last 50):  88.0% | Speed: 5,807 steps/s (113 fights/min) | Elapsed: 4016.4s
Battles: 7567/7800 | Vs: riderman | Win Rate (Last 50):  88.0% | Speed: 5,806 steps/s (113 fights/min) | Elapsed: 4017.5s
Battles: 7569/7800 | Vs: amazon   | Win Rate (Last 50):  86.0% | Speed: 5,806 steps/s (113 fights/min) | Elapsed: 4018.6s
Battles: 7571/7800 | Vs: v3       | Win Rate (Last 50):  88.0% | Speed: 5,806 steps/s (113 fights/min) | Elapsed: 4019.9s
Battles: 7573/7800 | Vs: x        | Win Rate (Last 50):  88.0% | Speed: 5,806 steps/s (113 fights/min) | Elapsed: 4020.9s
Battles: 7575/7800 | Vs: nigo     | Win Rate (Last 50):  86.0% | Speed: 5,805 steps/s (113 fights/min) | Elapsed: 4021.9s
Battles: 7577/7800 | Vs: riderman | Win Rate (Last 50):  86.0% | Speed: 5,805 steps/s (113 fights/min) | Elapsed: 4023.1s
Battles: 7579/7800 | Vs: amazon   | Win Rate (Last 50):  86.0% | Speed: 5,805 steps/s (113 fights/min) | Elapsed: 4024.2s
Battles: 7581/7800 | Vs: v3       | Win Rate (Last 50):  86.0% | Speed: 5,804 steps/s (112 fights/min) | Elapsed: 4025.6s
Battles: 7583/7800 | Vs: x        | Win Rate (Last 50):  82.0% | Speed: 5,804 steps/s (112 fights/min) | Elapsed: 4026.8s
Battles: 7586/7800 | Vs: v3       | Win Rate (Last 50):  82.0% | Speed: 5,804 steps/s (112 fights/min) | Elapsed: 4028.4s
Battles: 7588/7800 | Vs: x        | Win Rate (Last 50):  82.0% | Speed: 5,804 steps/s (112 fights/min) | Elapsed: 4029.5s
Battles: 7590/7800 | Vs: nigo     | Win Rate (Last 50):  82.0% | Speed: 5,804 steps/s (112 fights/min) | Elapsed: 4030.6s
Battles: 7592/7800 | Vs: riderman | Win Rate (Last 50):  82.0% | Speed: 5,803 steps/s (112 fights/min) | Elapsed: 4031.7s
Battles: 7594/7800 | Vs: amazon   | Win Rate (Last 50):  82.0% | Speed: 5,803 steps/s (112 fights/min) | Elapsed: 4032.8s
Battles: 7596/7800 | Vs: v3       | Win Rate (Last 50):  82.0% | Speed: 5,803 steps/s (112 fights/min) | Elapsed: 4034.0s
Battles: 7598/7800 | Vs: x        | Win Rate (Last 50):  82.0% | Speed: 5,803 steps/s (112 fights/min) | Elapsed: 4035.4s
Battles: 7601/7800 | Vs: v3       | Win Rate (Last 50):  86.0% | Speed: 5,802 steps/s (112 fights/min) | Elapsed: 4037.0s
Battles: 7604/7800 | Vs: amazon   | Win Rate (Last 50):  88.0% | Speed: 5,802 steps/s (112 fights/min) | Elapsed: 4038.4s
Battles: 7606/7800 | Vs: v3       | Win Rate (Last 50):  86.0% | Speed: 5,802 steps/s (112 fights/min) | Elapsed: 4039.6s
Battles: 7609/7800 | Vs: amazon   | Win Rate (Last 50):  88.0% | Speed: 5,801 steps/s (112 fights/min) | Elapsed: 4041.1s
Battles: 7611/7800 | Vs: v3       | Win Rate (Last 50):  86.0% | Speed: 5,801 steps/s (112 fights/min) | Elapsed: 4042.3s
Battles: 7613/7800 | Vs: x        | Win Rate (Last 50):  86.0% | Speed: 5,801 steps/s (112 fights/min) | Elapsed: 4043.4s
Battles: 7615/7800 | Vs: nigo     | Win Rate (Last 50):  84.0% | Speed: 5,801 steps/s (112 fights/min) | Elapsed: 4044.5s
Battles: 7617/7800 | Vs: riderman | Win Rate (Last 50):  84.0% | Speed: 5,800 steps/s (112 fights/min) | Elapsed: 4045.7s
Battles: 7620/7800 | Vs: nigo     | Win Rate (Last 50):  84.0% | Speed: 5,800 steps/s (112 fights/min) | Elapsed: 4047.3s
Battles: 7622/7800 | Vs: riderman | Win Rate (Last 50):  82.0% | Speed: 5,800 steps/s (112 fights/min) | Elapsed: 4048.4s
Battles: 7624/7800 | Vs: amazon   | Win Rate (Last 50):  82.0% | Speed: 5,800 steps/s (112 fights/min) | Elapsed: 4049.5s
Battles: 7626/7800 | Vs: v3       | Win Rate (Last 50):  84.0% | Speed: 5,799 steps/s (112 fights/min) | Elapsed: 4050.7s
Battles: 7628/7800 | Vs: x        | Win Rate (Last 50):  84.0% | Speed: 5,799 steps/s (112 fights/min) | Elapsed: 4051.7s
Battles: 7630/7800 | Vs: nigo     | Win Rate (Last 50):  84.0% | Speed: 5,799 steps/s (112 fights/min) | Elapsed: 4052.8s
Battles: 7632/7800 | Vs: riderman | Win Rate (Last 50):  86.0% | Speed: 5,799 steps/s (112 fights/min) | Elapsed: 4053.9s
Battles: 7635/7800 | Vs: nigo     | Win Rate (Last 50):  86.0% | Speed: 5,798 steps/s (112 fights/min) | Elapsed: 4055.5s
Battles: 7637/7800 | Vs: riderman | Win Rate (Last 50):  86.0% | Speed: 5,798 steps/s (112 fights/min) | Elapsed: 4056.7s
Battles: 7639/7800 | Vs: amazon   | Win Rate (Last 50):  86.0% | Speed: 5,798 steps/s (112 fights/min) | Elapsed: 4057.7s
Battles: 7641/7800 | Vs: v3       | Win Rate (Last 50):  84.0% | Speed: 5,798 steps/s (112 fights/min) | Elapsed: 4059.0s
Battles: 7643/7800 | Vs: x        | Win Rate (Last 50):  86.0% | Speed: 5,797 steps/s (112 fights/min) | Elapsed: 4060.0s
Battles: 7646/7800 | Vs: v3       | Win Rate (Last 50):  86.0% | Speed: 5,797 steps/s (112 fights/min) | Elapsed: 4061.6s
Battles: 7648/7800 | Vs: x        | Win Rate (Last 50):  86.0% | Speed: 5,797 steps/s (112 fights/min) | Elapsed: 4062.6s
Battles: 7650/7800 | Vs: nigo     | Win Rate (Last 50):  86.0% | Speed: 5,797 steps/s (112 fights/min) | Elapsed: 4063.7s
Battles: 7652/7800 | Vs: riderman | Win Rate (Last 50):  84.0% | Speed: 5,796 steps/s (112 fights/min) | Elapsed: 4064.9s
Battles: 7655/7800 | Vs: nigo     | Win Rate (Last 50):  86.0% | Speed: 5,796 steps/s (112 fights/min) | Elapsed: 4066.6s
Battles: 7658/7800 | Vs: x        | Win Rate (Last 50):  86.0% | Speed: 5,796 steps/s (112 fights/min) | Elapsed: 4068.2s
Battles: 7660/7800 | Vs: nigo     | Win Rate (Last 50):  88.0% | Speed: 5,795 steps/s (112 fights/min) | Elapsed: 4069.4s
Battles: 7662/7800 | Vs: riderman | Win Rate (Last 50):  88.0% | Speed: 5,795 steps/s (112 fights/min) | Elapsed: 4070.5s
Battles: 7665/7800 | Vs: nigo     | Win Rate (Last 50):  90.0% | Speed: 5,795 steps/s (112 fights/min) | Elapsed: 4072.0s
Battles: 7667/7800 | Vs: riderman | Win Rate (Last 50):  90.0% | Speed: 5,795 steps/s (112 fights/min) | Elapsed: 4073.1s
Battles: 7670/7800 | Vs: nigo     | Win Rate (Last 50):  90.0% | Speed: 5,795 steps/s (112 fights/min) | Elapsed: 4074.8s
Battles: 7672/7800 | Vs: riderman | Win Rate (Last 50):  92.0% | Speed: 5,794 steps/s (112 fights/min) | Elapsed: 4076.0s
Battles: 7674/7800 | Vs: amazon   | Win Rate (Last 50):  92.0% | Speed: 5,794 steps/s (112 fights/min) | Elapsed: 4077.1s
Battles: 7676/7800 | Vs: v3       | Win Rate (Last 50):  92.0% | Speed: 5,794 steps/s (112 fights/min) | Elapsed: 4078.2s
Battles: 7678/7800 | Vs: x        | Win Rate (Last 50):  92.0% | Speed: 5,794 steps/s (112 fights/min) | Elapsed: 4079.3s
Battles: 7680/7800 | Vs: nigo     | Win Rate (Last 50):  92.0% | Speed: 5,793 steps/s (112 fights/min) | Elapsed: 4080.5s
Battles: 7682/7800 | Vs: riderman | Win Rate (Last 50):  92.0% | Speed: 5,793 steps/s (112 fights/min) | Elapsed: 4081.6s
Battles: 7684/7800 | Vs: amazon   | Win Rate (Last 50):  94.0% | Speed: 5,793 steps/s (112 fights/min) | Elapsed: 4082.7s
Battles: 7686/7800 | Vs: v3       | Win Rate (Last 50):  92.0% | Speed: 5,793 steps/s (112 fights/min) | Elapsed: 4083.9s
Battles: 7688/7800 | Vs: x        | Win Rate (Last 50):  88.0% | Speed: 5,792 steps/s (112 fights/min) | Elapsed: 4085.1s
Battles: 7690/7800 | Vs: nigo     | Win Rate (Last 50):  90.0% | Speed: 5,792 steps/s (112 fights/min) | Elapsed: 4086.3s
Battles: 7692/7800 | Vs: riderman | Win Rate (Last 50):  86.0% | Speed: 5,792 steps/s (112 fights/min) | Elapsed: 4087.6s
Battles: 7694/7800 | Vs: amazon   | Win Rate (Last 50):  86.0% | Speed: 5,792 steps/s (112 fights/min) | Elapsed: 4088.7s
Battles: 7696/7800 | Vs: v3       | Win Rate (Last 50):  84.0% | Speed: 5,791 steps/s (112 fights/min) | Elapsed: 4090.0s
Battles: 7698/7800 | Vs: x        | Win Rate (Last 50):  84.0% | Speed: 5,791 steps/s (112 fights/min) | Elapsed: 4091.1s
Battles: 7700/7800 | Vs: nigo     | Win Rate (Last 50):  84.0% | Speed: 5,791 steps/s (112 fights/min) | Elapsed: 4092.2s
Battles: 7702/7800 | Vs: riderman | Win Rate (Last 50):  86.0% | Speed: 5,791 steps/s (112 fights/min) | Elapsed: 4093.3s
Battles: 7705/7800 | Vs: nigo     | Win Rate (Last 50):  82.0% | Speed: 5,790 steps/s (112 fights/min) | Elapsed: 4094.9s
Battles: 7707/7800 | Vs: riderman | Win Rate (Last 50):  82.0% | Speed: 5,790 steps/s (112 fights/min) | Elapsed: 4096.0s
Battles: 7709/7800 | Vs: amazon   | Win Rate (Last 50):  82.0% | Speed: 5,790 steps/s (112 fights/min) | Elapsed: 4097.4s
Battles: 7711/7800 | Vs: v3       | Win Rate (Last 50):  80.0% | Speed: 5,789 steps/s (112 fights/min) | Elapsed: 4098.7s
Battles: 7713/7800 | Vs: x        | Win Rate (Last 50):  80.0% | Speed: 5,789 steps/s (112 fights/min) | Elapsed: 4099.8s
Battles: 7715/7800 | Vs: nigo     | Win Rate (Last 50):  78.0% | Speed: 5,789 steps/s (112 fights/min) | Elapsed: 4100.9s
Battles: 7717/7800 | Vs: riderman | Win Rate (Last 50):  76.0% | Speed: 5,789 steps/s (112 fights/min) | Elapsed: 4102.0s
Battles: 7719/7800 | Vs: amazon   | Win Rate (Last 50):  76.0% | Speed: 5,789 steps/s (112 fights/min) | Elapsed: 4103.2s
Battles: 7721/7800 | Vs: v3       | Win Rate (Last 50):  76.0% | Speed: 5,788 steps/s (112 fights/min) | Elapsed: 4104.4s
Battles: 7723/7800 | Vs: x        | Win Rate (Last 50):  76.0% | Speed: 5,788 steps/s (112 fights/min) | Elapsed: 4105.6s
Battles: 7725/7800 | Vs: nigo     | Win Rate (Last 50):  76.0% | Speed: 5,788 steps/s (112 fights/min) | Elapsed: 4106.6s
Battles: 7727/7800 | Vs: riderman | Win Rate (Last 50):  74.0% | Speed: 5,788 steps/s (112 fights/min) | Elapsed: 4107.9s
Battles: 7729/7800 | Vs: amazon   | Win Rate (Last 50):  74.0% | Speed: 5,787 steps/s (112 fights/min) | Elapsed: 4109.0s
Battles: 7731/7800 | Vs: v3       | Win Rate (Last 50):  72.0% | Speed: 5,787 steps/s (112 fights/min) | Elapsed: 4110.2s
Battles: 7733/7800 | Vs: x        | Win Rate (Last 50):  68.0% | Speed: 5,787 steps/s (112 fights/min) | Elapsed: 4111.4s
Battles: 7736/7800 | Vs: v3       | Win Rate (Last 50):  68.0% | Speed: 5,787 steps/s (112 fights/min) | Elapsed: 4112.8s
Battles: 7738/7800 | Vs: x        | Win Rate (Last 50):  72.0% | Speed: 5,787 steps/s (112 fights/min) | Elapsed: 4114.1s
Battles: 7740/7800 | Vs: nigo     | Win Rate (Last 50):  72.0% | Speed: 5,786 steps/s (112 fights/min) | Elapsed: 4115.2s
Battles: 7742/7800 | Vs: riderman | Win Rate (Last 50):  76.0% | Speed: 5,786 steps/s (112 fights/min) | Elapsed: 4116.3s
Battles: 7744/7800 | Vs: amazon   | Win Rate (Last 50):  76.0% | Speed: 5,786 steps/s (112 fights/min) | Elapsed: 4117.4s
Battles: 7746/7800 | Vs: v3       | Win Rate (Last 50):  76.0% | Speed: 5,786 steps/s (112 fights/min) | Elapsed: 4118.8s
Battles: 7748/7800 | Vs: x        | Win Rate (Last 50):  76.0% | Speed: 5,785 steps/s (112 fights/min) | Elapsed: 4120.0s
Battles: 7751/7800 | Vs: v3       | Win Rate (Last 50):  74.0% | Speed: 5,785 steps/s (112 fights/min) | Elapsed: 4121.6s
Battles: 7754/7800 | Vs: amazon   | Win Rate (Last 50):  76.0% | Speed: 5,785 steps/s (112 fights/min) | Elapsed: 4123.0s
Battles: 7756/7800 | Vs: v3       | Win Rate (Last 50):  76.0% | Speed: 5,785 steps/s (112 fights/min) | Elapsed: 4124.2s
Battles: 7758/7800 | Vs: x        | Win Rate (Last 50):  76.0% | Speed: 5,784 steps/s (112 fights/min) | Elapsed: 4125.4s
Battles: 7760/7800 | Vs: nigo     | Win Rate (Last 50):  76.0% | Speed: 5,784 steps/s (112 fights/min) | Elapsed: 4126.5s
Battles: 7762/7800 | Vs: riderman | Win Rate (Last 50):  76.0% | Speed: 5,784 steps/s (112 fights/min) | Elapsed: 4127.6s
Battles: 7764/7800 | Vs: amazon   | Win Rate (Last 50):  76.0% | Speed: 5,784 steps/s (112 fights/min) | Elapsed: 4128.8s
Battles: 7766/7800 | Vs: v3       | Win Rate (Last 50):  78.0% | Speed: 5,783 steps/s (112 fights/min) | Elapsed: 4130.1s
Battles: 7768/7800 | Vs: x        | Win Rate (Last 50):  78.0% | Speed: 5,783 steps/s (112 fights/min) | Elapsed: 4131.2s
Battles: 7770/7800 | Vs: nigo     | Win Rate (Last 50):  78.0% | Speed: 5,783 steps/s (112 fights/min) | Elapsed: 4132.2s
Battles: 7772/7800 | Vs: riderman | Win Rate (Last 50):  76.0% | Speed: 5,783 steps/s (112 fights/min) | Elapsed: 4133.3s
Battles: 7774/7800 | Vs: amazon   | Win Rate (Last 50):  74.0% | Speed: 5,783 steps/s (112 fights/min) | Elapsed: 4134.3s
Battles: 7776/7800 | Vs: v3       | Win Rate (Last 50):  76.0% | Speed: 5,782 steps/s (112 fights/min) | Elapsed: 4135.5s
Battles: 7778/7800 | Vs: x        | Win Rate (Last 50):  74.0% | Speed: 5,782 steps/s (112 fights/min) | Elapsed: 4136.7s
Battles: 7780/7800 | Vs: nigo     | Win Rate (Last 50):  74.0% | Speed: 5,782 steps/s (112 fights/min) | Elapsed: 4137.9s
Battles: 7782/7800 | Vs: riderman | Win Rate (Last 50):  74.0% | Speed: 5,782 steps/s (112 fights/min) | Elapsed: 4139.2s
Battles: 7784/7800 | Vs: amazon   | Win Rate (Last 50):  76.0% | Speed: 5,781 steps/s (112 fights/min) | Elapsed: 4140.3s
Battles: 7786/7800 | Vs: v3       | Win Rate (Last 50):  78.0% | Speed: 5,781 steps/s (112 fights/min) | Elapsed: 4141.5s
Battles: 7788/7800 | Vs: x        | Win Rate (Last 50):  76.0% | Speed: 5,781 steps/s (112 fights/min) | Elapsed: 4142.8s
Battles: 7790/7800 | Vs: nigo     | Win Rate (Last 50):  74.0% | Speed: 5,781 steps/s (112 fights/min) | Elapsed: 4143.9s
Battles: 7792/7800 | Vs: riderman | Win Rate (Last 50):  72.0% | Speed: 5,781 steps/s (112 fights/min) | Elapsed: 4145.0s
Battles: 7794/7800 | Vs: amazon   | Win Rate (Last 50):  72.0% | Speed: 5,780 steps/s (112 fights/min) | Elapsed: 4146.3s
Battles: 7796/7800 | Vs: v3       | Win Rate (Last 50):  70.0% | Speed: 5,780 steps/s (112 fights/min) | Elapsed: 4147.5s
Battles: 7798/7800 | Vs: x        | Win Rate (Last 50):  70.0% | Speed: 5,780 steps/s (112 fights/min) | Elapsed: 4148.7s
Battles: 7800/7800 | Vs: nigo     | Win Rate (Last 50):  68.0% | Speed: 5,780 steps/s (112 fights/min) | Elapsed: 4149.7s

[Export] Successfully saved trained weights to data/wt_ichigo_nn.json!
